,hqid,qid,category,l2_category,question,answer,correct,Timestamp,subj,Score,question_hm,answer_hm
0,0,664,instance reasoning,single-instance reasoning,"Where is the woman's blue bag located in the image?
Options: A: In her hand, B: On her shoulder, C: On the ground, D: Inside the man's bag",B,True,2025-11-04 16:37:21.079,Winnie,0,"Where is the woman's blue bag located in the image?
 Options: A: In her hand, B: On her shoulder, C: On the ground, D: Inside the man's bag",B
1,0,664,instance reasoning,single-instance reasoning,"Where is the woman's blue bag located in the image?
Options: A: In her hand, B: On her shoulder, C: On the ground, D: Inside the man's bag",B,True,2025-11-04 16:55:47.964,JJH,0,"Where is the woman's blue bag located in the image?
 Options: A: In her hand, B: On her shoulder, C: On the ground, D: Inside the man's bag",B
2,0,664,instance reasoning,single-instance reasoning,"Where is the woman's blue bag located in the image?
Options: A: In her hand, B: On her shoulder, C: On the ground, D: Inside the man's bag",B,True,2025-11-04 17:09:00.783,Lee,0,"Where is the woman's blue bag located in the image?
 Options: A: In her hand, B: On her shoulder, C: On the ground, D: Inside the man's bag",B
3,0,664,instance reasoning,single-instance reasoning,"Where is the woman's blue bag located in the image?
Options: A: In her hand, B: On her shoulder, C: On the ground, D: Inside the man's bag",B,False,2025-11-04 17:16:55.232,성민석,0,"Where is the woman's blue bag located in the image?
 Options: A: In her hand, B: On her shoulder, C: On the ground, D: Inside the man's bag",A
4,0,664,instance reasoning,single-instance reasoning,"Where is the woman's blue bag located in the image?
Options: A: In her hand, B: On her shoulder, C: On the ground, D: Inside the man's bag",B,True,2025-11-04 18:35:45.170,EJ,0,"Where is the woman's blue bag located in the image?
 Options: A: In her hand, B: On her shoulder, C: On the ground, D: Inside the man's bag",B
5,0,664,instance reasoning,single-instance reasoning,"Where is the woman's blue bag located in the image?
Options: A: In her hand, B: On her shoulder, C: On the ground, D: Inside the man's bag",B,False,2025-11-04 19:47:12.130,배재형,0,"Where is the woman's blue bag located in the image?
 Options: A: In her hand, B: On her shoulder, C: On the ground, D: Inside the man's bag",C
6,0,664,instance reasoning,single-instance reasoning,"Where is the woman's blue bag located in the image?
Options: A: In her hand, B: On her shoulder, C: On the ground, D: Inside the man's bag",B,False,2025-11-05 00:48:32.876,박지윤,0,"Where is the woman's blue bag located in the image?
 Options: A: In her hand, B: On her shoulder, C: On the ground, D: Inside the man's bag",A
7,0,664,instance reasoning,single-instance reasoning,"Where is the woman's blue bag located in the image?
Options: A: In her hand, B: On her shoulder, C: On the ground, D: Inside the man's bag",B,True,2025-11-05 01:48:20.004,박호조,0,"Where is the woman's blue bag located in the image?
 Options: A: In her hand, B: On her shoulder, C: On the ground, D: Inside the man's bag",B
8,0,664,instance reasoning,single-instance reasoning,"Where is the woman's blue bag located in the image?
Options: A: In her hand, B: On her shoulder, C: On the ground, D: Inside the man's bag",B,True,2025-11-10 18:47:19.220,J,0,"Where is the woman's blue bag located in the image?
 Options: A: In her hand, B: On her shoulder, C: On the ground, D: Inside the man's bag",B
9,0,664,instance reasoning,single-instance reasoning,"Where is the woman's blue bag located in the image?
Options: A: In her hand, B: On her shoulder, C: On the ground, D: Inside the man's bag",B,False,2025-11-11 15:27:53.412, KDY,0,"Where is the woman's blue bag located in the image?
 Options: A: In her hand, B: On her shoulder, C: On the ground, D: Inside the man's bag",A
10,0,664,instance reasoning,single-instance reasoning,"Where is the woman's blue bag located in the image?
Options: A: In her hand, B: On her shoulder, C: On the ground, D: Inside the man's bag",B,False,2025-11-11 20:35:43.975,Kathy,0,"Where is the woman's blue bag located in the image?
 Options: A: In her hand, B: On her shoulder, C: On the ground, D: Inside the man's bag",A
11,0,664,instance reasoning,single-instance reasoning,"Where is the woman's blue bag located in the image?
Options: A: In her hand, B: On her shoulder, C: On the ground, D: Inside the man's bag",B,False,2025-11-13 17:20:30.179,JMG,0,"Where is the woman's blue bag located in the image?
 Options: A: In her hand, B: On her shoulder, C: On the ground, D: Inside the man's bag",C
12,0,664,instance reasoning,single-instance reasoning,"Where is the woman's blue bag located in the image?
Options: A: In her hand, B: On her shoulder, C: On the ground, D: Inside the man's bag",B,False,2025-11-14 21:27:23.659,조희승,0,"Where is the woman's blue bag located in the image?
 Options: A: In her hand, B: On her shoulder, C: On the ground, D: Inside the man's bag",A
13,1,6,coarse perception,image emotion,"What feeling is shown in this image?
Options: A: engaged, B: lonely, C: angry, D: supportive",B,False,2025-11-04 16:37:21.079,Winnie,0,"What feeling is shown in this image?
 Options: A: engaged, B: lonely, C: angry, D: supportive",D
14,1,6,coarse perception,image emotion,"What feeling is shown in this image?
Options: A: engaged, B: lonely, C: angry, D: supportive",B,False,2025-11-04 16:55:47.964,JJH,0,"What feeling is shown in this image?
 Options: A: engaged, B: lonely, C: angry, D: supportive",A
15,1,6,coarse perception,image emotion,"What feeling is shown in this image?
Options: A: engaged, B: lonely, C: angry, D: supportive",B,False,2025-11-04 17:09:00.783,Lee,0,"What feeling is shown in this image?
 Options: A: engaged, B: lonely, C: angry, D: supportive",A
16,1,6,coarse perception,image emotion,"What feeling is shown in this image?
Options: A: engaged, B: lonely, C: angry, D: supportive",B,True,2025-11-04 17:16:55.232,성민석,0,"What feeling is shown in this image?
 Options: A: engaged, B: lonely, C: angry, D: supportive",B
17,1,6,coarse perception,image emotion,"What feeling is shown in this image?
Options: A: engaged, B: lonely, C: angry, D: supportive",B,False,2025-11-04 18:35:45.170,EJ,0,"What feeling is shown in this image?
 Options: A: engaged, B: lonely, C: angry, D: supportive",C
18,1,6,coarse perception,image emotion,"What feeling is shown in this image?
Options: A: engaged, B: lonely, C: angry, D: supportive",B,False,2025-11-04 19:47:12.130,배재형,0,"What feeling is shown in this image?
 Options: A: engaged, B: lonely, C: angry, D: supportive",D
19,1,6,coarse perception,image emotion,"What feeling is shown in this image?
Options: A: engaged, B: lonely, C: angry, D: supportive",B,True,2025-11-05 00:48:32.876,박지윤,0,"What feeling is shown in this image?
 Options: A: engaged, B: lonely, C: angry, D: supportive",B
20,1,6,coarse perception,image emotion,"What feeling is shown in this image?
Options: A: engaged, B: lonely, C: angry, D: supportive",B,False,2025-11-05 01:48:20.004,박호조,0,"What feeling is shown in this image?
 Options: A: engaged, B: lonely, C: angry, D: supportive",A
21,1,6,coarse perception,image emotion,"What feeling is shown in this image?
Options: A: engaged, B: lonely, C: angry, D: supportive",B,False,2025-11-10 18:47:19.220,J,0,"What feeling is shown in this image?
 Options: A: engaged, B: lonely, C: angry, D: supportive",A
22,1,6,coarse perception,image emotion,"What feeling is shown in this image?
Options: A: engaged, B: lonely, C: angry, D: supportive",B,True,2025-11-11 15:27:53.412, KDY,0,"What feeling is shown in this image?
 Options: A: engaged, B: lonely, C: angry, D: supportive",B
23,1,6,coarse perception,image emotion,"What feeling is shown in this image?
Options: A: engaged, B: lonely, C: angry, D: supportive",B,False,2025-11-11 20:35:43.975,Kathy,0,"What feeling is shown in this image?
 Options: A: engaged, B: lonely, C: angry, D: supportive",A
24,1,6,coarse perception,image emotion,"What feeling is shown in this image?
Options: A: engaged, B: lonely, C: angry, D: supportive",B,False,2025-11-13 17:20:30.179,JMG,0,"What feeling is shown in this image?
 Options: A: engaged, B: lonely, C: angry, D: supportive",D
25,1,6,coarse perception,image emotion,"What feeling is shown in this image?
Options: A: engaged, B: lonely, C: angry, D: supportive",B,True,2025-11-14 21:27:23.659,조희승,0,"What feeling is shown in this image?
 Options: A: engaged, B: lonely, C: angry, D: supportive",B
26,2,662,instance reasoning,single-instance reasoning,"Where is the rug in the living room located?
Options: A: Next to the door, B: Under the table, C: In front of the window, D: Under the couch",D,False,2025-11-04 16:37:21.079,Winnie,0,"Where is the rug in the living room located?
 Options: A: Next to the door, B: Under the table, C: In front of the window, D: Under the couch",B
27,2,662,instance reasoning,single-instance reasoning,"Where is the rug in the living room located?
Options: A: Next to the door, B: Under the table, C: In front of the window, D: Under the couch",D,True,2025-11-04 16:55:47.964,JJH,0,"Where is the rug in the living room located?
 Options: A: Next to the door, B: Under the table, C: In front of the window, D: Under the couch",D
28,2,662,instance reasoning,single-instance reasoning,"Where is the rug in the living room located?
Options: A: Next to the door, B: Under the table, C: In front of the window, D: Under the couch",D,True,2025-11-04 17:09:00.783,Lee,0,"Where is the rug in the living room located?
 Options: A: Next to the door, B: Under the table, C: In front of the window, D: Under the couch",D
29,2,662,instance reasoning,single-instance reasoning,"Where is the rug in the living room located?
Options: A: Next to the door, B: Under the table, C: In front of the window, D: Under the couch",D,True,2025-11-04 17:16:55.232,성민석,0,"Where is the rug in the living room located?
 Options: A: Next to the door, B: Under the table, C: In front of the window, D: Under the couch",D
30,2,662,instance reasoning,single-instance reasoning,"Where is the rug in the living room located?
Options: A: Next to the door, B: Under the table, C: In front of the window, D: Under the couch",D,True,2025-11-04 18:35:45.170,EJ,0,"Where is the rug in the living room located?
 Options: A: Next to the door, B: Under the table, C: In front of the window, D: Under the couch",D
31,2,662,instance reasoning,single-instance reasoning,"Where is the rug in the living room located?
Options: A: Next to the door, B: Under the table, C: In front of the window, D: Under the couch",D,False,2025-11-04 19:47:12.130,배재형,0,"Where is the rug in the living room located?
 Options: A: Next to the door, B: Under the table, C: In front of the window, D: Under the couch",A
32,2,662,instance reasoning,single-instance reasoning,"Where is the rug in the living room located?
Options: A: Next to the door, B: Under the table, C: In front of the window, D: Under the couch",D,False,2025-11-05 00:48:32.876,박지윤,0,"Where is the rug in the living room located?
 Options: A: Next to the door, B: Under the table, C: In front of the window, D: Under the couch",A
33,2,662,instance reasoning,single-instance reasoning,"Where is the rug in the living room located?
Options: A: Next to the door, B: Under the table, C: In front of the window, D: Under the couch",D,False,2025-11-05 01:48:20.004,박호조,0,"Where is the rug in the living room located?
 Options: A: Next to the door, B: Under the table, C: In front of the window, D: Under the couch",C
34,2,662,instance reasoning,single-instance reasoning,"Where is the rug in the living room located?
Options: A: Next to the door, B: Under the table, C: In front of the window, D: Under the couch",D,False,2025-11-10 18:47:19.220,J,0,"Where is the rug in the living room located?
 Options: A: Next to the door, B: Under the table, C: In front of the window, D: Under the couch",B
35,2,662,instance reasoning,single-instance reasoning,"Where is the rug in the living room located?
Options: A: Next to the door, B: Under the table, C: In front of the window, D: Under the couch",D,False,2025-11-11 15:27:53.412, KDY,0,"Where is the rug in the living room located?
 Options: A: Next to the door, B: Under the table, C: In front of the window, D: Under the couch",A
36,2,662,instance reasoning,single-instance reasoning,"Where is the rug in the living room located?
Options: A: Next to the door, B: Under the table, C: In front of the window, D: Under the couch",D,True,2025-11-11 20:35:43.975,Kathy,0,"Where is the rug in the living room located?
 Options: A: Next to the door, B: Under the table, C: In front of the window, D: Under the couch",D
37,2,662,instance reasoning,single-instance reasoning,"Where is the rug in the living room located?
Options: A: Next to the door, B: Under the table, C: In front of the window, D: Under the couch",D,False,2025-11-13 17:20:30.179,JMG,0,"Where is the rug in the living room located?
 Options: A: Next to the door, B: Under the table, C: In front of the window, D: Under the couch",B
38,2,662,instance reasoning,single-instance reasoning,"Where is the rug in the living room located?
Options: A: Next to the door, B: Under the table, C: In front of the window, D: Under the couch",D,False,2025-11-14 21:27:23.659,조희승,0,"Where is the rug in the living room located?
 Options: A: Next to the door, B: Under the table, C: In front of the window, D: Under the couch",B
39,3,773,logical reasoning,common reasoning,"Is there a teddy bear in the image?
Options: A: Can't tell, B: No, C: Yes, D: Maybe",B,False,2025-11-04 16:37:21.079,Winnie,0,"Is there a teddy bear in the image?
 Options: A: Can't tell, B: No, C: Yes, D: Maybe",C
40,3,773,logical reasoning,common reasoning,"Is there a teddy bear in the image?
Options: A: Can't tell, B: No, C: Yes, D: Maybe",B,False,2025-11-04 16:55:47.964,JJH,0,"Is there a teddy bear in the image?
 Options: A: Can't tell, B: No, C: Yes, D: Maybe",D
41,3,773,logical reasoning,common reasoning,"Is there a teddy bear in the image?
Options: A: Can't tell, B: No, C: Yes, D: Maybe",B,True,2025-11-04 17:09:00.783,Lee,0,"Is there a teddy bear in the image?
 Options: A: Can't tell, B: No, C: Yes, D: Maybe",B
42,3,773,logical reasoning,common reasoning,"Is there a teddy bear in the image?
Options: A: Can't tell, B: No, C: Yes, D: Maybe",B,False,2025-11-04 17:16:55.232,성민석,0,"Is there a teddy bear in the image?
 Options: A: Can't tell, B: No, C: Yes, D: Maybe",A
43,3,773,logical reasoning,common reasoning,"Is there a teddy bear in the image?
Options: A: Can't tell, B: No, C: Yes, D: Maybe",B,False,2025-11-04 18:35:45.170,EJ,0,"Is there a teddy bear in the image?
 Options: A: Can't tell, B: No, C: Yes, D: Maybe",A
44,3,773,logical reasoning,common reasoning,"Is there a teddy bear in the image?
Options: A: Can't tell, B: No, C: Yes, D: Maybe",B,False,2025-11-04 19:47:12.130,배재형,0,"Is there a teddy bear in the image?
 Options: A: Can't tell, B: No, C: Yes, D: Maybe",C
45,3,773,logical reasoning,common reasoning,"Is there a teddy bear in the image?
Options: A: Can't tell, B: No, C: Yes, D: Maybe",B,False,2025-11-05 00:48:32.876,박지윤,0,"Is there a teddy bear in the image?
 Options: A: Can't tell, B: No, C: Yes, D: Maybe",A
46,3,773,logical reasoning,common reasoning,"Is there a teddy bear in the image?
Options: A: Can't tell, B: No, C: Yes, D: Maybe",B,False,2025-11-05 01:48:20.004,박호조,0,"Is there a teddy bear in the image?
 Options: A: Can't tell, B: No, C: Yes, D: Maybe",A
47,3,773,logical reasoning,common reasoning,"Is there a teddy bear in the image?
Options: A: Can't tell, B: No, C: Yes, D: Maybe",B,True,2025-11-10 18:47:19.220,J,0,"Is there a teddy bear in the image?
 Options: A: Can't tell, B: No, C: Yes, D: Maybe",B
48,3,773,logical reasoning,common reasoning,"Is there a teddy bear in the image?
Options: A: Can't tell, B: No, C: Yes, D: Maybe",B,False,2025-11-11 15:27:53.412, KDY,0,"Is there a teddy bear in the image?
 Options: A: Can't tell, B: No, C: Yes, D: Maybe",C
49,3,773,logical reasoning,common reasoning,"Is there a teddy bear in the image?
Options: A: Can't tell, B: No, C: Yes, D: Maybe",B,False,2025-11-11 20:35:43.975,Kathy,0,"Is there a teddy bear in the image?
 Options: A: Can't tell, B: No, C: Yes, D: Maybe",A
50,3,773,logical reasoning,common reasoning,"Is there a teddy bear in the image?
Options: A: Can't tell, B: No, C: Yes, D: Maybe",B,False,2025-11-13 17:20:30.179,JMG,0,"Is there a teddy bear in the image?
 Options: A: Can't tell, B: No, C: Yes, D: Maybe",D
51,3,773,logical reasoning,common reasoning,"Is there a teddy bear in the image?
Options: A: Can't tell, B: No, C: Yes, D: Maybe",B,True,2025-11-14 21:27:23.659,조희승,0,"Is there a teddy bear in the image?
 Options: A: Can't tell, B: No, C: Yes, D: Maybe",B
52,4,774,logical reasoning,common reasoning,"The object shown in this figure:
Options: A: Is a metallic element that is essential for life and commonly used in construction and manufacturing, B: Has a relatively low melting point of around 1,538°C, C: Is the most abundant element by mass in Earth's core, D: All of these options are correct.",D,False,2025-11-04 16:37:21.079,Winnie,0,"What is the relationship between the people in the image?
 Options: A: commercial, B: professional, C: friends, D: family",C
53,4,774,logical reasoning,common reasoning,"The object shown in this figure:
Options: A: Is a metallic element that is essential for life and commonly used in construction and manufacturing, B: Has a relatively low melting point of around 1,538°C, C: Is the most abundant element by mass in Earth's core, D: All of these options are correct.",D,False,2025-11-04 16:55:47.964,JJH,0,"What is the relationship between the people in the image?
 Options: A: commercial, B: professional, C: friends, D: family",A
54,4,774,logical reasoning,common reasoning,"The object shown in this figure:
Options: A: Is a metallic element that is essential for life and commonly used in construction and manufacturing, B: Has a relatively low melting point of around 1,538°C, C: Is the most abundant element by mass in Earth's core, D: All of these options are correct.",D,True,2025-11-04 17:09:00.783,Lee,0,"What is the relationship between the people in the image?
 Options: A: commercial, B: professional, C: friends, D: family",D
55,4,774,logical reasoning,common reasoning,"The object shown in this figure:
Options: A: Is a metallic element that is essential for life and commonly used in construction and manufacturing, B: Has a relatively low melting point of around 1,538°C, C: Is the most abundant element by mass in Earth's core, D: All of these options are correct.",D,False,2025-11-04 17:16:55.232,성민석,0,"What is the relationship between the people in the image?
 Options: A: commercial, B: professional, C: friends, D: family",C
56,4,774,logical reasoning,common reasoning,"The object shown in this figure:
Options: A: Is a metallic element that is essential for life and commonly used in construction and manufacturing, B: Has a relatively low melting point of around 1,538°C, C: Is the most abundant element by mass in Earth's core, D: All of these options are correct.",D,False,2025-11-04 18:35:45.170,EJ,0,"What is the relationship between the people in the image?
 Options: A: commercial, B: professional, C: friends, D: family",C
57,4,774,logical reasoning,common reasoning,"The object shown in this figure:
Options: A: Is a metallic element that is essential for life and commonly used in construction and manufacturing, B: Has a relatively low melting point of around 1,538°C, C: Is the most abundant element by mass in Earth's core, D: All of these options are correct.",D,False,2025-11-04 19:47:12.130,배재형,0,"What is the relationship between the people in the image?
 Options: A: commercial, B: professional, C: friends, D: family",C
58,4,774,logical reasoning,common reasoning,"The object shown in this figure:
Options: A: Is a metallic element that is essential for life and commonly used in construction and manufacturing, B: Has a relatively low melting point of around 1,538°C, C: Is the most abundant element by mass in Earth's core, D: All of these options are correct.",D,True,2025-11-05 00:48:32.876,박지윤,0,"What is the relationship between the people in the image?
 Options: A: commercial, B: professional, C: friends, D: family",D
59,4,774,logical reasoning,common reasoning,"The object shown in this figure:
Options: A: Is a metallic element that is essential for life and commonly used in construction and manufacturing, B: Has a relatively low melting point of around 1,538°C, C: Is the most abundant element by mass in Earth's core, D: All of these options are correct.",D,False,2025-11-05 01:48:20.004,박호조,0,"What is the relationship between the people in the image?
 Options: A: commercial, B: professional, C: friends, D: family",C
60,4,774,logical reasoning,common reasoning,"The object shown in this figure:
Options: A: Is a metallic element that is essential for life and commonly used in construction and manufacturing, B: Has a relatively low melting point of around 1,538°C, C: Is the most abundant element by mass in Earth's core, D: All of these options are correct.",D,False,2025-11-10 18:47:19.220,J,0,"What is the relationship between the people in the image?
 Options: A: commercial, B: professional, C: friends, D: family",C
61,4,774,logical reasoning,common reasoning,"The object shown in this figure:
Options: A: Is a metallic element that is essential for life and commonly used in construction and manufacturing, B: Has a relatively low melting point of around 1,538°C, C: Is the most abundant element by mass in Earth's core, D: All of these options are correct.",D,False,2025-11-11 15:27:53.412, KDY,0,"What is the relationship between the people in the image?
 Options: A: commercial, B: professional, C: friends, D: family",C
62,4,774,logical reasoning,common reasoning,"The object shown in this figure:
Options: A: Is a metallic element that is essential for life and commonly used in construction and manufacturing, B: Has a relatively low melting point of around 1,538°C, C: Is the most abundant element by mass in Earth's core, D: All of these options are correct.",D,False,2025-11-11 20:35:43.975,Kathy,0,"What is the relationship between the people in the image?
 Options: A: commercial, B: professional, C: friends, D: family",C
63,4,774,logical reasoning,common reasoning,"The object shown in this figure:
Options: A: Is a metallic element that is essential for life and commonly used in construction and manufacturing, B: Has a relatively low melting point of around 1,538°C, C: Is the most abundant element by mass in Earth's core, D: All of these options are correct.",D,False,2025-11-13 17:20:30.179,JMG,0,"What is the relationship between the people in the image?
 Options: A: commercial, B: professional, C: friends, D: family",C
64,4,774,logical reasoning,common reasoning,"The object shown in this figure:
Options: A: Is a metallic element that is essential for life and commonly used in construction and manufacturing, B: Has a relatively low melting point of around 1,538°C, C: Is the most abundant element by mass in Earth's core, D: All of these options are correct.",D,False,2025-11-14 21:27:23.659,조희승,0,"What is the relationship between the people in the image?
 Options: A: commercial, B: professional, C: friends, D: family",C
65,5,1150,math,statistical reasoning,"Hint: Please answer the question and provide the correct option letter, e.g., A, B, C, D, at the end.
Question: What is the minimum age group shown in the ‘plots’?
Choices:
(A) 11-15
(B) 21-25
(C) 0-5
(D) 16-20",C,False,2025-11-04 16:37:21.079,Winnie,0,"In the picture, which direction is the baby facing?
 Options: A: left, B: right, C: up, D: down",A
66,5,1150,math,statistical reasoning,"Hint: Please answer the question and provide the correct option letter, e.g., A, B, C, D, at the end.
Question: What is the minimum age group shown in the ‘plots’?
Choices:
(A) 11-15
(B) 21-25
(C) 0-5
(D) 16-20",C,False,2025-11-04 16:55:47.964,JJH,0,"In the picture, which direction is the baby facing?
 Options: A: left, B: right, C: up, D: down",A
67,5,1150,math,statistical reasoning,"Hint: Please answer the question and provide the correct option letter, e.g., A, B, C, D, at the end.
Question: What is the minimum age group shown in the ‘plots’?
Choices:
(A) 11-15
(B) 21-25
(C) 0-5
(D) 16-20",C,False,2025-11-04 17:09:00.783,Lee,0,"In the picture, which direction is the baby facing?
 Options: A: left, B: right, C: up, D: down",B
68,5,1150,math,statistical reasoning,"Hint: Please answer the question and provide the correct option letter, e.g., A, B, C, D, at the end.
Question: What is the minimum age group shown in the ‘plots’?
Choices:
(A) 11-15
(B) 21-25
(C) 0-5
(D) 16-20",C,True,2025-11-04 17:16:55.232,성민석,0,"In the picture, which direction is the baby facing?
 Options: A: left, B: right, C: up, D: down",C
69,5,1150,math,statistical reasoning,"Hint: Please answer the question and provide the correct option letter, e.g., A, B, C, D, at the end.
Question: What is the minimum age group shown in the ‘plots’?
Choices:
(A) 11-15
(B) 21-25
(C) 0-5
(D) 16-20",C,False,2025-11-04 18:35:45.170,EJ,0,"In the picture, which direction is the baby facing?
 Options: A: left, B: right, C: up, D: down",D
70,5,1150,math,statistical reasoning,"Hint: Please answer the question and provide the correct option letter, e.g., A, B, C, D, at the end.
Question: What is the minimum age group shown in the ‘plots’?
Choices:
(A) 11-15
(B) 21-25
(C) 0-5
(D) 16-20",C,False,2025-11-04 19:47:12.130,배재형,0,"In the picture, which direction is the baby facing?
 Options: A: left, B: right, C: up, D: down",A
71,5,1150,math,statistical reasoning,"Hint: Please answer the question and provide the correct option letter, e.g., A, B, C, D, at the end.
Question: What is the minimum age group shown in the ‘plots’?
Choices:
(A) 11-15
(B) 21-25
(C) 0-5
(D) 16-20",C,True,2025-11-05 00:48:32.876,박지윤,0,"In the picture, which direction is the baby facing?
 Options: A: left, B: right, C: up, D: down",C
72,5,1150,math,statistical reasoning,"Hint: Please answer the question and provide the correct option letter, e.g., A, B, C, D, at the end.
Question: What is the minimum age group shown in the ‘plots’?
Choices:
(A) 11-15
(B) 21-25
(C) 0-5
(D) 16-20",C,True,2025-11-05 01:48:20.004,박호조,0,"In the picture, which direction is the baby facing?
 Options: A: left, B: right, C: up, D: down",C
73,5,1150,math,statistical reasoning,"Hint: Please answer the question and provide the correct option letter, e.g., A, B, C, D, at the end.
Question: What is the minimum age group shown in the ‘plots’?
Choices:
(A) 11-15
(B) 21-25
(C) 0-5
(D) 16-20",C,False,2025-11-10 18:47:19.220,J,0,"In the picture, which direction is the baby facing?
 Options: A: left, B: right, C: up, D: down",B
74,5,1150,math,statistical reasoning,"Hint: Please answer the question and provide the correct option letter, e.g., A, B, C, D, at the end.
Question: What is the minimum age group shown in the ‘plots’?
Choices:
(A) 11-15
(B) 21-25
(C) 0-5
(D) 16-20",C,True,2025-11-11 15:27:53.412, KDY,0,"In the picture, which direction is the baby facing?
 Options: A: left, B: right, C: up, D: down",C
75,5,1150,math,statistical reasoning,"Hint: Please answer the question and provide the correct option letter, e.g., A, B, C, D, at the end.
Question: What is the minimum age group shown in the ‘plots’?
Choices:
(A) 11-15
(B) 21-25
(C) 0-5
(D) 16-20",C,True,2025-11-11 20:35:43.975,Kathy,0,"In the picture, which direction is the baby facing?
 Options: A: left, B: right, C: up, D: down",C
76,5,1150,math,statistical reasoning,"Hint: Please answer the question and provide the correct option letter, e.g., A, B, C, D, at the end.
Question: What is the minimum age group shown in the ‘plots’?
Choices:
(A) 11-15
(B) 21-25
(C) 0-5
(D) 16-20",C,False,2025-11-13 17:20:30.179,JMG,0,"In the picture, which direction is the baby facing?
 Options: A: left, B: right, C: up, D: down",A
77,5,1150,math,statistical reasoning,"Hint: Please answer the question and provide the correct option letter, e.g., A, B, C, D, at the end.
Question: What is the minimum age group shown in the ‘plots’?
Choices:
(A) 11-15
(B) 21-25
(C) 0-5
(D) 16-20",C,False,2025-11-14 21:27:23.659,조희승,0,"In the picture, which direction is the baby facing?
 Options: A: left, B: right, C: up, D: down",A
78,6,1162,math,statistical reasoning,"Hint: Please answer the question and provide the correct option letter, e.g., A, B, C, D, at the end.
Question: What is the value of the smallest individual bar in the whole chart?
Choices:
(A) -18
(B) 8
(C) -8
(D) -4",C,False,2025-11-04 16:37:21.079,Winnie,0,"What will happen next?
 Options: A: the kid is gonna slide through, B: the kid is gonna crash into the other kid, C: the other kid is gonna dodge, D: both A,B, and C",A
79,6,1162,math,statistical reasoning,"Hint: Please answer the question and provide the correct option letter, e.g., A, B, C, D, at the end.
Question: What is the value of the smallest individual bar in the whole chart?
Choices:
(A) -18
(B) 8
(C) -8
(D) -4",C,False,2025-11-04 16:55:47.964,JJH,0,"What will happen next?
 Options: A: the kid is gonna slide through, B: the kid is gonna crash into the other kid, C: the other kid is gonna dodge, D: both A,B, and C",D
80,6,1162,math,statistical reasoning,"Hint: Please answer the question and provide the correct option letter, e.g., A, B, C, D, at the end.
Question: What is the value of the smallest individual bar in the whole chart?
Choices:
(A) -18
(B) 8
(C) -8
(D) -4",C,True,2025-11-04 17:09:00.783,Lee,0,"What will happen next?
 Options: A: the kid is gonna slide through, B: the kid is gonna crash into the other kid, C: the other kid is gonna dodge, D: both A,B, and C",C
81,6,1162,math,statistical reasoning,"Hint: Please answer the question and provide the correct option letter, e.g., A, B, C, D, at the end.
Question: What is the value of the smallest individual bar in the whole chart?
Choices:
(A) -18
(B) 8
(C) -8
(D) -4",C,False,2025-11-04 17:16:55.232,성민석,0,"What will happen next?
 Options: A: the kid is gonna slide through, B: the kid is gonna crash into the other kid, C: the other kid is gonna dodge, D: both A,B, and C",B
82,6,1162,math,statistical reasoning,"Hint: Please answer the question and provide the correct option letter, e.g., A, B, C, D, at the end.
Question: What is the value of the smallest individual bar in the whole chart?
Choices:
(A) -18
(B) 8
(C) -8
(D) -4",C,False,2025-11-04 18:35:45.170,EJ,0,"What will happen next?
 Options: A: the kid is gonna slide through, B: the kid is gonna crash into the other kid, C: the other kid is gonna dodge, D: both A,B, and C",D
83,6,1162,math,statistical reasoning,"Hint: Please answer the question and provide the correct option letter, e.g., A, B, C, D, at the end.
Question: What is the value of the smallest individual bar in the whole chart?
Choices:
(A) -18
(B) 8
(C) -8
(D) -4",C,False,2025-11-04 19:47:12.130,배재형,0,"What will happen next?
 Options: A: the kid is gonna slide through, B: the kid is gonna crash into the other kid, C: the other kid is gonna dodge, D: both A,B, and C",B
84,6,1162,math,statistical reasoning,"Hint: Please answer the question and provide the correct option letter, e.g., A, B, C, D, at the end.
Question: What is the value of the smallest individual bar in the whole chart?
Choices:
(A) -18
(B) 8
(C) -8
(D) -4",C,False,2025-11-05 00:48:32.876,박지윤,0,"What will happen next?
 Options: A: the kid is gonna slide through, B: the kid is gonna crash into the other kid, C: the other kid is gonna dodge, D: both A,B, and C",A
85,6,1162,math,statistical reasoning,"Hint: Please answer the question and provide the correct option letter, e.g., A, B, C, D, at the end.
Question: What is the value of the smallest individual bar in the whole chart?
Choices:
(A) -18
(B) 8
(C) -8
(D) -4",C,False,2025-11-05 01:48:20.004,박호조,0,"What will happen next?
 Options: A: the kid is gonna slide through, B: the kid is gonna crash into the other kid, C: the other kid is gonna dodge, D: both A,B, and C",A
86,6,1162,math,statistical reasoning,"Hint: Please answer the question and provide the correct option letter, e.g., A, B, C, D, at the end.
Question: What is the value of the smallest individual bar in the whole chart?
Choices:
(A) -18
(B) 8
(C) -8
(D) -4",C,True,2025-11-10 18:47:19.220,J,0,"What will happen next?
 Options: A: the kid is gonna slide through, B: the kid is gonna crash into the other kid, C: the other kid is gonna dodge, D: both A,B, and C",C
87,6,1162,math,statistical reasoning,"Hint: Please answer the question and provide the correct option letter, e.g., A, B, C, D, at the end.
Question: What is the value of the smallest individual bar in the whole chart?
Choices:
(A) -18
(B) 8
(C) -8
(D) -4",C,False,2025-11-11 15:27:53.412, KDY,0,"What will happen next?
 Options: A: the kid is gonna slide through, B: the kid is gonna crash into the other kid, C: the other kid is gonna dodge, D: both A,B, and C",D
88,6,1162,math,statistical reasoning,"Hint: Please answer the question and provide the correct option letter, e.g., A, B, C, D, at the end.
Question: What is the value of the smallest individual bar in the whole chart?
Choices:
(A) -18
(B) 8
(C) -8
(D) -4",C,False,2025-11-11 20:35:43.975,Kathy,0,"What will happen next?
 Options: A: the kid is gonna slide through, B: the kid is gonna crash into the other kid, C: the other kid is gonna dodge, D: both A,B, and C",B
89,6,1162,math,statistical reasoning,"Hint: Please answer the question and provide the correct option letter, e.g., A, B, C, D, at the end.
Question: What is the value of the smallest individual bar in the whole chart?
Choices:
(A) -18
(B) 8
(C) -8
(D) -4",C,False,2025-11-13 17:20:30.179,JMG,0,"What will happen next?
 Options: A: the kid is gonna slide through, B: the kid is gonna crash into the other kid, C: the other kid is gonna dodge, D: both A,B, and C",A
90,6,1162,math,statistical reasoning,"Hint: Please answer the question and provide the correct option letter, e.g., A, B, C, D, at the end.
Question: What is the value of the smallest individual bar in the whole chart?
Choices:
(A) -18
(B) 8
(C) -8
(D) -4",C,False,2025-11-14 21:27:23.659,조희승,0,"What will happen next?
 Options: A: the kid is gonna slide through, B: the kid is gonna crash into the other kid, C: the other kid is gonna dodge, D: both A,B, and C",B
91,7,556,instance reasoning,cross-instance relation reasoning,"What is the relationship between the people in the image?
Options: A: commercial, B: professional, C: friends, D: family",C,False,2025-11-04 16:37:21.079,Winnie,0,"The object shown in this figure:
 Options: A: Is a colorless liquid with a slightly metallic taste, B: Is a powerful oxidizer that can cause skin and eye irritation, C: Has a boiling point of 150.2°C, D: None of these options are correct.",D
92,7,556,instance reasoning,cross-instance relation reasoning,"What is the relationship between the people in the image?
Options: A: commercial, B: professional, C: friends, D: family",C,False,2025-11-04 16:55:47.964,JJH,0,"The object shown in this figure:
 Options: A: Is a colorless liquid with a slightly metallic taste, B: Is a powerful oxidizer that can cause skin and eye irritation, C: Has a boiling point of 150.2°C, D: None of these options are correct.",A
93,7,556,instance reasoning,cross-instance relation reasoning,"What is the relationship between the people in the image?
Options: A: commercial, B: professional, C: friends, D: family",C,False,2025-11-04 17:09:00.783,Lee,0,"The object shown in this figure:
 Options: A: Is a colorless liquid with a slightly metallic taste, B: Is a powerful oxidizer that can cause skin and eye irritation, C: Has a boiling point of 150.2°C, D: None of these options are correct.",A
94,7,556,instance reasoning,cross-instance relation reasoning,"What is the relationship between the people in the image?
Options: A: commercial, B: professional, C: friends, D: family",C,False,2025-11-04 17:16:55.232,성민석,0,"The object shown in this figure:
 Options: A: Is a colorless liquid with a slightly metallic taste, B: Is a powerful oxidizer that can cause skin and eye irritation, C: Has a boiling point of 150.2°C, D: None of these options are correct.",B
95,7,556,instance reasoning,cross-instance relation reasoning,"What is the relationship between the people in the image?
Options: A: commercial, B: professional, C: friends, D: family",C,False,2025-11-04 18:35:45.170,EJ,0,"The object shown in this figure:
 Options: A: Is a colorless liquid with a slightly metallic taste, B: Is a powerful oxidizer that can cause skin and eye irritation, C: Has a boiling point of 150.2°C, D: None of these options are correct.",D
96,7,556,instance reasoning,cross-instance relation reasoning,"What is the relationship between the people in the image?
Options: A: commercial, B: professional, C: friends, D: family",C,False,2025-11-04 19:47:12.130,배재형,0,"The object shown in this figure:
 Options: A: Is a colorless liquid with a slightly metallic taste, B: Is a powerful oxidizer that can cause skin and eye irritation, C: Has a boiling point of 150.2°C, D: None of these options are correct.",D
97,7,556,instance reasoning,cross-instance relation reasoning,"What is the relationship between the people in the image?
Options: A: commercial, B: professional, C: friends, D: family",C,False,2025-11-05 00:48:32.876,박지윤,0,"The object shown in this figure:
 Options: A: Is a colorless liquid with a slightly metallic taste, B: Is a powerful oxidizer that can cause skin and eye irritation, C: Has a boiling point of 150.2°C, D: None of these options are correct.",D
98,7,556,instance reasoning,cross-instance relation reasoning,"What is the relationship between the people in the image?
Options: A: commercial, B: professional, C: friends, D: family",C,False,2025-11-05 01:48:20.004,박호조,0,"The object shown in this figure:
 Options: A: Is a colorless liquid with a slightly metallic taste, B: Is a powerful oxidizer that can cause skin and eye irritation, C: Has a boiling point of 150.2°C, D: None of these options are correct.",A
99,7,556,instance reasoning,cross-instance relation reasoning,"What is the relationship between the people in the image?
Options: A: commercial, B: professional, C: friends, D: family",C,False,2025-11-10 18:47:19.220,J,0,"The object shown in this figure:
 Options: A: Is a colorless liquid with a slightly metallic taste, B: Is a powerful oxidizer that can cause skin and eye irritation, C: Has a boiling point of 150.2°C, D: None of these options are correct.",D
100,7,556,instance reasoning,cross-instance relation reasoning,"What is the relationship between the people in the image?
Options: A: commercial, B: professional, C: friends, D: family",C,False,2025-11-11 15:27:53.412, KDY,0,"The object shown in this figure:
 Options: A: Is a colorless liquid with a slightly metallic taste, B: Is a powerful oxidizer that can cause skin and eye irritation, C: Has a boiling point of 150.2°C, D: None of these options are correct.",D
101,7,556,instance reasoning,cross-instance relation reasoning,"What is the relationship between the people in the image?
Options: A: commercial, B: professional, C: friends, D: family",C,False,2025-11-11 20:35:43.975,Kathy,0,"The object shown in this figure:
 Options: A: Is a colorless liquid with a slightly metallic taste, B: Is a powerful oxidizer that can cause skin and eye irritation, C: Has a boiling point of 150.2°C, D: None of these options are correct.",D
102,7,556,instance reasoning,cross-instance relation reasoning,"What is the relationship between the people in the image?
Options: A: commercial, B: professional, C: friends, D: family",C,False,2025-11-13 17:20:30.179,JMG,0,"The object shown in this figure:
 Options: A: Is a colorless liquid with a slightly metallic taste, B: Is a powerful oxidizer that can cause skin and eye irritation, C: Has a boiling point of 150.2°C, D: None of these options are correct.",D
103,7,556,instance reasoning,cross-instance relation reasoning,"What is the relationship between the people in the image?
Options: A: commercial, B: professional, C: friends, D: family",C,False,2025-11-14 21:27:23.659,조희승,0,"The object shown in this figure:
 Options: A: Is a colorless liquid with a slightly metallic taste, B: Is a powerful oxidizer that can cause skin and eye irritation, C: Has a boiling point of 150.2°C, D: None of these options are correct.",D
104,8,141,coarse perception,image scene and topic,"Which is the main topic of the image
Options: A: A woman surfing, B: A man skiting, C: A man surfing, D: A woman skiting",C,False,2025-11-04 16:37:21.079,Winnie,0,"Question: If frogs were removed from this environment what animal would potentially see an increase in its population?
 Choices:
 (A) crickets
 (B) deer
 (C) snakes
 (D) hawks",A
105,8,141,coarse perception,image scene and topic,"Which is the main topic of the image
Options: A: A woman surfing, B: A man skiting, C: A man surfing, D: A woman skiting",C,False,2025-11-04 16:55:47.964,JJH,0,"Question: If frogs were removed from this environment what animal would potentially see an increase in its population?
 Choices:
 (A) crickets
 (B) deer
 (C) snakes
 (D) hawks",D
106,8,141,coarse perception,image scene and topic,"Which is the main topic of the image
Options: A: A woman surfing, B: A man skiting, C: A man surfing, D: A woman skiting",C,True,2025-11-04 17:09:00.783,Lee,0,"Question: If frogs were removed from this environment what animal would potentially see an increase in its population?
 Choices:
 (A) crickets
 (B) deer
 (C) snakes
 (D) hawks",C
107,8,141,coarse perception,image scene and topic,"Which is the main topic of the image
Options: A: A woman surfing, B: A man skiting, C: A man surfing, D: A woman skiting",C,False,2025-11-04 17:16:55.232,성민석,0,"Question: If frogs were removed from this environment what animal would potentially see an increase in its population?
 Choices:
 (A) crickets
 (B) deer
 (C) snakes
 (D) hawks",A
108,8,141,coarse perception,image scene and topic,"Which is the main topic of the image
Options: A: A woman surfing, B: A man skiting, C: A man surfing, D: A woman skiting",C,False,2025-11-04 18:35:45.170,EJ,0,"Question: If frogs were removed from this environment what animal would potentially see an increase in its population?
 Choices:
 (A) crickets
 (B) deer
 (C) snakes
 (D) hawks",A
109,8,141,coarse perception,image scene and topic,"Which is the main topic of the image
Options: A: A woman surfing, B: A man skiting, C: A man surfing, D: A woman skiting",C,False,2025-11-04 19:47:12.130,배재형,0,"Question: If frogs were removed from this environment what animal would potentially see an increase in its population?
 Choices:
 (A) crickets
 (B) deer
 (C) snakes
 (D) hawks",A
110,8,141,coarse perception,image scene and topic,"Which is the main topic of the image
Options: A: A woman surfing, B: A man skiting, C: A man surfing, D: A woman skiting",C,False,2025-11-05 00:48:32.876,박지윤,0,"Question: If frogs were removed from this environment what animal would potentially see an increase in its population?
 Choices:
 (A) crickets
 (B) deer
 (C) snakes
 (D) hawks",A
111,8,141,coarse perception,image scene and topic,"Which is the main topic of the image
Options: A: A woman surfing, B: A man skiting, C: A man surfing, D: A woman skiting",C,False,2025-11-05 01:48:20.004,박호조,0,"Question: If frogs were removed from this environment what animal would potentially see an increase in its population?
 Choices:
 (A) crickets
 (B) deer
 (C) snakes
 (D) hawks",A
112,8,141,coarse perception,image scene and topic,"Which is the main topic of the image
Options: A: A woman surfing, B: A man skiting, C: A man surfing, D: A woman skiting",C,False,2025-11-10 18:47:19.220,J,0,"Question: If frogs were removed from this environment what animal would potentially see an increase in its population?
 Choices:
 (A) crickets
 (B) deer
 (C) snakes
 (D) hawks",B
113,8,141,coarse perception,image scene and topic,"Which is the main topic of the image
Options: A: A woman surfing, B: A man skiting, C: A man surfing, D: A woman skiting",C,True,2025-11-11 15:27:53.412, KDY,0,"Question: If frogs were removed from this environment what animal would potentially see an increase in its population?
 Choices:
 (A) crickets
 (B) deer
 (C) snakes
 (D) hawks",C
114,8,141,coarse perception,image scene and topic,"Which is the main topic of the image
Options: A: A woman surfing, B: A man skiting, C: A man surfing, D: A woman skiting",C,False,2025-11-11 20:35:43.975,Kathy,0,"Question: If frogs were removed from this environment what animal would potentially see an increase in its population?
 Choices:
 (A) crickets
 (B) deer
 (C) snakes
 (D) hawks",A
115,8,141,coarse perception,image scene and topic,"Which is the main topic of the image
Options: A: A woman surfing, B: A man skiting, C: A man surfing, D: A woman skiting",C,False,2025-11-13 17:20:30.179,JMG,0,"Question: If frogs were removed from this environment what animal would potentially see an increase in its population?
 Choices:
 (A) crickets
 (B) deer
 (C) snakes
 (D) hawks",A
116,8,141,coarse perception,image scene and topic,"Which is the main topic of the image
Options: A: A woman surfing, B: A man skiting, C: A man surfing, D: A woman skiting",C,False,2025-11-14 21:27:23.659,조희승,0,"Question: If frogs were removed from this environment what animal would potentially see an increase in its population?
 Choices:
 (A) crickets
 (B) deer
 (C) snakes
 (D) hawks",A
117,9,536,instance reasoning,cross-instance relation reasoning,"Compare the average kinetic energies of the particles in each sample. Which sample has the higher temperature?
Options: A: sample A, B: sample B, C: neither; the samples have the same temperature, D: nan",B,False,2025-11-04 16:37:21.079,Winnie,0,"What is the main focus of the image?
 Options: A: A woman standing in front of a brick wall, B: A woman standing in front of a green hedge, C: A garden with a lot of flowers and bushes, D: A bench surrounded by a lot of plants",C
118,9,536,instance reasoning,cross-instance relation reasoning,"Compare the average kinetic energies of the particles in each sample. Which sample has the higher temperature?
Options: A: sample A, B: sample B, C: neither; the samples have the same temperature, D: nan",B,False,2025-11-04 16:55:47.964,JJH,0,"What is the main focus of the image?
 Options: A: A woman standing in front of a brick wall, B: A woman standing in front of a green hedge, C: A garden with a lot of flowers and bushes, D: A bench surrounded by a lot of plants",C
119,9,536,instance reasoning,cross-instance relation reasoning,"Compare the average kinetic energies of the particles in each sample. Which sample has the higher temperature?
Options: A: sample A, B: sample B, C: neither; the samples have the same temperature, D: nan",B,False,2025-11-04 17:09:00.783,Lee,0,"What is the main focus of the image?
 Options: A: A woman standing in front of a brick wall, B: A woman standing in front of a green hedge, C: A garden with a lot of flowers and bushes, D: A bench surrounded by a lot of plants",C
120,9,536,instance reasoning,cross-instance relation reasoning,"Compare the average kinetic energies of the particles in each sample. Which sample has the higher temperature?
Options: A: sample A, B: sample B, C: neither; the samples have the same temperature, D: nan",B,False,2025-11-04 17:16:55.232,성민석,0,"What is the main focus of the image?
 Options: A: A woman standing in front of a brick wall, B: A woman standing in front of a green hedge, C: A garden with a lot of flowers and bushes, D: A bench surrounded by a lot of plants",C
121,9,536,instance reasoning,cross-instance relation reasoning,"Compare the average kinetic energies of the particles in each sample. Which sample has the higher temperature?
Options: A: sample A, B: sample B, C: neither; the samples have the same temperature, D: nan",B,False,2025-11-04 18:35:45.170,EJ,0,"What is the main focus of the image?
 Options: A: A woman standing in front of a brick wall, B: A woman standing in front of a green hedge, C: A garden with a lot of flowers and bushes, D: A bench surrounded by a lot of plants",A
122,9,536,instance reasoning,cross-instance relation reasoning,"Compare the average kinetic energies of the particles in each sample. Which sample has the higher temperature?
Options: A: sample A, B: sample B, C: neither; the samples have the same temperature, D: nan",B,True,2025-11-04 19:47:12.130,배재형,0,"What is the main focus of the image?
 Options: A: A woman standing in front of a brick wall, B: A woman standing in front of a green hedge, C: A garden with a lot of flowers and bushes, D: A bench surrounded by a lot of plants",B
123,9,536,instance reasoning,cross-instance relation reasoning,"Compare the average kinetic energies of the particles in each sample. Which sample has the higher temperature?
Options: A: sample A, B: sample B, C: neither; the samples have the same temperature, D: nan",B,False,2025-11-05 00:48:32.876,박지윤,0,"What is the main focus of the image?
 Options: A: A woman standing in front of a brick wall, B: A woman standing in front of a green hedge, C: A garden with a lot of flowers and bushes, D: A bench surrounded by a lot of plants",C
124,9,536,instance reasoning,cross-instance relation reasoning,"Compare the average kinetic energies of the particles in each sample. Which sample has the higher temperature?
Options: A: sample A, B: sample B, C: neither; the samples have the same temperature, D: nan",B,False,2025-11-05 01:48:20.004,박호조,0,"What is the main focus of the image?
 Options: A: A woman standing in front of a brick wall, B: A woman standing in front of a green hedge, C: A garden with a lot of flowers and bushes, D: A bench surrounded by a lot of plants",C
125,9,536,instance reasoning,cross-instance relation reasoning,"Compare the average kinetic energies of the particles in each sample. Which sample has the higher temperature?
Options: A: sample A, B: sample B, C: neither; the samples have the same temperature, D: nan",B,False,2025-11-10 18:47:19.220,J,0,"What is the main focus of the image?
 Options: A: A woman standing in front of a brick wall, B: A woman standing in front of a green hedge, C: A garden with a lot of flowers and bushes, D: A bench surrounded by a lot of plants",D
126,9,536,instance reasoning,cross-instance relation reasoning,"Compare the average kinetic energies of the particles in each sample. Which sample has the higher temperature?
Options: A: sample A, B: sample B, C: neither; the samples have the same temperature, D: nan",B,False,2025-11-11 15:27:53.412, KDY,0,"What is the main focus of the image?
 Options: A: A woman standing in front of a brick wall, B: A woman standing in front of a green hedge, C: A garden with a lot of flowers and bushes, D: A bench surrounded by a lot of plants",C
127,9,536,instance reasoning,cross-instance relation reasoning,"Compare the average kinetic energies of the particles in each sample. Which sample has the higher temperature?
Options: A: sample A, B: sample B, C: neither; the samples have the same temperature, D: nan",B,False,2025-11-11 20:35:43.975,Kathy,0,"What is the main focus of the image?
 Options: A: A woman standing in front of a brick wall, B: A woman standing in front of a green hedge, C: A garden with a lot of flowers and bushes, D: A bench surrounded by a lot of plants",C
128,9,536,instance reasoning,cross-instance relation reasoning,"Compare the average kinetic energies of the particles in each sample. Which sample has the higher temperature?
Options: A: sample A, B: sample B, C: neither; the samples have the same temperature, D: nan",B,False,2025-11-13 17:20:30.179,JMG,0,"What is the main focus of the image?
 Options: A: A woman standing in front of a brick wall, B: A woman standing in front of a green hedge, C: A garden with a lot of flowers and bushes, D: A bench surrounded by a lot of plants",D
129,9,536,instance reasoning,cross-instance relation reasoning,"Compare the average kinetic energies of the particles in each sample. Which sample has the higher temperature?
Options: A: sample A, B: sample B, C: neither; the samples have the same temperature, D: nan",B,True,2025-11-14 21:27:23.659,조희승,0,"What is the main focus of the image?
 Options: A: A woman standing in front of a brick wall, B: A woman standing in front of a green hedge, C: A garden with a lot of flowers and bushes, D: A bench surrounded by a lot of plants",B
130,10,165,coarse perception,image style & quality,"What art style is evident in this image?
Options: A: watercolor, B: photography, C: vector art, D: pencil",C,False,2025-11-04 16:37:21.079,Winnie,0,"What is the predominant color of the image?
 Options: A: Yellow, B: Black, C: White, D: Blue",A
131,10,165,coarse perception,image style & quality,"What art style is evident in this image?
Options: A: watercolor, B: photography, C: vector art, D: pencil",C,False,2025-11-04 16:55:47.964,JJH,0,"What is the predominant color of the image?
 Options: A: Yellow, B: Black, C: White, D: Blue",A
132,10,165,coarse perception,image style & quality,"What art style is evident in this image?
Options: A: watercolor, B: photography, C: vector art, D: pencil",C,False,2025-11-04 17:09:00.783,Lee,0,"What is the predominant color of the image?
 Options: A: Yellow, B: Black, C: White, D: Blue",D
133,10,165,coarse perception,image style & quality,"What art style is evident in this image?
Options: A: watercolor, B: photography, C: vector art, D: pencil",C,False,2025-11-04 17:16:55.232,성민석,0,"What is the predominant color of the image?
 Options: A: Yellow, B: Black, C: White, D: Blue",B
134,10,165,coarse perception,image style & quality,"What art style is evident in this image?
Options: A: watercolor, B: photography, C: vector art, D: pencil",C,False,2025-11-04 18:35:45.170,EJ,0,"What is the predominant color of the image?
 Options: A: Yellow, B: Black, C: White, D: Blue",B
135,10,165,coarse perception,image style & quality,"What art style is evident in this image?
Options: A: watercolor, B: photography, C: vector art, D: pencil",C,False,2025-11-04 19:47:12.130,배재형,0,"What is the predominant color of the image?
 Options: A: Yellow, B: Black, C: White, D: Blue",A
136,10,165,coarse perception,image style & quality,"What art style is evident in this image?
Options: A: watercolor, B: photography, C: vector art, D: pencil",C,False,2025-11-05 00:48:32.876,박지윤,0,"What is the predominant color of the image?
 Options: A: Yellow, B: Black, C: White, D: Blue",B
137,10,165,coarse perception,image style & quality,"What art style is evident in this image?
Options: A: watercolor, B: photography, C: vector art, D: pencil",C,False,2025-11-05 01:48:20.004,박호조,0,"What is the predominant color of the image?
 Options: A: Yellow, B: Black, C: White, D: Blue",D
138,10,165,coarse perception,image style & quality,"What art style is evident in this image?
Options: A: watercolor, B: photography, C: vector art, D: pencil",C,False,2025-11-10 18:47:19.220,J,0,"What is the predominant color of the image?
 Options: A: Yellow, B: Black, C: White, D: Blue",D
139,10,165,coarse perception,image style & quality,"What art style is evident in this image?
Options: A: watercolor, B: photography, C: vector art, D: pencil",C,False,2025-11-11 15:27:53.412, KDY,0,"What is the predominant color of the image?
 Options: A: Yellow, B: Black, C: White, D: Blue",D
140,10,165,coarse perception,image style & quality,"What art style is evident in this image?
Options: A: watercolor, B: photography, C: vector art, D: pencil",C,False,2025-11-11 20:35:43.975,Kathy,0,"What is the predominant color of the image?
 Options: A: Yellow, B: Black, C: White, D: Blue",A
141,10,165,coarse perception,image style & quality,"What art style is evident in this image?
Options: A: watercolor, B: photography, C: vector art, D: pencil",C,True,2025-11-13 17:20:30.179,JMG,0,"What is the predominant color of the image?
 Options: A: Yellow, B: Black, C: White, D: Blue",C
142,10,165,coarse perception,image style & quality,"What art style is evident in this image?
Options: A: watercolor, B: photography, C: vector art, D: pencil",C,False,2025-11-14 21:27:23.659,조희승,0,"What is the predominant color of the image?
 Options: A: Yellow, B: Black, C: White, D: Blue",D
143,11,3,coarse perception,image emotion,"What feeling is represented in this image?
Options: A: engaged, B: disordered, C: angry, D: supportive",B,False,2025-11-04 16:37:21.079,Winnie,0,"In the picture, one is a bear doll and the other is a cat. Are they the same size?
 Options: A: same, B: Not the same, C: Can't judge, D: nan",A
144,11,3,coarse perception,image emotion,"What feeling is represented in this image?
Options: A: engaged, B: disordered, C: angry, D: supportive",B,True,2025-11-04 16:55:47.964,JJH,0,"In the picture, one is a bear doll and the other is a cat. Are they the same size?
 Options: A: same, B: Not the same, C: Can't judge, D: nan",B
145,11,3,coarse perception,image emotion,"What feeling is represented in this image?
Options: A: engaged, B: disordered, C: angry, D: supportive",B,False,2025-11-04 17:09:00.783,Lee,0,"In the picture, one is a bear doll and the other is a cat. Are they the same size?
 Options: A: same, B: Not the same, C: Can't judge, D: nan",C
146,11,3,coarse perception,image emotion,"What feeling is represented in this image?
Options: A: engaged, B: disordered, C: angry, D: supportive",B,False,2025-11-04 17:16:55.232,성민석,0,"In the picture, one is a bear doll and the other is a cat. Are they the same size?
 Options: A: same, B: Not the same, C: Can't judge, D: nan",C
147,11,3,coarse perception,image emotion,"What feeling is represented in this image?
Options: A: engaged, B: disordered, C: angry, D: supportive",B,False,2025-11-04 18:35:45.170,EJ,0,"In the picture, one is a bear doll and the other is a cat. Are they the same size?
 Options: A: same, B: Not the same, C: Can't judge, D: nan",A
148,11,3,coarse perception,image emotion,"What feeling is represented in this image?
Options: A: engaged, B: disordered, C: angry, D: supportive",B,False,2025-11-04 19:47:12.130,배재형,0,"In the picture, one is a bear doll and the other is a cat. Are they the same size?
 Options: A: same, B: Not the same, C: Can't judge, D: nan",A
149,11,3,coarse perception,image emotion,"What feeling is represented in this image?
Options: A: engaged, B: disordered, C: angry, D: supportive",B,True,2025-11-05 00:48:32.876,박지윤,0,"In the picture, one is a bear doll and the other is a cat. Are they the same size?
 Options: A: same, B: Not the same, C: Can't judge, D: nan",B
150,11,3,coarse perception,image emotion,"What feeling is represented in this image?
Options: A: engaged, B: disordered, C: angry, D: supportive",B,True,2025-11-05 01:48:20.004,박호조,0,"In the picture, one is a bear doll and the other is a cat. Are they the same size?
 Options: A: same, B: Not the same, C: Can't judge, D: nan",B
151,11,3,coarse perception,image emotion,"What feeling is represented in this image?
Options: A: engaged, B: disordered, C: angry, D: supportive",B,True,2025-11-10 18:47:19.220,J,0,"In the picture, one is a bear doll and the other is a cat. Are they the same size?
 Options: A: same, B: Not the same, C: Can't judge, D: nan",B
152,11,3,coarse perception,image emotion,"What feeling is represented in this image?
Options: A: engaged, B: disordered, C: angry, D: supportive",B,False,2025-11-11 15:27:53.412, KDY,0,"In the picture, one is a bear doll and the other is a cat. Are they the same size?
 Options: A: same, B: Not the same, C: Can't judge, D: nan",A
153,11,3,coarse perception,image emotion,"What feeling is represented in this image?
Options: A: engaged, B: disordered, C: angry, D: supportive",B,True,2025-11-11 20:35:43.975,Kathy,0,"In the picture, one is a bear doll and the other is a cat. Are they the same size?
 Options: A: same, B: Not the same, C: Can't judge, D: nan",B
154,11,3,coarse perception,image emotion,"What feeling is represented in this image?
Options: A: engaged, B: disordered, C: angry, D: supportive",B,True,2025-11-13 17:20:30.179,JMG,0,"In the picture, one is a bear doll and the other is a cat. Are they the same size?
 Options: A: same, B: Not the same, C: Can't judge, D: nan",B
155,11,3,coarse perception,image emotion,"What feeling is represented in this image?
Options: A: engaged, B: disordered, C: angry, D: supportive",B,True,2025-11-14 21:27:23.659,조희승,0,"In the picture, one is a bear doll and the other is a cat. Are they the same size?
 Options: A: same, B: Not the same, C: Can't judge, D: nan",B
156,12,927,logical reasoning,diagram reasoning,"which of the label show maximum leaf
Options: A: j, B: k, C: h, D: g",B,False,2025-11-04 16:37:21.079,Winnie,0,"What is the woman holding in her hand?
 Options: A: A book, B: A camera, C: A cell phone, D: Nothing",A
157,12,927,logical reasoning,diagram reasoning,"which of the label show maximum leaf
Options: A: j, B: k, C: h, D: g",B,True,2025-11-04 16:55:47.964,JJH,0,"What is the woman holding in her hand?
 Options: A: A book, B: A camera, C: A cell phone, D: Nothing",B
158,12,927,logical reasoning,diagram reasoning,"which of the label show maximum leaf
Options: A: j, B: k, C: h, D: g",B,False,2025-11-04 17:09:00.783,Lee,0,"What is the woman holding in her hand?
 Options: A: A book, B: A camera, C: A cell phone, D: Nothing",D
159,12,927,logical reasoning,diagram reasoning,"which of the label show maximum leaf
Options: A: j, B: k, C: h, D: g",B,False,2025-11-04 17:16:55.232,성민석,0,"What is the woman holding in her hand?
 Options: A: A book, B: A camera, C: A cell phone, D: Nothing",C
160,12,927,logical reasoning,diagram reasoning,"which of the label show maximum leaf
Options: A: j, B: k, C: h, D: g",B,False,2025-11-04 18:35:45.170,EJ,0,"What is the woman holding in her hand?
 Options: A: A book, B: A camera, C: A cell phone, D: Nothing",C
161,12,927,logical reasoning,diagram reasoning,"which of the label show maximum leaf
Options: A: j, B: k, C: h, D: g",B,False,2025-11-04 19:47:12.130,배재형,0,"What is the woman holding in her hand?
 Options: A: A book, B: A camera, C: A cell phone, D: Nothing",D
162,12,927,logical reasoning,diagram reasoning,"which of the label show maximum leaf
Options: A: j, B: k, C: h, D: g",B,False,2025-11-05 00:48:32.876,박지윤,0,"What is the woman holding in her hand?
 Options: A: A book, B: A camera, C: A cell phone, D: Nothing",C
163,12,927,logical reasoning,diagram reasoning,"which of the label show maximum leaf
Options: A: j, B: k, C: h, D: g",B,False,2025-11-05 01:48:20.004,박호조,0,"What is the woman holding in her hand?
 Options: A: A book, B: A camera, C: A cell phone, D: Nothing",A
164,12,927,logical reasoning,diagram reasoning,"which of the label show maximum leaf
Options: A: j, B: k, C: h, D: g",B,False,2025-11-10 18:47:19.220,J,0,"What is the woman holding in her hand?
 Options: A: A book, B: A camera, C: A cell phone, D: Nothing",C
165,12,927,logical reasoning,diagram reasoning,"which of the label show maximum leaf
Options: A: j, B: k, C: h, D: g",B,False,2025-11-11 15:27:53.412, KDY,0,"What is the woman holding in her hand?
 Options: A: A book, B: A camera, C: A cell phone, D: Nothing",C
166,12,927,logical reasoning,diagram reasoning,"which of the label show maximum leaf
Options: A: j, B: k, C: h, D: g",B,False,2025-11-11 20:35:43.975,Kathy,0,"What is the woman holding in her hand?
 Options: A: A book, B: A camera, C: A cell phone, D: Nothing",C
167,12,927,logical reasoning,diagram reasoning,"which of the label show maximum leaf
Options: A: j, B: k, C: h, D: g",B,False,2025-11-13 17:20:30.179,JMG,0,"What is the woman holding in her hand?
 Options: A: A book, B: A camera, C: A cell phone, D: Nothing",A
168,12,927,logical reasoning,diagram reasoning,"which of the label show maximum leaf
Options: A: j, B: k, C: h, D: g",B,False,2025-11-14 21:27:23.659,조희승,0,"What is the woman holding in her hand?
 Options: A: A book, B: A camera, C: A cell phone, D: Nothing",C
169,13,461,instance reasoning,cross-instance attribute reasoning,"In the picture there are two objects stacked with cubes. Are they the same shape?
Options: A: same, B: Not the same, C: Can't judge, D: nan",B,False,2025-11-04 16:37:21.079,Winnie,0,"Which emotion is being depicted in this image?
 Options: A: happiness, B: sadness, C: anger, D: love",D
170,13,461,instance reasoning,cross-instance attribute reasoning,"In the picture there are two objects stacked with cubes. Are they the same shape?
Options: A: same, B: Not the same, C: Can't judge, D: nan",B,False,2025-11-04 16:55:47.964,JJH,0,"Which emotion is being depicted in this image?
 Options: A: happiness, B: sadness, C: anger, D: love",A
171,13,461,instance reasoning,cross-instance attribute reasoning,"In the picture there are two objects stacked with cubes. Are they the same shape?
Options: A: same, B: Not the same, C: Can't judge, D: nan",B,False,2025-11-04 17:09:00.783,Lee,0,"Which emotion is being depicted in this image?
 Options: A: happiness, B: sadness, C: anger, D: love",D
172,13,461,instance reasoning,cross-instance attribute reasoning,"In the picture there are two objects stacked with cubes. Are they the same shape?
Options: A: same, B: Not the same, C: Can't judge, D: nan",B,False,2025-11-04 17:16:55.232,성민석,0,"Which emotion is being depicted in this image?
 Options: A: happiness, B: sadness, C: anger, D: love",D
173,13,461,instance reasoning,cross-instance attribute reasoning,"In the picture there are two objects stacked with cubes. Are they the same shape?
Options: A: same, B: Not the same, C: Can't judge, D: nan",B,True,2025-11-04 18:35:45.170,EJ,0,"Which emotion is being depicted in this image?
 Options: A: happiness, B: sadness, C: anger, D: love",B
174,13,461,instance reasoning,cross-instance attribute reasoning,"In the picture there are two objects stacked with cubes. Are they the same shape?
Options: A: same, B: Not the same, C: Can't judge, D: nan",B,False,2025-11-04 19:47:12.130,배재형,0,"Which emotion is being depicted in this image?
 Options: A: happiness, B: sadness, C: anger, D: love",A
175,13,461,instance reasoning,cross-instance attribute reasoning,"In the picture there are two objects stacked with cubes. Are they the same shape?
Options: A: same, B: Not the same, C: Can't judge, D: nan",B,False,2025-11-05 00:48:32.876,박지윤,0,"Which emotion is being depicted in this image?
 Options: A: happiness, B: sadness, C: anger, D: love",A
176,13,461,instance reasoning,cross-instance attribute reasoning,"In the picture there are two objects stacked with cubes. Are they the same shape?
Options: A: same, B: Not the same, C: Can't judge, D: nan",B,True,2025-11-05 01:48:20.004,박호조,0,"Which emotion is being depicted in this image?
 Options: A: happiness, B: sadness, C: anger, D: love",B
177,13,461,instance reasoning,cross-instance attribute reasoning,"In the picture there are two objects stacked with cubes. Are they the same shape?
Options: A: same, B: Not the same, C: Can't judge, D: nan",B,False,2025-11-10 18:47:19.220,J,0,"Which emotion is being depicted in this image?
 Options: A: happiness, B: sadness, C: anger, D: love",A
178,13,461,instance reasoning,cross-instance attribute reasoning,"In the picture there are two objects stacked with cubes. Are they the same shape?
Options: A: same, B: Not the same, C: Can't judge, D: nan",B,False,2025-11-11 15:27:53.412, KDY,0,"Which emotion is being depicted in this image?
 Options: A: happiness, B: sadness, C: anger, D: love",A
179,13,461,instance reasoning,cross-instance attribute reasoning,"In the picture there are two objects stacked with cubes. Are they the same shape?
Options: A: same, B: Not the same, C: Can't judge, D: nan",B,False,2025-11-11 20:35:43.975,Kathy,0,"Which emotion is being depicted in this image?
 Options: A: happiness, B: sadness, C: anger, D: love",A
180,13,461,instance reasoning,cross-instance attribute reasoning,"In the picture there are two objects stacked with cubes. Are they the same shape?
Options: A: same, B: Not the same, C: Can't judge, D: nan",B,False,2025-11-13 17:20:30.179,JMG,0,"Which emotion is being depicted in this image?
 Options: A: happiness, B: sadness, C: anger, D: love",D
181,13,461,instance reasoning,cross-instance attribute reasoning,"In the picture there are two objects stacked with cubes. Are they the same shape?
Options: A: same, B: Not the same, C: Can't judge, D: nan",B,False,2025-11-14 21:27:23.659,조희승,0,"Which emotion is being depicted in this image?
 Options: A: happiness, B: sadness, C: anger, D: love",D
182,14,768,logical reasoning,common reasoning,"In the picture, which direction is the baby facing?
Options: A: left, B: right, C: up, D: down",B,False,2025-11-04 16:37:21.079,Winnie,0,"What is the most prominent color of the jacket worn by the man with the laptop?
 Options: A: Blue, B: Black, C: Gray, D: Red",A
183,14,768,logical reasoning,common reasoning,"In the picture, which direction is the baby facing?
Options: A: left, B: right, C: up, D: down",B,False,2025-11-04 16:55:47.964,JJH,0,"What is the most prominent color of the jacket worn by the man with the laptop?
 Options: A: Blue, B: Black, C: Gray, D: Red",D
184,14,768,logical reasoning,common reasoning,"In the picture, which direction is the baby facing?
Options: A: left, B: right, C: up, D: down",B,False,2025-11-04 17:09:00.783,Lee,0,"What is the most prominent color of the jacket worn by the man with the laptop?
 Options: A: Blue, B: Black, C: Gray, D: Red",C
185,14,768,logical reasoning,common reasoning,"In the picture, which direction is the baby facing?
Options: A: left, B: right, C: up, D: down",B,True,2025-11-04 17:16:55.232,성민석,0,"What is the most prominent color of the jacket worn by the man with the laptop?
 Options: A: Blue, B: Black, C: Gray, D: Red",B
186,14,768,logical reasoning,common reasoning,"In the picture, which direction is the baby facing?
Options: A: left, B: right, C: up, D: down",B,False,2025-11-04 18:35:45.170,EJ,0,"What is the most prominent color of the jacket worn by the man with the laptop?
 Options: A: Blue, B: Black, C: Gray, D: Red",A
187,14,768,logical reasoning,common reasoning,"In the picture, which direction is the baby facing?
Options: A: left, B: right, C: up, D: down",B,True,2025-11-04 19:47:12.130,배재형,0,"What is the most prominent color of the jacket worn by the man with the laptop?
 Options: A: Blue, B: Black, C: Gray, D: Red",B
188,14,768,logical reasoning,common reasoning,"In the picture, which direction is the baby facing?
Options: A: left, B: right, C: up, D: down",B,False,2025-11-05 00:48:32.876,박지윤,0,"What is the most prominent color of the jacket worn by the man with the laptop?
 Options: A: Blue, B: Black, C: Gray, D: Red",C
189,14,768,logical reasoning,common reasoning,"In the picture, which direction is the baby facing?
Options: A: left, B: right, C: up, D: down",B,False,2025-11-05 01:48:20.004,박호조,0,"What is the most prominent color of the jacket worn by the man with the laptop?
 Options: A: Blue, B: Black, C: Gray, D: Red",A
190,14,768,logical reasoning,common reasoning,"In the picture, which direction is the baby facing?
Options: A: left, B: right, C: up, D: down",B,False,2025-11-10 18:47:19.220,J,0,"What is the most prominent color of the jacket worn by the man with the laptop?
 Options: A: Blue, B: Black, C: Gray, D: Red",D
191,14,768,logical reasoning,common reasoning,"In the picture, which direction is the baby facing?
Options: A: left, B: right, C: up, D: down",B,True,2025-11-11 15:27:53.412, KDY,0,"What is the most prominent color of the jacket worn by the man with the laptop?
 Options: A: Blue, B: Black, C: Gray, D: Red",B
192,14,768,logical reasoning,common reasoning,"In the picture, which direction is the baby facing?
Options: A: left, B: right, C: up, D: down",B,True,2025-11-11 20:35:43.975,Kathy,0,"What is the most prominent color of the jacket worn by the man with the laptop?
 Options: A: Blue, B: Black, C: Gray, D: Red",B
193,14,768,logical reasoning,common reasoning,"In the picture, which direction is the baby facing?
Options: A: left, B: right, C: up, D: down",B,False,2025-11-13 17:20:30.179,JMG,0,"What is the most prominent color of the jacket worn by the man with the laptop?
 Options: A: Blue, B: Black, C: Gray, D: Red",C
194,14,768,logical reasoning,common reasoning,"In the picture, which direction is the baby facing?
Options: A: left, B: right, C: up, D: down",B,True,2025-11-14 21:27:23.659,조희승,0,"What is the most prominent color of the jacket worn by the man with the laptop?
 Options: A: Blue, B: Black, C: Gray, D: Red",B
195,15,802,logical reasoning,common reasoning,"What will happen next?
Options: A: the kid is gonna slide through, B: the kid is gonna crash into the other kid, C: the other kid is gonna dodge, D: both A,B, and C",D,True,2025-11-04 16:37:21.079,Winnie,0,"What can Hazel and Xavier trade to each get what they want?
 Options: A: Hazel can trade her tomatoes for Xavier's broccoli., B: Hazel can trade her tomatoes for Xavier's carrots., C: Xavier can trade his broccoli for Hazel's oranges., D: Xavier can trade his almonds for Hazel's tomatoes.",D
196,15,802,logical reasoning,common reasoning,"What will happen next?
Options: A: the kid is gonna slide through, B: the kid is gonna crash into the other kid, C: the other kid is gonna dodge, D: both A,B, and C",D,False,2025-11-04 16:55:47.964,JJH,0,"What can Hazel and Xavier trade to each get what they want?
 Options: A: Hazel can trade her tomatoes for Xavier's broccoli., B: Hazel can trade her tomatoes for Xavier's carrots., C: Xavier can trade his broccoli for Hazel's oranges., D: Xavier can trade his almonds for Hazel's tomatoes.",A
197,15,802,logical reasoning,common reasoning,"What will happen next?
Options: A: the kid is gonna slide through, B: the kid is gonna crash into the other kid, C: the other kid is gonna dodge, D: both A,B, and C",D,True,2025-11-04 17:09:00.783,Lee,0,"What can Hazel and Xavier trade to each get what they want?
 Options: A: Hazel can trade her tomatoes for Xavier's broccoli., B: Hazel can trade her tomatoes for Xavier's carrots., C: Xavier can trade his broccoli for Hazel's oranges., D: Xavier can trade his almonds for Hazel's tomatoes.",D
198,15,802,logical reasoning,common reasoning,"What will happen next?
Options: A: the kid is gonna slide through, B: the kid is gonna crash into the other kid, C: the other kid is gonna dodge, D: both A,B, and C",D,False,2025-11-04 17:16:55.232,성민석,0,"What can Hazel and Xavier trade to each get what they want?
 Options: A: Hazel can trade her tomatoes for Xavier's broccoli., B: Hazel can trade her tomatoes for Xavier's carrots., C: Xavier can trade his broccoli for Hazel's oranges., D: Xavier can trade his almonds for Hazel's tomatoes.",C
199,15,802,logical reasoning,common reasoning,"What will happen next?
Options: A: the kid is gonna slide through, B: the kid is gonna crash into the other kid, C: the other kid is gonna dodge, D: both A,B, and C",D,False,2025-11-04 18:35:45.170,EJ,0,"What can Hazel and Xavier trade to each get what they want?
 Options: A: Hazel can trade her tomatoes for Xavier's broccoli., B: Hazel can trade her tomatoes for Xavier's carrots., C: Xavier can trade his broccoli for Hazel's oranges., D: Xavier can trade his almonds for Hazel's tomatoes.",C
200,15,802,logical reasoning,common reasoning,"What will happen next?
Options: A: the kid is gonna slide through, B: the kid is gonna crash into the other kid, C: the other kid is gonna dodge, D: both A,B, and C",D,False,2025-11-04 19:47:12.130,배재형,0,"What can Hazel and Xavier trade to each get what they want?
 Options: A: Hazel can trade her tomatoes for Xavier's broccoli., B: Hazel can trade her tomatoes for Xavier's carrots., C: Xavier can trade his broccoli for Hazel's oranges., D: Xavier can trade his almonds for Hazel's tomatoes.",B
201,15,802,logical reasoning,common reasoning,"What will happen next?
Options: A: the kid is gonna slide through, B: the kid is gonna crash into the other kid, C: the other kid is gonna dodge, D: both A,B, and C",D,False,2025-11-05 00:48:32.876,박지윤,0,"What can Hazel and Xavier trade to each get what they want?
 Options: A: Hazel can trade her tomatoes for Xavier's broccoli., B: Hazel can trade her tomatoes for Xavier's carrots., C: Xavier can trade his broccoli for Hazel's oranges., D: Xavier can trade his almonds for Hazel's tomatoes.",C
202,15,802,logical reasoning,common reasoning,"What will happen next?
Options: A: the kid is gonna slide through, B: the kid is gonna crash into the other kid, C: the other kid is gonna dodge, D: both A,B, and C",D,False,2025-11-05 01:48:20.004,박호조,0,"What can Hazel and Xavier trade to each get what they want?
 Options: A: Hazel can trade her tomatoes for Xavier's broccoli., B: Hazel can trade her tomatoes for Xavier's carrots., C: Xavier can trade his broccoli for Hazel's oranges., D: Xavier can trade his almonds for Hazel's tomatoes.",C
203,15,802,logical reasoning,common reasoning,"What will happen next?
Options: A: the kid is gonna slide through, B: the kid is gonna crash into the other kid, C: the other kid is gonna dodge, D: both A,B, and C",D,True,2025-11-10 18:47:19.220,J,0,"What can Hazel and Xavier trade to each get what they want?
 Options: A: Hazel can trade her tomatoes for Xavier's broccoli., B: Hazel can trade her tomatoes for Xavier's carrots., C: Xavier can trade his broccoli for Hazel's oranges., D: Xavier can trade his almonds for Hazel's tomatoes.",D
204,15,802,logical reasoning,common reasoning,"What will happen next?
Options: A: the kid is gonna slide through, B: the kid is gonna crash into the other kid, C: the other kid is gonna dodge, D: both A,B, and C",D,True,2025-11-11 15:27:53.412, KDY,0,"What can Hazel and Xavier trade to each get what they want?
 Options: A: Hazel can trade her tomatoes for Xavier's broccoli., B: Hazel can trade her tomatoes for Xavier's carrots., C: Xavier can trade his broccoli for Hazel's oranges., D: Xavier can trade his almonds for Hazel's tomatoes.",D
205,15,802,logical reasoning,common reasoning,"What will happen next?
Options: A: the kid is gonna slide through, B: the kid is gonna crash into the other kid, C: the other kid is gonna dodge, D: both A,B, and C",D,False,2025-11-11 20:35:43.975,Kathy,0,"What can Hazel and Xavier trade to each get what they want?
 Options: A: Hazel can trade her tomatoes for Xavier's broccoli., B: Hazel can trade her tomatoes for Xavier's carrots., C: Xavier can trade his broccoli for Hazel's oranges., D: Xavier can trade his almonds for Hazel's tomatoes.",C
206,15,802,logical reasoning,common reasoning,"What will happen next?
Options: A: the kid is gonna slide through, B: the kid is gonna crash into the other kid, C: the other kid is gonna dodge, D: both A,B, and C",D,False,2025-11-13 17:20:30.179,JMG,0,"What can Hazel and Xavier trade to each get what they want?
 Options: A: Hazel can trade her tomatoes for Xavier's broccoli., B: Hazel can trade her tomatoes for Xavier's carrots., C: Xavier can trade his broccoli for Hazel's oranges., D: Xavier can trade his almonds for Hazel's tomatoes.",B
207,15,802,logical reasoning,common reasoning,"What will happen next?
Options: A: the kid is gonna slide through, B: the kid is gonna crash into the other kid, C: the other kid is gonna dodge, D: both A,B, and C",D,False,2025-11-14 21:27:23.659,조희승,0,"What can Hazel and Xavier trade to each get what they want?
 Options: A: Hazel can trade her tomatoes for Xavier's broccoli., B: Hazel can trade her tomatoes for Xavier's carrots., C: Xavier can trade his broccoli for Hazel's oranges., D: Xavier can trade his almonds for Hazel's tomatoes.",B
208,16,598,instance reasoning,single-instance reasoning,"The object shown in this figure:
Options: A: Is a colorless liquid with a slightly metallic taste, B: Is a powerful oxidizer that can cause skin and eye irritation, C: Has a boiling point of 150.2°C, D: None of these options are correct.",B,False,2025-11-04 16:37:21.079,Winnie,0,"Which of the following objects has the highest density in the image?
 Options: A: Palm trees, B: Trees, C: Sand, D: Dead grass",C
209,16,598,instance reasoning,single-instance reasoning,"The object shown in this figure:
Options: A: Is a colorless liquid with a slightly metallic taste, B: Is a powerful oxidizer that can cause skin and eye irritation, C: Has a boiling point of 150.2°C, D: None of these options are correct.",B,False,2025-11-04 16:55:47.964,JJH,0,"Which of the following objects has the highest density in the image?
 Options: A: Palm trees, B: Trees, C: Sand, D: Dead grass",C
210,16,598,instance reasoning,single-instance reasoning,"The object shown in this figure:
Options: A: Is a colorless liquid with a slightly metallic taste, B: Is a powerful oxidizer that can cause skin and eye irritation, C: Has a boiling point of 150.2°C, D: None of these options are correct.",B,False,2025-11-04 17:09:00.783,Lee,0,"Which of the following objects has the highest density in the image?
 Options: A: Palm trees, B: Trees, C: Sand, D: Dead grass",C
211,16,598,instance reasoning,single-instance reasoning,"The object shown in this figure:
Options: A: Is a colorless liquid with a slightly metallic taste, B: Is a powerful oxidizer that can cause skin and eye irritation, C: Has a boiling point of 150.2°C, D: None of these options are correct.",B,False,2025-11-04 17:16:55.232,성민석,0,"Which of the following objects has the highest density in the image?
 Options: A: Palm trees, B: Trees, C: Sand, D: Dead grass",C
212,16,598,instance reasoning,single-instance reasoning,"The object shown in this figure:
Options: A: Is a colorless liquid with a slightly metallic taste, B: Is a powerful oxidizer that can cause skin and eye irritation, C: Has a boiling point of 150.2°C, D: None of these options are correct.",B,False,2025-11-04 18:35:45.170,EJ,0,"Which of the following objects has the highest density in the image?
 Options: A: Palm trees, B: Trees, C: Sand, D: Dead grass",C
213,16,598,instance reasoning,single-instance reasoning,"The object shown in this figure:
Options: A: Is a colorless liquid with a slightly metallic taste, B: Is a powerful oxidizer that can cause skin and eye irritation, C: Has a boiling point of 150.2°C, D: None of these options are correct.",B,False,2025-11-04 19:47:12.130,배재형,0,"Which of the following objects has the highest density in the image?
 Options: A: Palm trees, B: Trees, C: Sand, D: Dead grass",C
214,16,598,instance reasoning,single-instance reasoning,"The object shown in this figure:
Options: A: Is a colorless liquid with a slightly metallic taste, B: Is a powerful oxidizer that can cause skin and eye irritation, C: Has a boiling point of 150.2°C, D: None of these options are correct.",B,False,2025-11-05 00:48:32.876,박지윤,0,"Which of the following objects has the highest density in the image?
 Options: A: Palm trees, B: Trees, C: Sand, D: Dead grass",C
215,16,598,instance reasoning,single-instance reasoning,"The object shown in this figure:
Options: A: Is a colorless liquid with a slightly metallic taste, B: Is a powerful oxidizer that can cause skin and eye irritation, C: Has a boiling point of 150.2°C, D: None of these options are correct.",B,False,2025-11-05 01:48:20.004,박호조,0,"Which of the following objects has the highest density in the image?
 Options: A: Palm trees, B: Trees, C: Sand, D: Dead grass",A
216,16,598,instance reasoning,single-instance reasoning,"The object shown in this figure:
Options: A: Is a colorless liquid with a slightly metallic taste, B: Is a powerful oxidizer that can cause skin and eye irritation, C: Has a boiling point of 150.2°C, D: None of these options are correct.",B,True,2025-11-10 18:47:19.220,J,0,"Which of the following objects has the highest density in the image?
 Options: A: Palm trees, B: Trees, C: Sand, D: Dead grass",B
217,16,598,instance reasoning,single-instance reasoning,"The object shown in this figure:
Options: A: Is a colorless liquid with a slightly metallic taste, B: Is a powerful oxidizer that can cause skin and eye irritation, C: Has a boiling point of 150.2°C, D: None of these options are correct.",B,False,2025-11-11 15:27:53.412, KDY,0,"Which of the following objects has the highest density in the image?
 Options: A: Palm trees, B: Trees, C: Sand, D: Dead grass",C
218,16,598,instance reasoning,single-instance reasoning,"The object shown in this figure:
Options: A: Is a colorless liquid with a slightly metallic taste, B: Is a powerful oxidizer that can cause skin and eye irritation, C: Has a boiling point of 150.2°C, D: None of these options are correct.",B,False,2025-11-11 20:35:43.975,Kathy,0,"Which of the following objects has the highest density in the image?
 Options: A: Palm trees, B: Trees, C: Sand, D: Dead grass",C
219,16,598,instance reasoning,single-instance reasoning,"The object shown in this figure:
Options: A: Is a colorless liquid with a slightly metallic taste, B: Is a powerful oxidizer that can cause skin and eye irritation, C: Has a boiling point of 150.2°C, D: None of these options are correct.",B,False,2025-11-13 17:20:30.179,JMG,0,"Which of the following objects has the highest density in the image?
 Options: A: Palm trees, B: Trees, C: Sand, D: Dead grass",A
220,16,598,instance reasoning,single-instance reasoning,"The object shown in this figure:
Options: A: Is a colorless liquid with a slightly metallic taste, B: Is a powerful oxidizer that can cause skin and eye irritation, C: Has a boiling point of 150.2°C, D: None of these options are correct.",B,True,2025-11-14 21:27:23.659,조희승,0,"Which of the following objects has the highest density in the image?
 Options: A: Palm trees, B: Trees, C: Sand, D: Dead grass",B
221,17,569,instance reasoning,cross-instance relation reasoning,"Which property do these three objects have in common?
Options: A: blue, B: smooth, C: flexible, D: nan",B,False,2025-11-04 16:37:21.079,Winnie,0,"What is the most likely purpose of this poster?
 Options: A: To celebrate New Year., B: To celebrate someone's birthday., C: To celebrate Christmas., D: To celebrate National Day.",C
222,17,569,instance reasoning,cross-instance relation reasoning,"Which property do these three objects have in common?
Options: A: blue, B: smooth, C: flexible, D: nan",B,False,2025-11-04 16:55:47.964,JJH,0,"What is the most likely purpose of this poster?
 Options: A: To celebrate New Year., B: To celebrate someone's birthday., C: To celebrate Christmas., D: To celebrate National Day.",A
223,17,569,instance reasoning,cross-instance relation reasoning,"Which property do these three objects have in common?
Options: A: blue, B: smooth, C: flexible, D: nan",B,False,2025-11-04 17:09:00.783,Lee,0,"What is the most likely purpose of this poster?
 Options: A: To celebrate New Year., B: To celebrate someone's birthday., C: To celebrate Christmas., D: To celebrate National Day.",C
224,17,569,instance reasoning,cross-instance relation reasoning,"Which property do these three objects have in common?
Options: A: blue, B: smooth, C: flexible, D: nan",B,True,2025-11-04 17:16:55.232,성민석,0,"What is the most likely purpose of this poster?
 Options: A: To celebrate New Year., B: To celebrate someone's birthday., C: To celebrate Christmas., D: To celebrate National Day.",B
225,17,569,instance reasoning,cross-instance relation reasoning,"Which property do these three objects have in common?
Options: A: blue, B: smooth, C: flexible, D: nan",B,False,2025-11-04 18:35:45.170,EJ,0,"What is the most likely purpose of this poster?
 Options: A: To celebrate New Year., B: To celebrate someone's birthday., C: To celebrate Christmas., D: To celebrate National Day.",A
226,17,569,instance reasoning,cross-instance relation reasoning,"Which property do these three objects have in common?
Options: A: blue, B: smooth, C: flexible, D: nan",B,True,2025-11-04 19:47:12.130,배재형,0,"What is the most likely purpose of this poster?
 Options: A: To celebrate New Year., B: To celebrate someone's birthday., C: To celebrate Christmas., D: To celebrate National Day.",B
227,17,569,instance reasoning,cross-instance relation reasoning,"Which property do these three objects have in common?
Options: A: blue, B: smooth, C: flexible, D: nan",B,False,2025-11-05 00:48:32.876,박지윤,0,"What is the most likely purpose of this poster?
 Options: A: To celebrate New Year., B: To celebrate someone's birthday., C: To celebrate Christmas., D: To celebrate National Day.",D
228,17,569,instance reasoning,cross-instance relation reasoning,"Which property do these three objects have in common?
Options: A: blue, B: smooth, C: flexible, D: nan",B,True,2025-11-05 01:48:20.004,박호조,0,"What is the most likely purpose of this poster?
 Options: A: To celebrate New Year., B: To celebrate someone's birthday., C: To celebrate Christmas., D: To celebrate National Day.",B
229,17,569,instance reasoning,cross-instance relation reasoning,"Which property do these three objects have in common?
Options: A: blue, B: smooth, C: flexible, D: nan",B,False,2025-11-10 18:47:19.220,J,0,"What is the most likely purpose of this poster?
 Options: A: To celebrate New Year., B: To celebrate someone's birthday., C: To celebrate Christmas., D: To celebrate National Day.",C
230,17,569,instance reasoning,cross-instance relation reasoning,"Which property do these three objects have in common?
Options: A: blue, B: smooth, C: flexible, D: nan",B,False,2025-11-11 15:27:53.412, KDY,0,"What is the most likely purpose of this poster?
 Options: A: To celebrate New Year., B: To celebrate someone's birthday., C: To celebrate Christmas., D: To celebrate National Day.",A
231,17,569,instance reasoning,cross-instance relation reasoning,"Which property do these three objects have in common?
Options: A: blue, B: smooth, C: flexible, D: nan",B,False,2025-11-11 20:35:43.975,Kathy,0,"What is the most likely purpose of this poster?
 Options: A: To celebrate New Year., B: To celebrate someone's birthday., C: To celebrate Christmas., D: To celebrate National Day.",C
232,17,569,instance reasoning,cross-instance relation reasoning,"Which property do these three objects have in common?
Options: A: blue, B: smooth, C: flexible, D: nan",B,False,2025-11-13 17:20:30.179,JMG,0,"What is the most likely purpose of this poster?
 Options: A: To celebrate New Year., B: To celebrate someone's birthday., C: To celebrate Christmas., D: To celebrate National Day.",A
233,17,569,instance reasoning,cross-instance relation reasoning,"Which property do these three objects have in common?
Options: A: blue, B: smooth, C: flexible, D: nan",B,False,2025-11-14 21:27:23.659,조희승,0,"What is the most likely purpose of this poster?
 Options: A: To celebrate New Year., B: To celebrate someone's birthday., C: To celebrate Christmas., D: To celebrate National Day.",C
234,18,1394,science & technology,geography & earth science & agriculture,"What stage has a speed of 1670 km/hr?
Options: A: none of the above, B: B, C: C, D: A",B,True,2025-11-04 16:37:21.079,Winnie,0,"How many teddy bears are in the picture?
 Options: A: Two, B: One, C: Three, D: Four",B
235,18,1394,science & technology,geography & earth science & agriculture,"What stage has a speed of 1670 km/hr?
Options: A: none of the above, B: B, C: C, D: A",B,True,2025-11-04 16:55:47.964,JJH,0,"How many teddy bears are in the picture?
 Options: A: Two, B: One, C: Three, D: Four",B
236,18,1394,science & technology,geography & earth science & agriculture,"What stage has a speed of 1670 km/hr?
Options: A: none of the above, B: B, C: C, D: A",B,False,2025-11-04 17:09:00.783,Lee,0,"How many teddy bears are in the picture?
 Options: A: Two, B: One, C: Three, D: Four",C
237,18,1394,science & technology,geography & earth science & agriculture,"What stage has a speed of 1670 km/hr?
Options: A: none of the above, B: B, C: C, D: A",B,False,2025-11-04 17:16:55.232,성민석,0,"How many teddy bears are in the picture?
 Options: A: Two, B: One, C: Three, D: Four",A
238,18,1394,science & technology,geography & earth science & agriculture,"What stage has a speed of 1670 km/hr?
Options: A: none of the above, B: B, C: C, D: A",B,False,2025-11-04 18:35:45.170,EJ,0,"How many teddy bears are in the picture?
 Options: A: Two, B: One, C: Three, D: Four",A
239,18,1394,science & technology,geography & earth science & agriculture,"What stage has a speed of 1670 km/hr?
Options: A: none of the above, B: B, C: C, D: A",B,False,2025-11-04 19:47:12.130,배재형,0,"How many teddy bears are in the picture?
 Options: A: Two, B: One, C: Three, D: Four",A
240,18,1394,science & technology,geography & earth science & agriculture,"What stage has a speed of 1670 km/hr?
Options: A: none of the above, B: B, C: C, D: A",B,True,2025-11-05 00:48:32.876,박지윤,0,"How many teddy bears are in the picture?
 Options: A: Two, B: One, C: Three, D: Four",B
241,18,1394,science & technology,geography & earth science & agriculture,"What stage has a speed of 1670 km/hr?
Options: A: none of the above, B: B, C: C, D: A",B,False,2025-11-05 01:48:20.004,박호조,0,"How many teddy bears are in the picture?
 Options: A: Two, B: One, C: Three, D: Four",C
242,18,1394,science & technology,geography & earth science & agriculture,"What stage has a speed of 1670 km/hr?
Options: A: none of the above, B: B, C: C, D: A",B,False,2025-11-10 18:47:19.220,J,0,"How many teddy bears are in the picture?
 Options: A: Two, B: One, C: Three, D: Four",C
243,18,1394,science & technology,geography & earth science & agriculture,"What stage has a speed of 1670 km/hr?
Options: A: none of the above, B: B, C: C, D: A",B,True,2025-11-11 15:27:53.412, KDY,0,"How many teddy bears are in the picture?
 Options: A: Two, B: One, C: Three, D: Four",B
244,18,1394,science & technology,geography & earth science & agriculture,"What stage has a speed of 1670 km/hr?
Options: A: none of the above, B: B, C: C, D: A",B,True,2025-11-11 20:35:43.975,Kathy,0,"How many teddy bears are in the picture?
 Options: A: Two, B: One, C: Three, D: Four",B
245,18,1394,science & technology,geography & earth science & agriculture,"What stage has a speed of 1670 km/hr?
Options: A: none of the above, B: B, C: C, D: A",B,False,2025-11-13 17:20:30.179,JMG,0,"How many teddy bears are in the picture?
 Options: A: Two, B: One, C: Three, D: Four",D
246,18,1394,science & technology,geography & earth science & agriculture,"What stage has a speed of 1670 km/hr?
Options: A: none of the above, B: B, C: C, D: A",B,False,2025-11-14 21:27:23.659,조희승,0,"How many teddy bears are in the picture?
 Options: A: Two, B: One, C: Three, D: Four",A
247,19,959,math,geometry,"Hint: Please answer the question and provide the correct option letter, e.g., A, B, C, D, at the end.
Question: As shown in the figure, points A, B, and C are on ⊙O, if ∠C = 35.0, then ∠AOB = ()
Choices:
(A) 17.5°
(B) 35°
(C) 60°
(D) 70°",D,False,2025-11-04 16:37:21.079,Winnie,0,"is this place crowded?
 Options: A: yes, B: no",A
248,19,959,math,geometry,"Hint: Please answer the question and provide the correct option letter, e.g., A, B, C, D, at the end.
Question: As shown in the figure, points A, B, and C are on ⊙O, if ∠C = 35.0, then ∠AOB = ()
Choices:
(A) 17.5°
(B) 35°
(C) 60°
(D) 70°",D,False,2025-11-04 16:55:47.964,JJH,0,"is this place crowded?
 Options: A: yes, B: no",B
249,19,959,math,geometry,"Hint: Please answer the question and provide the correct option letter, e.g., A, B, C, D, at the end.
Question: As shown in the figure, points A, B, and C are on ⊙O, if ∠C = 35.0, then ∠AOB = ()
Choices:
(A) 17.5°
(B) 35°
(C) 60°
(D) 70°",D,False,2025-11-04 17:09:00.783,Lee,0,"is this place crowded?
 Options: A: yes, B: no",A
250,19,959,math,geometry,"Hint: Please answer the question and provide the correct option letter, e.g., A, B, C, D, at the end.
Question: As shown in the figure, points A, B, and C are on ⊙O, if ∠C = 35.0, then ∠AOB = ()
Choices:
(A) 17.5°
(B) 35°
(C) 60°
(D) 70°",D,False,2025-11-04 17:16:55.232,성민석,0,"is this place crowded?
 Options: A: yes, B: no",B
251,19,959,math,geometry,"Hint: Please answer the question and provide the correct option letter, e.g., A, B, C, D, at the end.
Question: As shown in the figure, points A, B, and C are on ⊙O, if ∠C = 35.0, then ∠AOB = ()
Choices:
(A) 17.5°
(B) 35°
(C) 60°
(D) 70°",D,False,2025-11-04 18:35:45.170,EJ,0,"is this place crowded?
 Options: A: yes, B: no",A
252,19,959,math,geometry,"Hint: Please answer the question and provide the correct option letter, e.g., A, B, C, D, at the end.
Question: As shown in the figure, points A, B, and C are on ⊙O, if ∠C = 35.0, then ∠AOB = ()
Choices:
(A) 17.5°
(B) 35°
(C) 60°
(D) 70°",D,False,2025-11-04 19:47:12.130,배재형,0,"is this place crowded?
 Options: A: yes, B: no",A
253,19,959,math,geometry,"Hint: Please answer the question and provide the correct option letter, e.g., A, B, C, D, at the end.
Question: As shown in the figure, points A, B, and C are on ⊙O, if ∠C = 35.0, then ∠AOB = ()
Choices:
(A) 17.5°
(B) 35°
(C) 60°
(D) 70°",D,False,2025-11-05 00:48:32.876,박지윤,0,"is this place crowded?
 Options: A: yes, B: no",A
254,19,959,math,geometry,"Hint: Please answer the question and provide the correct option letter, e.g., A, B, C, D, at the end.
Question: As shown in the figure, points A, B, and C are on ⊙O, if ∠C = 35.0, then ∠AOB = ()
Choices:
(A) 17.5°
(B) 35°
(C) 60°
(D) 70°",D,False,2025-11-05 01:48:20.004,박호조,0,"is this place crowded?
 Options: A: yes, B: no",A
255,19,959,math,geometry,"Hint: Please answer the question and provide the correct option letter, e.g., A, B, C, D, at the end.
Question: As shown in the figure, points A, B, and C are on ⊙O, if ∠C = 35.0, then ∠AOB = ()
Choices:
(A) 17.5°
(B) 35°
(C) 60°
(D) 70°",D,False,2025-11-10 18:47:19.220,J,0,"is this place crowded?
 Options: A: yes, B: no",B
256,19,959,math,geometry,"Hint: Please answer the question and provide the correct option letter, e.g., A, B, C, D, at the end.
Question: As shown in the figure, points A, B, and C are on ⊙O, if ∠C = 35.0, then ∠AOB = ()
Choices:
(A) 17.5°
(B) 35°
(C) 60°
(D) 70°",D,False,2025-11-11 15:27:53.412, KDY,0,"is this place crowded?
 Options: A: yes, B: no",B
257,19,959,math,geometry,"Hint: Please answer the question and provide the correct option letter, e.g., A, B, C, D, at the end.
Question: As shown in the figure, points A, B, and C are on ⊙O, if ∠C = 35.0, then ∠AOB = ()
Choices:
(A) 17.5°
(B) 35°
(C) 60°
(D) 70°",D,False,2025-11-11 20:35:43.975,Kathy,0,"is this place crowded?
 Options: A: yes, B: no",A
258,19,959,math,geometry,"Hint: Please answer the question and provide the correct option letter, e.g., A, B, C, D, at the end.
Question: As shown in the figure, points A, B, and C are on ⊙O, if ∠C = 35.0, then ∠AOB = ()
Choices:
(A) 17.5°
(B) 35°
(C) 60°
(D) 70°",D,False,2025-11-13 17:20:30.179,JMG,0,"is this place crowded?
 Options: A: yes, B: no",A
259,19,959,math,geometry,"Hint: Please answer the question and provide the correct option letter, e.g., A, B, C, D, at the end.
Question: As shown in the figure, points A, B, and C are on ⊙O, if ∠C = 35.0, then ∠AOB = ()
Choices:
(A) 17.5°
(B) 35°
(C) 60°
(D) 70°",D,False,2025-11-14 21:27:23.659,조희승,0,"is this place crowded?
 Options: A: yes, B: no",A
260,20,696,logical reasoning,code & sequence reasoning,"Hint: Please answer the question and provide the correct option letter, e.g., A, B, C, D, at the end.
Question: What number is shown?
Choices:
(A) 9597
(B) 9567
(C) 6567
(D) 9667",B,True,2025-11-04 16:37:21.079,Winnie,0,"What color is the building in the foreground?
 Options: A: Blue, B: Grey, C: White, D: Black",B
261,20,696,logical reasoning,code & sequence reasoning,"Hint: Please answer the question and provide the correct option letter, e.g., A, B, C, D, at the end.
Question: What number is shown?
Choices:
(A) 9597
(B) 9567
(C) 6567
(D) 9667",B,True,2025-11-04 16:55:47.964,JJH,0,"What color is the building in the foreground?
 Options: A: Blue, B: Grey, C: White, D: Black",B
262,20,696,logical reasoning,code & sequence reasoning,"Hint: Please answer the question and provide the correct option letter, e.g., A, B, C, D, at the end.
Question: What number is shown?
Choices:
(A) 9597
(B) 9567
(C) 6567
(D) 9667",B,False,2025-11-04 17:09:00.783,Lee,0,"What color is the building in the foreground?
 Options: A: Blue, B: Grey, C: White, D: Black",A
263,20,696,logical reasoning,code & sequence reasoning,"Hint: Please answer the question and provide the correct option letter, e.g., A, B, C, D, at the end.
Question: What number is shown?
Choices:
(A) 9597
(B) 9567
(C) 6567
(D) 9667",B,True,2025-11-04 17:16:55.232,성민석,0,"What color is the building in the foreground?
 Options: A: Blue, B: Grey, C: White, D: Black",B
264,20,696,logical reasoning,code & sequence reasoning,"Hint: Please answer the question and provide the correct option letter, e.g., A, B, C, D, at the end.
Question: What number is shown?
Choices:
(A) 9597
(B) 9567
(C) 6567
(D) 9667",B,True,2025-11-04 18:35:45.170,EJ,0,"What color is the building in the foreground?
 Options: A: Blue, B: Grey, C: White, D: Black",B
265,20,696,logical reasoning,code & sequence reasoning,"Hint: Please answer the question and provide the correct option letter, e.g., A, B, C, D, at the end.
Question: What number is shown?
Choices:
(A) 9597
(B) 9567
(C) 6567
(D) 9667",B,True,2025-11-04 19:47:12.130,배재형,0,"What color is the building in the foreground?
 Options: A: Blue, B: Grey, C: White, D: Black",B
266,20,696,logical reasoning,code & sequence reasoning,"Hint: Please answer the question and provide the correct option letter, e.g., A, B, C, D, at the end.
Question: What number is shown?
Choices:
(A) 9597
(B) 9567
(C) 6567
(D) 9667",B,True,2025-11-05 00:48:32.876,박지윤,0,"What color is the building in the foreground?
 Options: A: Blue, B: Grey, C: White, D: Black",B
267,20,696,logical reasoning,code & sequence reasoning,"Hint: Please answer the question and provide the correct option letter, e.g., A, B, C, D, at the end.
Question: What number is shown?
Choices:
(A) 9597
(B) 9567
(C) 6567
(D) 9667",B,False,2025-11-05 01:48:20.004,박호조,0,"What color is the building in the foreground?
 Options: A: Blue, B: Grey, C: White, D: Black",A
268,20,696,logical reasoning,code & sequence reasoning,"Hint: Please answer the question and provide the correct option letter, e.g., A, B, C, D, at the end.
Question: What number is shown?
Choices:
(A) 9597
(B) 9567
(C) 6567
(D) 9667",B,True,2025-11-10 18:47:19.220,J,0,"What color is the building in the foreground?
 Options: A: Blue, B: Grey, C: White, D: Black",B
269,20,696,logical reasoning,code & sequence reasoning,"Hint: Please answer the question and provide the correct option letter, e.g., A, B, C, D, at the end.
Question: What number is shown?
Choices:
(A) 9597
(B) 9567
(C) 6567
(D) 9667",B,False,2025-11-11 15:27:53.412, KDY,0,"What color is the building in the foreground?
 Options: A: Blue, B: Grey, C: White, D: Black",A
270,20,696,logical reasoning,code & sequence reasoning,"Hint: Please answer the question and provide the correct option letter, e.g., A, B, C, D, at the end.
Question: What number is shown?
Choices:
(A) 9597
(B) 9567
(C) 6567
(D) 9667",B,True,2025-11-11 20:35:43.975,Kathy,0,"What color is the building in the foreground?
 Options: A: Blue, B: Grey, C: White, D: Black",B
271,20,696,logical reasoning,code & sequence reasoning,"Hint: Please answer the question and provide the correct option letter, e.g., A, B, C, D, at the end.
Question: What number is shown?
Choices:
(A) 9597
(B) 9567
(C) 6567
(D) 9667",B,False,2025-11-13 17:20:30.179,JMG,0,"What color is the building in the foreground?
 Options: A: Blue, B: Grey, C: White, D: Black",C
272,20,696,logical reasoning,code & sequence reasoning,"Hint: Please answer the question and provide the correct option letter, e.g., A, B, C, D, at the end.
Question: What number is shown?
Choices:
(A) 9597
(B) 9567
(C) 6567
(D) 9667",B,True,2025-11-14 21:27:23.659,조희승,0,"What color is the building in the foreground?
 Options: A: Blue, B: Grey, C: White, D: Black",B
273,21,1013,math,geometry,"Hint: Please answer the question and provide the correct option letter, e.g., A, B, C, D, at the end.
Question: What is the radius of this circle?
Choices:
(A) 2.5
(B) 10
(C) 2
(D) 5",D,False,2025-11-04 16:37:21.079,Winnie,0,"What is the shape of the object with an angel face and wings in the image?
 Options: A: Egg-shaped, B: Square, C: Round, D: Star-shaped",A
274,21,1013,math,geometry,"Hint: Please answer the question and provide the correct option letter, e.g., A, B, C, D, at the end.
Question: What is the radius of this circle?
Choices:
(A) 2.5
(B) 10
(C) 2
(D) 5",D,True,2025-11-04 16:55:47.964,JJH,0,"What is the shape of the object with an angel face and wings in the image?
 Options: A: Egg-shaped, B: Square, C: Round, D: Star-shaped",D
275,21,1013,math,geometry,"Hint: Please answer the question and provide the correct option letter, e.g., A, B, C, D, at the end.
Question: What is the radius of this circle?
Choices:
(A) 2.5
(B) 10
(C) 2
(D) 5",D,False,2025-11-04 17:09:00.783,Lee,0,"What is the shape of the object with an angel face and wings in the image?
 Options: A: Egg-shaped, B: Square, C: Round, D: Star-shaped",C
276,21,1013,math,geometry,"Hint: Please answer the question and provide the correct option letter, e.g., A, B, C, D, at the end.
Question: What is the radius of this circle?
Choices:
(A) 2.5
(B) 10
(C) 2
(D) 5",D,False,2025-11-04 17:16:55.232,성민석,0,"What is the shape of the object with an angel face and wings in the image?
 Options: A: Egg-shaped, B: Square, C: Round, D: Star-shaped",A
277,21,1013,math,geometry,"Hint: Please answer the question and provide the correct option letter, e.g., A, B, C, D, at the end.
Question: What is the radius of this circle?
Choices:
(A) 2.5
(B) 10
(C) 2
(D) 5",D,True,2025-11-04 18:35:45.170,EJ,0,"What is the shape of the object with an angel face and wings in the image?
 Options: A: Egg-shaped, B: Square, C: Round, D: Star-shaped",D
278,21,1013,math,geometry,"Hint: Please answer the question and provide the correct option letter, e.g., A, B, C, D, at the end.
Question: What is the radius of this circle?
Choices:
(A) 2.5
(B) 10
(C) 2
(D) 5",D,True,2025-11-04 19:47:12.130,배재형,0,"What is the shape of the object with an angel face and wings in the image?
 Options: A: Egg-shaped, B: Square, C: Round, D: Star-shaped",D
279,21,1013,math,geometry,"Hint: Please answer the question and provide the correct option letter, e.g., A, B, C, D, at the end.
Question: What is the radius of this circle?
Choices:
(A) 2.5
(B) 10
(C) 2
(D) 5",D,False,2025-11-05 00:48:32.876,박지윤,0,"What is the shape of the object with an angel face and wings in the image?
 Options: A: Egg-shaped, B: Square, C: Round, D: Star-shaped",A
280,21,1013,math,geometry,"Hint: Please answer the question and provide the correct option letter, e.g., A, B, C, D, at the end.
Question: What is the radius of this circle?
Choices:
(A) 2.5
(B) 10
(C) 2
(D) 5",D,True,2025-11-05 01:48:20.004,박호조,0,"What is the shape of the object with an angel face and wings in the image?
 Options: A: Egg-shaped, B: Square, C: Round, D: Star-shaped",D
281,21,1013,math,geometry,"Hint: Please answer the question and provide the correct option letter, e.g., A, B, C, D, at the end.
Question: What is the radius of this circle?
Choices:
(A) 2.5
(B) 10
(C) 2
(D) 5",D,False,2025-11-10 18:47:19.220,J,0,"What is the shape of the object with an angel face and wings in the image?
 Options: A: Egg-shaped, B: Square, C: Round, D: Star-shaped",A
282,21,1013,math,geometry,"Hint: Please answer the question and provide the correct option letter, e.g., A, B, C, D, at the end.
Question: What is the radius of this circle?
Choices:
(A) 2.5
(B) 10
(C) 2
(D) 5",D,False,2025-11-11 15:27:53.412, KDY,0,"What is the shape of the object with an angel face and wings in the image?
 Options: A: Egg-shaped, B: Square, C: Round, D: Star-shaped",C
283,21,1013,math,geometry,"Hint: Please answer the question and provide the correct option letter, e.g., A, B, C, D, at the end.
Question: What is the radius of this circle?
Choices:
(A) 2.5
(B) 10
(C) 2
(D) 5",D,True,2025-11-11 20:35:43.975,Kathy,0,"What is the shape of the object with an angel face and wings in the image?
 Options: A: Egg-shaped, B: Square, C: Round, D: Star-shaped",D
284,21,1013,math,geometry,"Hint: Please answer the question and provide the correct option letter, e.g., A, B, C, D, at the end.
Question: What is the radius of this circle?
Choices:
(A) 2.5
(B) 10
(C) 2
(D) 5",D,False,2025-11-13 17:20:30.179,JMG,0,"What is the shape of the object with an angel face and wings in the image?
 Options: A: Egg-shaped, B: Square, C: Round, D: Star-shaped",A
285,21,1013,math,geometry,"Hint: Please answer the question and provide the correct option letter, e.g., A, B, C, D, at the end.
Question: What is the radius of this circle?
Choices:
(A) 2.5
(B) 10
(C) 2
(D) 5",D,False,2025-11-14 21:27:23.659,조희승,0,"What is the shape of the object with an angel face and wings in the image?
 Options: A: Egg-shaped, B: Square, C: Round, D: Star-shaped",A
286,22,1027,math,geometry,"Hint: Please answer the question and provide the correct option letter, e.g., A, B, C, D, at the end.
Question: 如图，A，B两点被池塘隔开，在AB外选一点C，使点C能直接到达点A和点B，连接AC和BC，并分别找出AC和BC的中点M，N．如果测得MN＝20m，那么A，B两点的距离是（）
Choices:
(A) 10m
(B) 20m
(C) 35m
(D) 40m",D,True,2025-11-04 16:37:21.079,Winnie,0,"How many bananas are there in the image?
 Options: A: 3, B: 2, C: 4, D: 5",D
287,22,1027,math,geometry,"Hint: Please answer the question and provide the correct option letter, e.g., A, B, C, D, at the end.
Question: 如图，A，B两点被池塘隔开，在AB外选一点C，使点C能直接到达点A和点B，连接AC和BC，并分别找出AC和BC的中点M，N．如果测得MN＝20m，那么A，B两点的距离是（）
Choices:
(A) 10m
(B) 20m
(C) 35m
(D) 40m",D,False,2025-11-04 16:55:47.964,JJH,0,"How many bananas are there in the image?
 Options: A: 3, B: 2, C: 4, D: 5",B
288,22,1027,math,geometry,"Hint: Please answer the question and provide the correct option letter, e.g., A, B, C, D, at the end.
Question: 如图，A，B两点被池塘隔开，在AB外选一点C，使点C能直接到达点A和点B，连接AC和BC，并分别找出AC和BC的中点M，N．如果测得MN＝20m，那么A，B两点的距离是（）
Choices:
(A) 10m
(B) 20m
(C) 35m
(D) 40m",D,False,2025-11-04 17:09:00.783,Lee,0,"How many bananas are there in the image?
 Options: A: 3, B: 2, C: 4, D: 5",B
289,22,1027,math,geometry,"Hint: Please answer the question and provide the correct option letter, e.g., A, B, C, D, at the end.
Question: 如图，A，B两点被池塘隔开，在AB外选一点C，使点C能直接到达点A和点B，连接AC和BC，并分别找出AC和BC的中点M，N．如果测得MN＝20m，那么A，B两点的距离是（）
Choices:
(A) 10m
(B) 20m
(C) 35m
(D) 40m",D,False,2025-11-04 17:16:55.232,성민석,0,"How many bananas are there in the image?
 Options: A: 3, B: 2, C: 4, D: 5",B
290,22,1027,math,geometry,"Hint: Please answer the question and provide the correct option letter, e.g., A, B, C, D, at the end.
Question: 如图，A，B两点被池塘隔开，在AB外选一点C，使点C能直接到达点A和点B，连接AC和BC，并分别找出AC和BC的中点M，N．如果测得MN＝20m，那么A，B两点的距离是（）
Choices:
(A) 10m
(B) 20m
(C) 35m
(D) 40m",D,False,2025-11-04 18:35:45.170,EJ,0,"How many bananas are there in the image?
 Options: A: 3, B: 2, C: 4, D: 5",A
291,22,1027,math,geometry,"Hint: Please answer the question and provide the correct option letter, e.g., A, B, C, D, at the end.
Question: 如图，A，B两点被池塘隔开，在AB外选一点C，使点C能直接到达点A和点B，连接AC和BC，并分别找出AC和BC的中点M，N．如果测得MN＝20m，那么A，B两点的距离是（）
Choices:
(A) 10m
(B) 20m
(C) 35m
(D) 40m",D,True,2025-11-04 19:47:12.130,배재형,0,"How many bananas are there in the image?
 Options: A: 3, B: 2, C: 4, D: 5",D
292,22,1027,math,geometry,"Hint: Please answer the question and provide the correct option letter, e.g., A, B, C, D, at the end.
Question: 如图，A，B两点被池塘隔开，在AB外选一点C，使点C能直接到达点A和点B，连接AC和BC，并分别找出AC和BC的中点M，N．如果测得MN＝20m，那么A，B两点的距离是（）
Choices:
(A) 10m
(B) 20m
(C) 35m
(D) 40m",D,False,2025-11-05 00:48:32.876,박지윤,0,"How many bananas are there in the image?
 Options: A: 3, B: 2, C: 4, D: 5",B
293,22,1027,math,geometry,"Hint: Please answer the question and provide the correct option letter, e.g., A, B, C, D, at the end.
Question: 如图，A，B两点被池塘隔开，在AB外选一点C，使点C能直接到达点A和点B，连接AC和BC，并分别找出AC和BC的中点M，N．如果测得MN＝20m，那么A，B两点的距离是（）
Choices:
(A) 10m
(B) 20m
(C) 35m
(D) 40m",D,False,2025-11-05 01:48:20.004,박호조,0,"How many bananas are there in the image?
 Options: A: 3, B: 2, C: 4, D: 5",C
294,22,1027,math,geometry,"Hint: Please answer the question and provide the correct option letter, e.g., A, B, C, D, at the end.
Question: 如图，A，B两点被池塘隔开，在AB外选一点C，使点C能直接到达点A和点B，连接AC和BC，并分别找出AC和BC的中点M，N．如果测得MN＝20m，那么A，B两点的距离是（）
Choices:
(A) 10m
(B) 20m
(C) 35m
(D) 40m",D,True,2025-11-10 18:47:19.220,J,0,"How many bananas are there in the image?
 Options: A: 3, B: 2, C: 4, D: 5",D
295,22,1027,math,geometry,"Hint: Please answer the question and provide the correct option letter, e.g., A, B, C, D, at the end.
Question: 如图，A，B两点被池塘隔开，在AB外选一点C，使点C能直接到达点A和点B，连接AC和BC，并分别找出AC和BC的中点M，N．如果测得MN＝20m，那么A，B两点的距离是（）
Choices:
(A) 10m
(B) 20m
(C) 35m
(D) 40m",D,True,2025-11-11 15:27:53.412, KDY,0,"How many bananas are there in the image?
 Options: A: 3, B: 2, C: 4, D: 5",D
296,22,1027,math,geometry,"Hint: Please answer the question and provide the correct option letter, e.g., A, B, C, D, at the end.
Question: 如图，A，B两点被池塘隔开，在AB外选一点C，使点C能直接到达点A和点B，连接AC和BC，并分别找出AC和BC的中点M，N．如果测得MN＝20m，那么A，B两点的距离是（）
Choices:
(A) 10m
(B) 20m
(C) 35m
(D) 40m",D,False,2025-11-11 20:35:43.975,Kathy,0,"How many bananas are there in the image?
 Options: A: 3, B: 2, C: 4, D: 5",B
297,22,1027,math,geometry,"Hint: Please answer the question and provide the correct option letter, e.g., A, B, C, D, at the end.
Question: 如图，A，B两点被池塘隔开，在AB外选一点C，使点C能直接到达点A和点B，连接AC和BC，并分别找出AC和BC的中点M，N．如果测得MN＝20m，那么A，B两点的距离是（）
Choices:
(A) 10m
(B) 20m
(C) 35m
(D) 40m",D,True,2025-11-13 17:20:30.179,JMG,0,"How many bananas are there in the image?
 Options: A: 3, B: 2, C: 4, D: 5",D
298,22,1027,math,geometry,"Hint: Please answer the question and provide the correct option letter, e.g., A, B, C, D, at the end.
Question: 如图，A，B两点被池塘隔开，在AB外选一点C，使点C能直接到达点A和点B，连接AC和BC，并分别找出AC和BC的中点M，N．如果测得MN＝20m，那么A，B两点的距离是（）
Choices:
(A) 10m
(B) 20m
(C) 35m
(D) 40m",D,False,2025-11-14 21:27:23.659,조희승,0,"How many bananas are there in the image?
 Options: A: 3, B: 2, C: 4, D: 5",C
299,23,1093,math,statistical reasoning,"<image 1> A major food manufacturer is concerned that the sales for its skinny french fries have been decreasing. As a part of a feasibility study, the company conducts research into the types of fries sold across the country to determine if the type of fries sold is independent of the area of the country. The results of the study are shown in Table 11.43. Conduct a test of independence. At the 5% significance level, what can you conclude?
Options: A: There is insufficient evidence that types of fries and location are dependent., B: There is sufficient evidence that types of fries and location are dependent., C: Not certain., D: nan",B,False,2025-11-04 16:37:21.079,Winnie,0,"What type of environment is depicted in the picture?
 Options: A: home, B: shopping mall, C: street, D: forest",D
300,23,1093,math,statistical reasoning,"<image 1> A major food manufacturer is concerned that the sales for its skinny french fries have been decreasing. As a part of a feasibility study, the company conducts research into the types of fries sold across the country to determine if the type of fries sold is independent of the area of the country. The results of the study are shown in Table 11.43. Conduct a test of independence. At the 5% significance level, what can you conclude?
Options: A: There is insufficient evidence that types of fries and location are dependent., B: There is sufficient evidence that types of fries and location are dependent., C: Not certain., D: nan",B,False,2025-11-04 16:55:47.964,JJH,0,"What type of environment is depicted in the picture?
 Options: A: home, B: shopping mall, C: street, D: forest",C
301,23,1093,math,statistical reasoning,"<image 1> A major food manufacturer is concerned that the sales for its skinny french fries have been decreasing. As a part of a feasibility study, the company conducts research into the types of fries sold across the country to determine if the type of fries sold is independent of the area of the country. The results of the study are shown in Table 11.43. Conduct a test of independence. At the 5% significance level, what can you conclude?
Options: A: There is insufficient evidence that types of fries and location are dependent., B: There is sufficient evidence that types of fries and location are dependent., C: Not certain., D: nan",B,True,2025-11-04 17:09:00.783,Lee,0,"What type of environment is depicted in the picture?
 Options: A: home, B: shopping mall, C: street, D: forest",B
302,23,1093,math,statistical reasoning,"<image 1> A major food manufacturer is concerned that the sales for its skinny french fries have been decreasing. As a part of a feasibility study, the company conducts research into the types of fries sold across the country to determine if the type of fries sold is independent of the area of the country. The results of the study are shown in Table 11.43. Conduct a test of independence. At the 5% significance level, what can you conclude?
Options: A: There is insufficient evidence that types of fries and location are dependent., B: There is sufficient evidence that types of fries and location are dependent., C: Not certain., D: nan",B,False,2025-11-04 17:16:55.232,성민석,0,"What type of environment is depicted in the picture?
 Options: A: home, B: shopping mall, C: street, D: forest",D
303,23,1093,math,statistical reasoning,"<image 1> A major food manufacturer is concerned that the sales for its skinny french fries have been decreasing. As a part of a feasibility study, the company conducts research into the types of fries sold across the country to determine if the type of fries sold is independent of the area of the country. The results of the study are shown in Table 11.43. Conduct a test of independence. At the 5% significance level, what can you conclude?
Options: A: There is insufficient evidence that types of fries and location are dependent., B: There is sufficient evidence that types of fries and location are dependent., C: Not certain., D: nan",B,False,2025-11-04 18:35:45.170,EJ,0,"What type of environment is depicted in the picture?
 Options: A: home, B: shopping mall, C: street, D: forest",A
304,23,1093,math,statistical reasoning,"<image 1> A major food manufacturer is concerned that the sales for its skinny french fries have been decreasing. As a part of a feasibility study, the company conducts research into the types of fries sold across the country to determine if the type of fries sold is independent of the area of the country. The results of the study are shown in Table 11.43. Conduct a test of independence. At the 5% significance level, what can you conclude?
Options: A: There is insufficient evidence that types of fries and location are dependent., B: There is sufficient evidence that types of fries and location are dependent., C: Not certain., D: nan",B,False,2025-11-04 19:47:12.130,배재형,0,"What type of environment is depicted in the picture?
 Options: A: home, B: shopping mall, C: street, D: forest",D
305,23,1093,math,statistical reasoning,"<image 1> A major food manufacturer is concerned that the sales for its skinny french fries have been decreasing. As a part of a feasibility study, the company conducts research into the types of fries sold across the country to determine if the type of fries sold is independent of the area of the country. The results of the study are shown in Table 11.43. Conduct a test of independence. At the 5% significance level, what can you conclude?
Options: A: There is insufficient evidence that types of fries and location are dependent., B: There is sufficient evidence that types of fries and location are dependent., C: Not certain., D: nan",B,True,2025-11-05 00:48:32.876,박지윤,0,"What type of environment is depicted in the picture?
 Options: A: home, B: shopping mall, C: street, D: forest",B
306,23,1093,math,statistical reasoning,"<image 1> A major food manufacturer is concerned that the sales for its skinny french fries have been decreasing. As a part of a feasibility study, the company conducts research into the types of fries sold across the country to determine if the type of fries sold is independent of the area of the country. The results of the study are shown in Table 11.43. Conduct a test of independence. At the 5% significance level, what can you conclude?
Options: A: There is insufficient evidence that types of fries and location are dependent., B: There is sufficient evidence that types of fries and location are dependent., C: Not certain., D: nan",B,False,2025-11-05 01:48:20.004,박호조,0,"What type of environment is depicted in the picture?
 Options: A: home, B: shopping mall, C: street, D: forest",D
307,23,1093,math,statistical reasoning,"<image 1> A major food manufacturer is concerned that the sales for its skinny french fries have been decreasing. As a part of a feasibility study, the company conducts research into the types of fries sold across the country to determine if the type of fries sold is independent of the area of the country. The results of the study are shown in Table 11.43. Conduct a test of independence. At the 5% significance level, what can you conclude?
Options: A: There is insufficient evidence that types of fries and location are dependent., B: There is sufficient evidence that types of fries and location are dependent., C: Not certain., D: nan",B,False,2025-11-10 18:47:19.220,J,0,"What type of environment is depicted in the picture?
 Options: A: home, B: shopping mall, C: street, D: forest",C
308,23,1093,math,statistical reasoning,"<image 1> A major food manufacturer is concerned that the sales for its skinny french fries have been decreasing. As a part of a feasibility study, the company conducts research into the types of fries sold across the country to determine if the type of fries sold is independent of the area of the country. The results of the study are shown in Table 11.43. Conduct a test of independence. At the 5% significance level, what can you conclude?
Options: A: There is insufficient evidence that types of fries and location are dependent., B: There is sufficient evidence that types of fries and location are dependent., C: Not certain., D: nan",B,False,2025-11-11 15:27:53.412, KDY,0,"What type of environment is depicted in the picture?
 Options: A: home, B: shopping mall, C: street, D: forest",A
309,23,1093,math,statistical reasoning,"<image 1> A major food manufacturer is concerned that the sales for its skinny french fries have been decreasing. As a part of a feasibility study, the company conducts research into the types of fries sold across the country to determine if the type of fries sold is independent of the area of the country. The results of the study are shown in Table 11.43. Conduct a test of independence. At the 5% significance level, what can you conclude?
Options: A: There is insufficient evidence that types of fries and location are dependent., B: There is sufficient evidence that types of fries and location are dependent., C: Not certain., D: nan",B,False,2025-11-11 20:35:43.975,Kathy,0,"What type of environment is depicted in the picture?
 Options: A: home, B: shopping mall, C: street, D: forest",D
310,23,1093,math,statistical reasoning,"<image 1> A major food manufacturer is concerned that the sales for its skinny french fries have been decreasing. As a part of a feasibility study, the company conducts research into the types of fries sold across the country to determine if the type of fries sold is independent of the area of the country. The results of the study are shown in Table 11.43. Conduct a test of independence. At the 5% significance level, what can you conclude?
Options: A: There is insufficient evidence that types of fries and location are dependent., B: There is sufficient evidence that types of fries and location are dependent., C: Not certain., D: nan",B,False,2025-11-13 17:20:30.179,JMG,0,"What type of environment is depicted in the picture?
 Options: A: home, B: shopping mall, C: street, D: forest",C
311,23,1093,math,statistical reasoning,"<image 1> A major food manufacturer is concerned that the sales for its skinny french fries have been decreasing. As a part of a feasibility study, the company conducts research into the types of fries sold across the country to determine if the type of fries sold is independent of the area of the country. The results of the study are shown in Table 11.43. Conduct a test of independence. At the 5% significance level, what can you conclude?
Options: A: There is insufficient evidence that types of fries and location are dependent., B: There is sufficient evidence that types of fries and location are dependent., C: Not certain., D: nan",B,False,2025-11-14 21:27:23.659,조희승,0,"What type of environment is depicted in the picture?
 Options: A: home, B: shopping mall, C: street, D: forest",C
312,24,728,logical reasoning,common reasoning,"Hint: Please answer the question and provide the correct option letter, e.g., A, B, C, D, at the end.
Question: If frogs were removed from this environment what animal would potentially see an increase in its population?
Choices:
(A) crickets
(B) deer
(C) snakes
(D) hawks",A,True,2025-11-04 16:37:21.079,Winnie,0,"Roughly how much of the picture is occupied by the two people on the bench in the picture?
 Options: A: more than 50%, B: less than 30%, C: 0.8, D: more than 60%",A
313,24,728,logical reasoning,common reasoning,"Hint: Please answer the question and provide the correct option letter, e.g., A, B, C, D, at the end.
Question: If frogs were removed from this environment what animal would potentially see an increase in its population?
Choices:
(A) crickets
(B) deer
(C) snakes
(D) hawks",A,False,2025-11-04 16:55:47.964,JJH,0,"Roughly how much of the picture is occupied by the two people on the bench in the picture?
 Options: A: more than 50%, B: less than 30%, C: 0.8, D: more than 60%",B
314,24,728,logical reasoning,common reasoning,"Hint: Please answer the question and provide the correct option letter, e.g., A, B, C, D, at the end.
Question: If frogs were removed from this environment what animal would potentially see an increase in its population?
Choices:
(A) crickets
(B) deer
(C) snakes
(D) hawks",A,True,2025-11-04 17:09:00.783,Lee,0,"Roughly how much of the picture is occupied by the two people on the bench in the picture?
 Options: A: more than 50%, B: less than 30%, C: 0.8, D: more than 60%",A
315,24,728,logical reasoning,common reasoning,"Hint: Please answer the question and provide the correct option letter, e.g., A, B, C, D, at the end.
Question: If frogs were removed from this environment what animal would potentially see an increase in its population?
Choices:
(A) crickets
(B) deer
(C) snakes
(D) hawks",A,False,2025-11-04 17:16:55.232,성민석,0,"Roughly how much of the picture is occupied by the two people on the bench in the picture?
 Options: A: more than 50%, B: less than 30%, C: 0.8, D: more than 60%",B
316,24,728,logical reasoning,common reasoning,"Hint: Please answer the question and provide the correct option letter, e.g., A, B, C, D, at the end.
Question: If frogs were removed from this environment what animal would potentially see an increase in its population?
Choices:
(A) crickets
(B) deer
(C) snakes
(D) hawks",A,False,2025-11-04 18:35:45.170,EJ,0,"Roughly how much of the picture is occupied by the two people on the bench in the picture?
 Options: A: more than 50%, B: less than 30%, C: 0.8, D: more than 60%",B
317,24,728,logical reasoning,common reasoning,"Hint: Please answer the question and provide the correct option letter, e.g., A, B, C, D, at the end.
Question: If frogs were removed from this environment what animal would potentially see an increase in its population?
Choices:
(A) crickets
(B) deer
(C) snakes
(D) hawks",A,False,2025-11-04 19:47:12.130,배재형,0,"Roughly how much of the picture is occupied by the two people on the bench in the picture?
 Options: A: more than 50%, B: less than 30%, C: 0.8, D: more than 60%",D
318,24,728,logical reasoning,common reasoning,"Hint: Please answer the question and provide the correct option letter, e.g., A, B, C, D, at the end.
Question: If frogs were removed from this environment what animal would potentially see an increase in its population?
Choices:
(A) crickets
(B) deer
(C) snakes
(D) hawks",A,True,2025-11-05 00:48:32.876,박지윤,0,"Roughly how much of the picture is occupied by the two people on the bench in the picture?
 Options: A: more than 50%, B: less than 30%, C: 0.8, D: more than 60%",A
319,24,728,logical reasoning,common reasoning,"Hint: Please answer the question and provide the correct option letter, e.g., A, B, C, D, at the end.
Question: If frogs were removed from this environment what animal would potentially see an increase in its population?
Choices:
(A) crickets
(B) deer
(C) snakes
(D) hawks",A,False,2025-11-05 01:48:20.004,박호조,0,"Roughly how much of the picture is occupied by the two people on the bench in the picture?
 Options: A: more than 50%, B: less than 30%, C: 0.8, D: more than 60%",D
320,24,728,logical reasoning,common reasoning,"Hint: Please answer the question and provide the correct option letter, e.g., A, B, C, D, at the end.
Question: If frogs were removed from this environment what animal would potentially see an increase in its population?
Choices:
(A) crickets
(B) deer
(C) snakes
(D) hawks",A,False,2025-11-10 18:47:19.220,J,0,"Roughly how much of the picture is occupied by the two people on the bench in the picture?
 Options: A: more than 50%, B: less than 30%, C: 0.8, D: more than 60%",B
321,24,728,logical reasoning,common reasoning,"Hint: Please answer the question and provide the correct option letter, e.g., A, B, C, D, at the end.
Question: If frogs were removed from this environment what animal would potentially see an increase in its population?
Choices:
(A) crickets
(B) deer
(C) snakes
(D) hawks",A,True,2025-11-11 15:27:53.412, KDY,0,"Roughly how much of the picture is occupied by the two people on the bench in the picture?
 Options: A: more than 50%, B: less than 30%, C: 0.8, D: more than 60%",A
322,24,728,logical reasoning,common reasoning,"Hint: Please answer the question and provide the correct option letter, e.g., A, B, C, D, at the end.
Question: If frogs were removed from this environment what animal would potentially see an increase in its population?
Choices:
(A) crickets
(B) deer
(C) snakes
(D) hawks",A,True,2025-11-11 20:35:43.975,Kathy,0,"Roughly how much of the picture is occupied by the two people on the bench in the picture?
 Options: A: more than 50%, B: less than 30%, C: 0.8, D: more than 60%",A
323,24,728,logical reasoning,common reasoning,"Hint: Please answer the question and provide the correct option letter, e.g., A, B, C, D, at the end.
Question: If frogs were removed from this environment what animal would potentially see an increase in its population?
Choices:
(A) crickets
(B) deer
(C) snakes
(D) hawks",A,False,2025-11-13 17:20:30.179,JMG,0,"Roughly how much of the picture is occupied by the two people on the bench in the picture?
 Options: A: more than 50%, B: less than 30%, C: 0.8, D: more than 60%",D
324,24,728,logical reasoning,common reasoning,"Hint: Please answer the question and provide the correct option letter, e.g., A, B, C, D, at the end.
Question: If frogs were removed from this environment what animal would potentially see an increase in its population?
Choices:
(A) crickets
(B) deer
(C) snakes
(D) hawks",A,True,2025-11-14 21:27:23.659,조희승,0,"Roughly how much of the picture is occupied by the two people on the bench in the picture?
 Options: A: more than 50%, B: less than 30%, C: 0.8, D: more than 60%",A
325,25,947,math,geometry,"Hint: Please answer the question and provide the correct option letter, e.g., A, B, C, D, at the end.
Question: As shown in the figure, PA and PB are tangent to ⊙O to A and B respectively. Point C and point D are the moving points on line segments PA and PB, and CD always remains tangent to circle O. If PA = 8.0, then perimeter of △PCD is ()
Choices:
(A) 8
(B) 12
(C) 16
(D) 不能确定",C,False,2025-11-04 16:37:21.079,Winnie,0,"What is the color of the shirt worn by a man playing the guitar?
 Options: A: Blue, B: Black, C: Red, D: White",B
326,25,947,math,geometry,"Hint: Please answer the question and provide the correct option letter, e.g., A, B, C, D, at the end.
Question: As shown in the figure, PA and PB are tangent to ⊙O to A and B respectively. Point C and point D are the moving points on line segments PA and PB, and CD always remains tangent to circle O. If PA = 8.0, then perimeter of △PCD is ()
Choices:
(A) 8
(B) 12
(C) 16
(D) 不能确定",C,False,2025-11-04 16:55:47.964,JJH,0,"What is the color of the shirt worn by a man playing the guitar?
 Options: A: Blue, B: Black, C: Red, D: White",A
327,25,947,math,geometry,"Hint: Please answer the question and provide the correct option letter, e.g., A, B, C, D, at the end.
Question: As shown in the figure, PA and PB are tangent to ⊙O to A and B respectively. Point C and point D are the moving points on line segments PA and PB, and CD always remains tangent to circle O. If PA = 8.0, then perimeter of △PCD is ()
Choices:
(A) 8
(B) 12
(C) 16
(D) 不能确定",C,False,2025-11-04 17:09:00.783,Lee,0,"What is the color of the shirt worn by a man playing the guitar?
 Options: A: Blue, B: Black, C: Red, D: White",D
328,25,947,math,geometry,"Hint: Please answer the question and provide the correct option letter, e.g., A, B, C, D, at the end.
Question: As shown in the figure, PA and PB are tangent to ⊙O to A and B respectively. Point C and point D are the moving points on line segments PA and PB, and CD always remains tangent to circle O. If PA = 8.0, then perimeter of △PCD is ()
Choices:
(A) 8
(B) 12
(C) 16
(D) 不能确定",C,False,2025-11-04 17:16:55.232,성민석,0,"What is the color of the shirt worn by a man playing the guitar?
 Options: A: Blue, B: Black, C: Red, D: White",B
329,25,947,math,geometry,"Hint: Please answer the question and provide the correct option letter, e.g., A, B, C, D, at the end.
Question: As shown in the figure, PA and PB are tangent to ⊙O to A and B respectively. Point C and point D are the moving points on line segments PA and PB, and CD always remains tangent to circle O. If PA = 8.0, then perimeter of △PCD is ()
Choices:
(A) 8
(B) 12
(C) 16
(D) 不能确定",C,False,2025-11-04 18:35:45.170,EJ,0,"What is the color of the shirt worn by a man playing the guitar?
 Options: A: Blue, B: Black, C: Red, D: White",D
330,25,947,math,geometry,"Hint: Please answer the question and provide the correct option letter, e.g., A, B, C, D, at the end.
Question: As shown in the figure, PA and PB are tangent to ⊙O to A and B respectively. Point C and point D are the moving points on line segments PA and PB, and CD always remains tangent to circle O. If PA = 8.0, then perimeter of △PCD is ()
Choices:
(A) 8
(B) 12
(C) 16
(D) 不能确定",C,False,2025-11-04 19:47:12.130,배재형,0,"What is the color of the shirt worn by a man playing the guitar?
 Options: A: Blue, B: Black, C: Red, D: White",D
331,25,947,math,geometry,"Hint: Please answer the question and provide the correct option letter, e.g., A, B, C, D, at the end.
Question: As shown in the figure, PA and PB are tangent to ⊙O to A and B respectively. Point C and point D are the moving points on line segments PA and PB, and CD always remains tangent to circle O. If PA = 8.0, then perimeter of △PCD is ()
Choices:
(A) 8
(B) 12
(C) 16
(D) 不能确定",C,True,2025-11-05 00:48:32.876,박지윤,0,"What is the color of the shirt worn by a man playing the guitar?
 Options: A: Blue, B: Black, C: Red, D: White",C
332,25,947,math,geometry,"Hint: Please answer the question and provide the correct option letter, e.g., A, B, C, D, at the end.
Question: As shown in the figure, PA and PB are tangent to ⊙O to A and B respectively. Point C and point D are the moving points on line segments PA and PB, and CD always remains tangent to circle O. If PA = 8.0, then perimeter of △PCD is ()
Choices:
(A) 8
(B) 12
(C) 16
(D) 不能确定",C,False,2025-11-05 01:48:20.004,박호조,0,"What is the color of the shirt worn by a man playing the guitar?
 Options: A: Blue, B: Black, C: Red, D: White",D
333,25,947,math,geometry,"Hint: Please answer the question and provide the correct option letter, e.g., A, B, C, D, at the end.
Question: As shown in the figure, PA and PB are tangent to ⊙O to A and B respectively. Point C and point D are the moving points on line segments PA and PB, and CD always remains tangent to circle O. If PA = 8.0, then perimeter of △PCD is ()
Choices:
(A) 8
(B) 12
(C) 16
(D) 不能确定",C,False,2025-11-10 18:47:19.220,J,0,"What is the color of the shirt worn by a man playing the guitar?
 Options: A: Blue, B: Black, C: Red, D: White",D
334,25,947,math,geometry,"Hint: Please answer the question and provide the correct option letter, e.g., A, B, C, D, at the end.
Question: As shown in the figure, PA and PB are tangent to ⊙O to A and B respectively. Point C and point D are the moving points on line segments PA and PB, and CD always remains tangent to circle O. If PA = 8.0, then perimeter of △PCD is ()
Choices:
(A) 8
(B) 12
(C) 16
(D) 不能确定",C,True,2025-11-11 15:27:53.412, KDY,0,"What is the color of the shirt worn by a man playing the guitar?
 Options: A: Blue, B: Black, C: Red, D: White",C
335,25,947,math,geometry,"Hint: Please answer the question and provide the correct option letter, e.g., A, B, C, D, at the end.
Question: As shown in the figure, PA and PB are tangent to ⊙O to A and B respectively. Point C and point D are the moving points on line segments PA and PB, and CD always remains tangent to circle O. If PA = 8.0, then perimeter of △PCD is ()
Choices:
(A) 8
(B) 12
(C) 16
(D) 不能确定",C,False,2025-11-11 20:35:43.975,Kathy,0,"What is the color of the shirt worn by a man playing the guitar?
 Options: A: Blue, B: Black, C: Red, D: White",D
336,25,947,math,geometry,"Hint: Please answer the question and provide the correct option letter, e.g., A, B, C, D, at the end.
Question: As shown in the figure, PA and PB are tangent to ⊙O to A and B respectively. Point C and point D are the moving points on line segments PA and PB, and CD always remains tangent to circle O. If PA = 8.0, then perimeter of △PCD is ()
Choices:
(A) 8
(B) 12
(C) 16
(D) 不能确定",C,True,2025-11-13 17:20:30.179,JMG,0,"What is the color of the shirt worn by a man playing the guitar?
 Options: A: Blue, B: Black, C: Red, D: White",C
337,25,947,math,geometry,"Hint: Please answer the question and provide the correct option letter, e.g., A, B, C, D, at the end.
Question: As shown in the figure, PA and PB are tangent to ⊙O to A and B respectively. Point C and point D are the moving points on line segments PA and PB, and CD always remains tangent to circle O. If PA = 8.0, then perimeter of △PCD is ()
Choices:
(A) 8
(B) 12
(C) 16
(D) 不能确定",C,False,2025-11-14 21:27:23.659,조희승,0,"What is the color of the shirt worn by a man playing the guitar?
 Options: A: Blue, B: Black, C: Red, D: White",A
338,26,712,logical reasoning,code & sequence reasoning,"Which Python code can generate the content of the image?
Options: A: n = 6
string = ""Hello!""
print(string * n), B: n = 5
string = ""Hello!""
print(string * n), C: n = 7
string = ""Hello!""
print(string * n), D: n = 2
string = ""Hello!""
print(string * n)",B,False,2025-11-04 16:37:21.079,Winnie,0,"What is the color of the man's tie in the image?
 Options: A: Blue, B: White, C: Black, D: Red",D
339,26,712,logical reasoning,code & sequence reasoning,"Which Python code can generate the content of the image?
Options: A: n = 6
string = ""Hello!""
print(string * n), B: n = 5
string = ""Hello!""
print(string * n), C: n = 7
string = ""Hello!""
print(string * n), D: n = 2
string = ""Hello!""
print(string * n)",B,False,2025-11-04 16:55:47.964,JJH,0,"What is the color of the man's tie in the image?
 Options: A: Blue, B: White, C: Black, D: Red",A
340,26,712,logical reasoning,code & sequence reasoning,"Which Python code can generate the content of the image?
Options: A: n = 6
string = ""Hello!""
print(string * n), B: n = 5
string = ""Hello!""
print(string * n), C: n = 7
string = ""Hello!""
print(string * n), D: n = 2
string = ""Hello!""
print(string * n)",B,False,2025-11-04 17:09:00.783,Lee,0,"What is the color of the man's tie in the image?
 Options: A: Blue, B: White, C: Black, D: Red",C
341,26,712,logical reasoning,code & sequence reasoning,"Which Python code can generate the content of the image?
Options: A: n = 6
string = ""Hello!""
print(string * n), B: n = 5
string = ""Hello!""
print(string * n), C: n = 7
string = ""Hello!""
print(string * n), D: n = 2
string = ""Hello!""
print(string * n)",B,False,2025-11-04 17:16:55.232,성민석,0,"What is the color of the man's tie in the image?
 Options: A: Blue, B: White, C: Black, D: Red",D
342,26,712,logical reasoning,code & sequence reasoning,"Which Python code can generate the content of the image?
Options: A: n = 6
string = ""Hello!""
print(string * n), B: n = 5
string = ""Hello!""
print(string * n), C: n = 7
string = ""Hello!""
print(string * n), D: n = 2
string = ""Hello!""
print(string * n)",B,False,2025-11-04 18:35:45.170,EJ,0,"What is the color of the man's tie in the image?
 Options: A: Blue, B: White, C: Black, D: Red",A
343,26,712,logical reasoning,code & sequence reasoning,"Which Python code can generate the content of the image?
Options: A: n = 6
string = ""Hello!""
print(string * n), B: n = 5
string = ""Hello!""
print(string * n), C: n = 7
string = ""Hello!""
print(string * n), D: n = 2
string = ""Hello!""
print(string * n)",B,False,2025-11-04 19:47:12.130,배재형,0,"What is the color of the man's tie in the image?
 Options: A: Blue, B: White, C: Black, D: Red",C
344,26,712,logical reasoning,code & sequence reasoning,"Which Python code can generate the content of the image?
Options: A: n = 6
string = ""Hello!""
print(string * n), B: n = 5
string = ""Hello!""
print(string * n), C: n = 7
string = ""Hello!""
print(string * n), D: n = 2
string = ""Hello!""
print(string * n)",B,False,2025-11-05 00:48:32.876,박지윤,0,"What is the color of the man's tie in the image?
 Options: A: Blue, B: White, C: Black, D: Red",A
345,26,712,logical reasoning,code & sequence reasoning,"Which Python code can generate the content of the image?
Options: A: n = 6
string = ""Hello!""
print(string * n), B: n = 5
string = ""Hello!""
print(string * n), C: n = 7
string = ""Hello!""
print(string * n), D: n = 2
string = ""Hello!""
print(string * n)",B,False,2025-11-05 01:48:20.004,박호조,0,"What is the color of the man's tie in the image?
 Options: A: Blue, B: White, C: Black, D: Red",A
346,26,712,logical reasoning,code & sequence reasoning,"Which Python code can generate the content of the image?
Options: A: n = 6
string = ""Hello!""
print(string * n), B: n = 5
string = ""Hello!""
print(string * n), C: n = 7
string = ""Hello!""
print(string * n), D: n = 2
string = ""Hello!""
print(string * n)",B,False,2025-11-10 18:47:19.220,J,0,"What is the color of the man's tie in the image?
 Options: A: Blue, B: White, C: Black, D: Red",A
347,26,712,logical reasoning,code & sequence reasoning,"Which Python code can generate the content of the image?
Options: A: n = 6
string = ""Hello!""
print(string * n), B: n = 5
string = ""Hello!""
print(string * n), C: n = 7
string = ""Hello!""
print(string * n), D: n = 2
string = ""Hello!""
print(string * n)",B,False,2025-11-11 15:27:53.412, KDY,0,"What is the color of the man's tie in the image?
 Options: A: Blue, B: White, C: Black, D: Red",D
348,26,712,logical reasoning,code & sequence reasoning,"Which Python code can generate the content of the image?
Options: A: n = 6
string = ""Hello!""
print(string * n), B: n = 5
string = ""Hello!""
print(string * n), C: n = 7
string = ""Hello!""
print(string * n), D: n = 2
string = ""Hello!""
print(string * n)",B,False,2025-11-11 20:35:43.975,Kathy,0,"What is the color of the man's tie in the image?
 Options: A: Blue, B: White, C: Black, D: Red",A
349,26,712,logical reasoning,code & sequence reasoning,"Which Python code can generate the content of the image?
Options: A: n = 6
string = ""Hello!""
print(string * n), B: n = 5
string = ""Hello!""
print(string * n), C: n = 7
string = ""Hello!""
print(string * n), D: n = 2
string = ""Hello!""
print(string * n)",B,False,2025-11-13 17:20:30.179,JMG,0,"What is the color of the man's tie in the image?
 Options: A: Blue, B: White, C: Black, D: Red",C
350,26,712,logical reasoning,code & sequence reasoning,"Which Python code can generate the content of the image?
Options: A: n = 6
string = ""Hello!""
print(string * n), B: n = 5
string = ""Hello!""
print(string * n), C: n = 7
string = ""Hello!""
print(string * n), D: n = 2
string = ""Hello!""
print(string * n)",B,False,2025-11-14 21:27:23.659,조희승,0,"What is the color of the man's tie in the image?
 Options: A: Blue, B: White, C: Black, D: Red",A
351,27,723,logical reasoning,common reasoning,"Based on the image, which aspect of the woman's appearance contributes most to the impression of playfulness?
Options: A: The woman's engaging smile adds a touch of playfulness to her appearance., B: The green hair and goggles of the woman contribute most to her playful look., C: The woman's tie adds a playful aspect to her look., D: The woman's unconventional style makes her appear playful.",B,False,2025-11-04 16:37:21.079,Winnie,0,"What's the function of the demonstrated object?
 Options: A: baking, B: heating, C: flavouring, D: Pick-up",A
352,27,723,logical reasoning,common reasoning,"Based on the image, which aspect of the woman's appearance contributes most to the impression of playfulness?
Options: A: The woman's engaging smile adds a touch of playfulness to her appearance., B: The green hair and goggles of the woman contribute most to her playful look., C: The woman's tie adds a playful aspect to her look., D: The woman's unconventional style makes her appear playful.",B,False,2025-11-04 16:55:47.964,JJH,0,"What's the function of the demonstrated object?
 Options: A: baking, B: heating, C: flavouring, D: Pick-up",A
353,27,723,logical reasoning,common reasoning,"Based on the image, which aspect of the woman's appearance contributes most to the impression of playfulness?
Options: A: The woman's engaging smile adds a touch of playfulness to her appearance., B: The green hair and goggles of the woman contribute most to her playful look., C: The woman's tie adds a playful aspect to her look., D: The woman's unconventional style makes her appear playful.",B,False,2025-11-04 17:09:00.783,Lee,0,"What's the function of the demonstrated object?
 Options: A: baking, B: heating, C: flavouring, D: Pick-up",D
354,27,723,logical reasoning,common reasoning,"Based on the image, which aspect of the woman's appearance contributes most to the impression of playfulness?
Options: A: The woman's engaging smile adds a touch of playfulness to her appearance., B: The green hair and goggles of the woman contribute most to her playful look., C: The woman's tie adds a playful aspect to her look., D: The woman's unconventional style makes her appear playful.",B,True,2025-11-04 17:16:55.232,성민석,0,"What's the function of the demonstrated object?
 Options: A: baking, B: heating, C: flavouring, D: Pick-up",B
355,27,723,logical reasoning,common reasoning,"Based on the image, which aspect of the woman's appearance contributes most to the impression of playfulness?
Options: A: The woman's engaging smile adds a touch of playfulness to her appearance., B: The green hair and goggles of the woman contribute most to her playful look., C: The woman's tie adds a playful aspect to her look., D: The woman's unconventional style makes her appear playful.",B,False,2025-11-04 18:35:45.170,EJ,0,"What's the function of the demonstrated object?
 Options: A: baking, B: heating, C: flavouring, D: Pick-up",A
356,27,723,logical reasoning,common reasoning,"Based on the image, which aspect of the woman's appearance contributes most to the impression of playfulness?
Options: A: The woman's engaging smile adds a touch of playfulness to her appearance., B: The green hair and goggles of the woman contribute most to her playful look., C: The woman's tie adds a playful aspect to her look., D: The woman's unconventional style makes her appear playful.",B,False,2025-11-04 19:47:12.130,배재형,0,"What's the function of the demonstrated object?
 Options: A: baking, B: heating, C: flavouring, D: Pick-up",C
357,27,723,logical reasoning,common reasoning,"Based on the image, which aspect of the woman's appearance contributes most to the impression of playfulness?
Options: A: The woman's engaging smile adds a touch of playfulness to her appearance., B: The green hair and goggles of the woman contribute most to her playful look., C: The woman's tie adds a playful aspect to her look., D: The woman's unconventional style makes her appear playful.",B,True,2025-11-05 00:48:32.876,박지윤,0,"What's the function of the demonstrated object?
 Options: A: baking, B: heating, C: flavouring, D: Pick-up",B
358,27,723,logical reasoning,common reasoning,"Based on the image, which aspect of the woman's appearance contributes most to the impression of playfulness?
Options: A: The woman's engaging smile adds a touch of playfulness to her appearance., B: The green hair and goggles of the woman contribute most to her playful look., C: The woman's tie adds a playful aspect to her look., D: The woman's unconventional style makes her appear playful.",B,False,2025-11-05 01:48:20.004,박호조,0,"What's the function of the demonstrated object?
 Options: A: baking, B: heating, C: flavouring, D: Pick-up",A
359,27,723,logical reasoning,common reasoning,"Based on the image, which aspect of the woman's appearance contributes most to the impression of playfulness?
Options: A: The woman's engaging smile adds a touch of playfulness to her appearance., B: The green hair and goggles of the woman contribute most to her playful look., C: The woman's tie adds a playful aspect to her look., D: The woman's unconventional style makes her appear playful.",B,False,2025-11-10 18:47:19.220,J,0,"What's the function of the demonstrated object?
 Options: A: baking, B: heating, C: flavouring, D: Pick-up",A
360,27,723,logical reasoning,common reasoning,"Based on the image, which aspect of the woman's appearance contributes most to the impression of playfulness?
Options: A: The woman's engaging smile adds a touch of playfulness to her appearance., B: The green hair and goggles of the woman contribute most to her playful look., C: The woman's tie adds a playful aspect to her look., D: The woman's unconventional style makes her appear playful.",B,False,2025-11-11 15:27:53.412, KDY,0,"What's the function of the demonstrated object?
 Options: A: baking, B: heating, C: flavouring, D: Pick-up",D
361,27,723,logical reasoning,common reasoning,"Based on the image, which aspect of the woman's appearance contributes most to the impression of playfulness?
Options: A: The woman's engaging smile adds a touch of playfulness to her appearance., B: The green hair and goggles of the woman contribute most to her playful look., C: The woman's tie adds a playful aspect to her look., D: The woman's unconventional style makes her appear playful.",B,False,2025-11-11 20:35:43.975,Kathy,0,"What's the function of the demonstrated object?
 Options: A: baking, B: heating, C: flavouring, D: Pick-up",A
362,27,723,logical reasoning,common reasoning,"Based on the image, which aspect of the woman's appearance contributes most to the impression of playfulness?
Options: A: The woman's engaging smile adds a touch of playfulness to her appearance., B: The green hair and goggles of the woman contribute most to her playful look., C: The woman's tie adds a playful aspect to her look., D: The woman's unconventional style makes her appear playful.",B,True,2025-11-13 17:20:30.179,JMG,0,"What's the function of the demonstrated object?
 Options: A: baking, B: heating, C: flavouring, D: Pick-up",B
363,27,723,logical reasoning,common reasoning,"Based on the image, which aspect of the woman's appearance contributes most to the impression of playfulness?
Options: A: The woman's engaging smile adds a touch of playfulness to her appearance., B: The green hair and goggles of the woman contribute most to her playful look., C: The woman's tie adds a playful aspect to her look., D: The woman's unconventional style makes her appear playful.",B,True,2025-11-14 21:27:23.659,조희승,0,"What's the function of the demonstrated object?
 Options: A: baking, B: heating, C: flavouring, D: Pick-up",B
364,28,1035,math,geometry,"Hint: Please answer the question and provide the correct option letter, e.g., A, B, C, D, at the end.
Question: 如图，在Rt△ABC中，∠ABC＝90°，点D、E、F分别是边AB、BC、CA的中点，若DE+BF＝8，则BF的值为（）
Choices:
(A) 3
(B) 4
(C) 5
(D) 6",B,False,2025-11-04 16:37:21.079,Winnie,0,"What can be the relationship between the two persons in this image?
 Options: A: Father and daughter, B: Mother and son, C: Brother and sister, D: Husband and wife",D
365,28,1035,math,geometry,"Hint: Please answer the question and provide the correct option letter, e.g., A, B, C, D, at the end.
Question: 如图，在Rt△ABC中，∠ABC＝90°，点D、E、F分别是边AB、BC、CA的中点，若DE+BF＝8，则BF的值为（）
Choices:
(A) 3
(B) 4
(C) 5
(D) 6",B,True,2025-11-04 16:55:47.964,JJH,0,"What can be the relationship between the two persons in this image?
 Options: A: Father and daughter, B: Mother and son, C: Brother and sister, D: Husband and wife",B
366,28,1035,math,geometry,"Hint: Please answer the question and provide the correct option letter, e.g., A, B, C, D, at the end.
Question: 如图，在Rt△ABC中，∠ABC＝90°，点D、E、F分别是边AB、BC、CA的中点，若DE+BF＝8，则BF的值为（）
Choices:
(A) 3
(B) 4
(C) 5
(D) 6",B,True,2025-11-04 17:09:00.783,Lee,0,"What can be the relationship between the two persons in this image?
 Options: A: Father and daughter, B: Mother and son, C: Brother and sister, D: Husband and wife",B
367,28,1035,math,geometry,"Hint: Please answer the question and provide the correct option letter, e.g., A, B, C, D, at the end.
Question: 如图，在Rt△ABC中，∠ABC＝90°，点D、E、F分别是边AB、BC、CA的中点，若DE+BF＝8，则BF的值为（）
Choices:
(A) 3
(B) 4
(C) 5
(D) 6",B,True,2025-11-04 17:16:55.232,성민석,0,"What can be the relationship between the two persons in this image?
 Options: A: Father and daughter, B: Mother and son, C: Brother and sister, D: Husband and wife",B
368,28,1035,math,geometry,"Hint: Please answer the question and provide the correct option letter, e.g., A, B, C, D, at the end.
Question: 如图，在Rt△ABC中，∠ABC＝90°，点D、E、F分别是边AB、BC、CA的中点，若DE+BF＝8，则BF的值为（）
Choices:
(A) 3
(B) 4
(C) 5
(D) 6",B,False,2025-11-04 18:35:45.170,EJ,0,"What can be the relationship between the two persons in this image?
 Options: A: Father and daughter, B: Mother and son, C: Brother and sister, D: Husband and wife",D
369,28,1035,math,geometry,"Hint: Please answer the question and provide the correct option letter, e.g., A, B, C, D, at the end.
Question: 如图，在Rt△ABC中，∠ABC＝90°，点D、E、F分别是边AB、BC、CA的中点，若DE+BF＝8，则BF的值为（）
Choices:
(A) 3
(B) 4
(C) 5
(D) 6",B,False,2025-11-04 19:47:12.130,배재형,0,"What can be the relationship between the two persons in this image?
 Options: A: Father and daughter, B: Mother and son, C: Brother and sister, D: Husband and wife",C
370,28,1035,math,geometry,"Hint: Please answer the question and provide the correct option letter, e.g., A, B, C, D, at the end.
Question: 如图，在Rt△ABC中，∠ABC＝90°，点D、E、F分别是边AB、BC、CA的中点，若DE+BF＝8，则BF的值为（）
Choices:
(A) 3
(B) 4
(C) 5
(D) 6",B,False,2025-11-05 00:48:32.876,박지윤,0,"What can be the relationship between the two persons in this image?
 Options: A: Father and daughter, B: Mother and son, C: Brother and sister, D: Husband and wife",D
371,28,1035,math,geometry,"Hint: Please answer the question and provide the correct option letter, e.g., A, B, C, D, at the end.
Question: 如图，在Rt△ABC中，∠ABC＝90°，点D、E、F分别是边AB、BC、CA的中点，若DE+BF＝8，则BF的值为（）
Choices:
(A) 3
(B) 4
(C) 5
(D) 6",B,False,2025-11-05 01:48:20.004,박호조,0,"What can be the relationship between the two persons in this image?
 Options: A: Father and daughter, B: Mother and son, C: Brother and sister, D: Husband and wife",D
372,28,1035,math,geometry,"Hint: Please answer the question and provide the correct option letter, e.g., A, B, C, D, at the end.
Question: 如图，在Rt△ABC中，∠ABC＝90°，点D、E、F分别是边AB、BC、CA的中点，若DE+BF＝8，则BF的值为（）
Choices:
(A) 3
(B) 4
(C) 5
(D) 6",B,False,2025-11-10 18:47:19.220,J,0,"What can be the relationship between the two persons in this image?
 Options: A: Father and daughter, B: Mother and son, C: Brother and sister, D: Husband and wife",C
373,28,1035,math,geometry,"Hint: Please answer the question and provide the correct option letter, e.g., A, B, C, D, at the end.
Question: 如图，在Rt△ABC中，∠ABC＝90°，点D、E、F分别是边AB、BC、CA的中点，若DE+BF＝8，则BF的值为（）
Choices:
(A) 3
(B) 4
(C) 5
(D) 6",B,False,2025-11-11 15:27:53.412, KDY,0,"What can be the relationship between the two persons in this image?
 Options: A: Father and daughter, B: Mother and son, C: Brother and sister, D: Husband and wife",D
374,28,1035,math,geometry,"Hint: Please answer the question and provide the correct option letter, e.g., A, B, C, D, at the end.
Question: 如图，在Rt△ABC中，∠ABC＝90°，点D、E、F分别是边AB、BC、CA的中点，若DE+BF＝8，则BF的值为（）
Choices:
(A) 3
(B) 4
(C) 5
(D) 6",B,False,2025-11-11 20:35:43.975,Kathy,0,"What can be the relationship between the two persons in this image?
 Options: A: Father and daughter, B: Mother and son, C: Brother and sister, D: Husband and wife",C
375,28,1035,math,geometry,"Hint: Please answer the question and provide the correct option letter, e.g., A, B, C, D, at the end.
Question: 如图，在Rt△ABC中，∠ABC＝90°，点D、E、F分别是边AB、BC、CA的中点，若DE+BF＝8，则BF的值为（）
Choices:
(A) 3
(B) 4
(C) 5
(D) 6",B,False,2025-11-13 17:20:30.179,JMG,0,"What can be the relationship between the two persons in this image?
 Options: A: Father and daughter, B: Mother and son, C: Brother and sister, D: Husband and wife",D
376,28,1035,math,geometry,"Hint: Please answer the question and provide the correct option letter, e.g., A, B, C, D, at the end.
Question: 如图，在Rt△ABC中，∠ABC＝90°，点D、E、F分别是边AB、BC、CA的中点，若DE+BF＝8，则BF的值为（）
Choices:
(A) 3
(B) 4
(C) 5
(D) 6",B,True,2025-11-14 21:27:23.659,조희승,0,"What can be the relationship between the two persons in this image?
 Options: A: Father and daughter, B: Mother and son, C: Brother and sister, D: Husband and wife",B
377,29,786,logical reasoning,common reasoning,"What is the main event in this image?
Options: A: The target enemy is surrendering, B: The target enemy is shooting at someone, C: The target enemy will be shot, D: The target enemy is hiding",C,False,2025-11-04 16:37:21.079,Winnie,0,"What will happen next?
 Options: A: the motorcyle is gonna go forward, B: the motorcyle is gonna crash, C: the motorcyle is gonna go backward, D: both A,B, and C",A
378,29,786,logical reasoning,common reasoning,"What is the main event in this image?
Options: A: The target enemy is surrendering, B: The target enemy is shooting at someone, C: The target enemy will be shot, D: The target enemy is hiding",C,False,2025-11-04 16:55:47.964,JJH,0,"What will happen next?
 Options: A: the motorcyle is gonna go forward, B: the motorcyle is gonna crash, C: the motorcyle is gonna go backward, D: both A,B, and C",B
379,29,786,logical reasoning,common reasoning,"What is the main event in this image?
Options: A: The target enemy is surrendering, B: The target enemy is shooting at someone, C: The target enemy will be shot, D: The target enemy is hiding",C,False,2025-11-04 17:09:00.783,Lee,0,"What will happen next?
 Options: A: the motorcyle is gonna go forward, B: the motorcyle is gonna crash, C: the motorcyle is gonna go backward, D: both A,B, and C",B
380,29,786,logical reasoning,common reasoning,"What is the main event in this image?
Options: A: The target enemy is surrendering, B: The target enemy is shooting at someone, C: The target enemy will be shot, D: The target enemy is hiding",C,False,2025-11-04 17:16:55.232,성민석,0,"What will happen next?
 Options: A: the motorcyle is gonna go forward, B: the motorcyle is gonna crash, C: the motorcyle is gonna go backward, D: both A,B, and C",B
381,29,786,logical reasoning,common reasoning,"What is the main event in this image?
Options: A: The target enemy is surrendering, B: The target enemy is shooting at someone, C: The target enemy will be shot, D: The target enemy is hiding",C,False,2025-11-04 18:35:45.170,EJ,0,"What will happen next?
 Options: A: the motorcyle is gonna go forward, B: the motorcyle is gonna crash, C: the motorcyle is gonna go backward, D: both A,B, and C",D
382,29,786,logical reasoning,common reasoning,"What is the main event in this image?
Options: A: The target enemy is surrendering, B: The target enemy is shooting at someone, C: The target enemy will be shot, D: The target enemy is hiding",C,False,2025-11-04 19:47:12.130,배재형,0,"What will happen next?
 Options: A: the motorcyle is gonna go forward, B: the motorcyle is gonna crash, C: the motorcyle is gonna go backward, D: both A,B, and C",A
383,29,786,logical reasoning,common reasoning,"What is the main event in this image?
Options: A: The target enemy is surrendering, B: The target enemy is shooting at someone, C: The target enemy will be shot, D: The target enemy is hiding",C,True,2025-11-05 00:48:32.876,박지윤,0,"What will happen next?
 Options: A: the motorcyle is gonna go forward, B: the motorcyle is gonna crash, C: the motorcyle is gonna go backward, D: both A,B, and C",C
384,29,786,logical reasoning,common reasoning,"What is the main event in this image?
Options: A: The target enemy is surrendering, B: The target enemy is shooting at someone, C: The target enemy will be shot, D: The target enemy is hiding",C,False,2025-11-05 01:48:20.004,박호조,0,"What will happen next?
 Options: A: the motorcyle is gonna go forward, B: the motorcyle is gonna crash, C: the motorcyle is gonna go backward, D: both A,B, and C",A
385,29,786,logical reasoning,common reasoning,"What is the main event in this image?
Options: A: The target enemy is surrendering, B: The target enemy is shooting at someone, C: The target enemy will be shot, D: The target enemy is hiding",C,False,2025-11-10 18:47:19.220,J,0,"What will happen next?
 Options: A: the motorcyle is gonna go forward, B: the motorcyle is gonna crash, C: the motorcyle is gonna go backward, D: both A,B, and C",D
386,29,786,logical reasoning,common reasoning,"What is the main event in this image?
Options: A: The target enemy is surrendering, B: The target enemy is shooting at someone, C: The target enemy will be shot, D: The target enemy is hiding",C,False,2025-11-11 15:27:53.412, KDY,0,"What will happen next?
 Options: A: the motorcyle is gonna go forward, B: the motorcyle is gonna crash, C: the motorcyle is gonna go backward, D: both A,B, and C",D
387,29,786,logical reasoning,common reasoning,"What is the main event in this image?
Options: A: The target enemy is surrendering, B: The target enemy is shooting at someone, C: The target enemy will be shot, D: The target enemy is hiding",C,True,2025-11-11 20:35:43.975,Kathy,0,"What will happen next?
 Options: A: the motorcyle is gonna go forward, B: the motorcyle is gonna crash, C: the motorcyle is gonna go backward, D: both A,B, and C",C
388,29,786,logical reasoning,common reasoning,"What is the main event in this image?
Options: A: The target enemy is surrendering, B: The target enemy is shooting at someone, C: The target enemy will be shot, D: The target enemy is hiding",C,False,2025-11-13 17:20:30.179,JMG,0,"What will happen next?
 Options: A: the motorcyle is gonna go forward, B: the motorcyle is gonna crash, C: the motorcyle is gonna go backward, D: both A,B, and C",B
389,29,786,logical reasoning,common reasoning,"What is the main event in this image?
Options: A: The target enemy is surrendering, B: The target enemy is shooting at someone, C: The target enemy will be shot, D: The target enemy is hiding",C,False,2025-11-14 21:27:23.659,조희승,0,"What will happen next?
 Options: A: the motorcyle is gonna go forward, B: the motorcyle is gonna crash, C: the motorcyle is gonna go backward, D: both A,B, and C",A
390,30,1040,math,geometry,"Hint: Please answer the question and provide the correct option letter, e.g., A, B, C, D, at the end.
Question: 如图，点D在等边△ABC的边CB的延长线上，点E在线段BC上，连接AD，AE，若DA＝DE，且∠DAB＝20°，那么∠EAC的度数为（）
Choices:
(A) 20°
(B) 15°
(C) 10°
(D) 5°",C,False,2025-11-04 16:37:21.079,Winnie,0,"What's the profession of the people in this picture?
 Options: A: mason, B: postman, C: singer, D: soldier",A
391,30,1040,math,geometry,"Hint: Please answer the question and provide the correct option letter, e.g., A, B, C, D, at the end.
Question: 如图，点D在等边△ABC的边CB的延长线上，点E在线段BC上，连接AD，AE，若DA＝DE，且∠DAB＝20°，那么∠EAC的度数为（）
Choices:
(A) 20°
(B) 15°
(C) 10°
(D) 5°",C,False,2025-11-04 16:55:47.964,JJH,0,"What's the profession of the people in this picture?
 Options: A: mason, B: postman, C: singer, D: soldier",B
392,30,1040,math,geometry,"Hint: Please answer the question and provide the correct option letter, e.g., A, B, C, D, at the end.
Question: 如图，点D在等边△ABC的边CB的延长线上，点E在线段BC上，连接AD，AE，若DA＝DE，且∠DAB＝20°，那么∠EAC的度数为（）
Choices:
(A) 20°
(B) 15°
(C) 10°
(D) 5°",C,False,2025-11-04 17:09:00.783,Lee,0,"What's the profession of the people in this picture?
 Options: A: mason, B: postman, C: singer, D: soldier",B
393,30,1040,math,geometry,"Hint: Please answer the question and provide the correct option letter, e.g., A, B, C, D, at the end.
Question: 如图，点D在等边△ABC的边CB的延长线上，点E在线段BC上，连接AD，AE，若DA＝DE，且∠DAB＝20°，那么∠EAC的度数为（）
Choices:
(A) 20°
(B) 15°
(C) 10°
(D) 5°",C,True,2025-11-04 17:16:55.232,성민석,0,"What's the profession of the people in this picture?
 Options: A: mason, B: postman, C: singer, D: soldier",C
394,30,1040,math,geometry,"Hint: Please answer the question and provide the correct option letter, e.g., A, B, C, D, at the end.
Question: 如图，点D在等边△ABC的边CB的延长线上，点E在线段BC上，连接AD，AE，若DA＝DE，且∠DAB＝20°，那么∠EAC的度数为（）
Choices:
(A) 20°
(B) 15°
(C) 10°
(D) 5°",C,True,2025-11-04 18:35:45.170,EJ,0,"What's the profession of the people in this picture?
 Options: A: mason, B: postman, C: singer, D: soldier",C
395,30,1040,math,geometry,"Hint: Please answer the question and provide the correct option letter, e.g., A, B, C, D, at the end.
Question: 如图，点D在等边△ABC的边CB的延长线上，点E在线段BC上，连接AD，AE，若DA＝DE，且∠DAB＝20°，那么∠EAC的度数为（）
Choices:
(A) 20°
(B) 15°
(C) 10°
(D) 5°",C,True,2025-11-04 19:47:12.130,배재형,0,"What's the profession of the people in this picture?
 Options: A: mason, B: postman, C: singer, D: soldier",C
396,30,1040,math,geometry,"Hint: Please answer the question and provide the correct option letter, e.g., A, B, C, D, at the end.
Question: 如图，点D在等边△ABC的边CB的延长线上，点E在线段BC上，连接AD，AE，若DA＝DE，且∠DAB＝20°，那么∠EAC的度数为（）
Choices:
(A) 20°
(B) 15°
(C) 10°
(D) 5°",C,False,2025-11-05 00:48:32.876,박지윤,0,"What's the profession of the people in this picture?
 Options: A: mason, B: postman, C: singer, D: soldier",D
397,30,1040,math,geometry,"Hint: Please answer the question and provide the correct option letter, e.g., A, B, C, D, at the end.
Question: 如图，点D在等边△ABC的边CB的延长线上，点E在线段BC上，连接AD，AE，若DA＝DE，且∠DAB＝20°，那么∠EAC的度数为（）
Choices:
(A) 20°
(B) 15°
(C) 10°
(D) 5°",C,True,2025-11-05 01:48:20.004,박호조,0,"What's the profession of the people in this picture?
 Options: A: mason, B: postman, C: singer, D: soldier",C
398,30,1040,math,geometry,"Hint: Please answer the question and provide the correct option letter, e.g., A, B, C, D, at the end.
Question: 如图，点D在等边△ABC的边CB的延长线上，点E在线段BC上，连接AD，AE，若DA＝DE，且∠DAB＝20°，那么∠EAC的度数为（）
Choices:
(A) 20°
(B) 15°
(C) 10°
(D) 5°",C,False,2025-11-10 18:47:19.220,J,0,"What's the profession of the people in this picture?
 Options: A: mason, B: postman, C: singer, D: soldier",B
399,30,1040,math,geometry,"Hint: Please answer the question and provide the correct option letter, e.g., A, B, C, D, at the end.
Question: 如图，点D在等边△ABC的边CB的延长线上，点E在线段BC上，连接AD，AE，若DA＝DE，且∠DAB＝20°，那么∠EAC的度数为（）
Choices:
(A) 20°
(B) 15°
(C) 10°
(D) 5°",C,False,2025-11-11 15:27:53.412, KDY,0,"What's the profession of the people in this picture?
 Options: A: mason, B: postman, C: singer, D: soldier",D
400,30,1040,math,geometry,"Hint: Please answer the question and provide the correct option letter, e.g., A, B, C, D, at the end.
Question: 如图，点D在等边△ABC的边CB的延长线上，点E在线段BC上，连接AD，AE，若DA＝DE，且∠DAB＝20°，那么∠EAC的度数为（）
Choices:
(A) 20°
(B) 15°
(C) 10°
(D) 5°",C,False,2025-11-11 20:35:43.975,Kathy,0,"What's the profession of the people in this picture?
 Options: A: mason, B: postman, C: singer, D: soldier",B
401,30,1040,math,geometry,"Hint: Please answer the question and provide the correct option letter, e.g., A, B, C, D, at the end.
Question: 如图，点D在等边△ABC的边CB的延长线上，点E在线段BC上，连接AD，AE，若DA＝DE，且∠DAB＝20°，那么∠EAC的度数为（）
Choices:
(A) 20°
(B) 15°
(C) 10°
(D) 5°",C,False,2025-11-13 17:20:30.179,JMG,0,"What's the profession of the people in this picture?
 Options: A: mason, B: postman, C: singer, D: soldier",A
402,30,1040,math,geometry,"Hint: Please answer the question and provide the correct option letter, e.g., A, B, C, D, at the end.
Question: 如图，点D在等边△ABC的边CB的延长线上，点E在线段BC上，连接AD，AE，若DA＝DE，且∠DAB＝20°，那么∠EAC的度数为（）
Choices:
(A) 20°
(B) 15°
(C) 10°
(D) 5°",C,False,2025-11-14 21:27:23.659,조희승,0,"What's the profession of the people in this picture?
 Options: A: mason, B: postman, C: singer, D: soldier",D
403,31,70,coarse perception,image scene and topic,"What is the main focus of the image?
Options: A: A woman standing in front of a brick wall, B: A woman standing in front of a green hedge, C: A garden with a lot of flowers and bushes, D: A bench surrounded by a lot of plants",B,False,2025-11-04 16:37:21.079,Winnie,0,"In nature, what's the relationship between these two creatures?
 Options: A: Predatory relationships, B: Competitive relationships, C: Parasitic relationships, D: Symbiotic relationship",A
404,31,70,coarse perception,image scene and topic,"What is the main focus of the image?
Options: A: A woman standing in front of a brick wall, B: A woman standing in front of a green hedge, C: A garden with a lot of flowers and bushes, D: A bench surrounded by a lot of plants",B,False,2025-11-04 16:55:47.964,JJH,0,"In nature, what's the relationship between these two creatures?
 Options: A: Predatory relationships, B: Competitive relationships, C: Parasitic relationships, D: Symbiotic relationship",D
405,31,70,coarse perception,image scene and topic,"What is the main focus of the image?
Options: A: A woman standing in front of a brick wall, B: A woman standing in front of a green hedge, C: A garden with a lot of flowers and bushes, D: A bench surrounded by a lot of plants",B,False,2025-11-04 17:09:00.783,Lee,0,"In nature, what's the relationship between these two creatures?
 Options: A: Predatory relationships, B: Competitive relationships, C: Parasitic relationships, D: Symbiotic relationship",D
406,31,70,coarse perception,image scene and topic,"What is the main focus of the image?
Options: A: A woman standing in front of a brick wall, B: A woman standing in front of a green hedge, C: A garden with a lot of flowers and bushes, D: A bench surrounded by a lot of plants",B,True,2025-11-04 17:16:55.232,성민석,0,"In nature, what's the relationship between these two creatures?
 Options: A: Predatory relationships, B: Competitive relationships, C: Parasitic relationships, D: Symbiotic relationship",B
407,31,70,coarse perception,image scene and topic,"What is the main focus of the image?
Options: A: A woman standing in front of a brick wall, B: A woman standing in front of a green hedge, C: A garden with a lot of flowers and bushes, D: A bench surrounded by a lot of plants",B,False,2025-11-04 18:35:45.170,EJ,0,"In nature, what's the relationship between these two creatures?
 Options: A: Predatory relationships, B: Competitive relationships, C: Parasitic relationships, D: Symbiotic relationship",D
408,31,70,coarse perception,image scene and topic,"What is the main focus of the image?
Options: A: A woman standing in front of a brick wall, B: A woman standing in front of a green hedge, C: A garden with a lot of flowers and bushes, D: A bench surrounded by a lot of plants",B,True,2025-11-04 19:47:12.130,배재형,0,"In nature, what's the relationship between these two creatures?
 Options: A: Predatory relationships, B: Competitive relationships, C: Parasitic relationships, D: Symbiotic relationship",B
409,31,70,coarse perception,image scene and topic,"What is the main focus of the image?
Options: A: A woman standing in front of a brick wall, B: A woman standing in front of a green hedge, C: A garden with a lot of flowers and bushes, D: A bench surrounded by a lot of plants",B,False,2025-11-05 00:48:32.876,박지윤,0,"In nature, what's the relationship between these two creatures?
 Options: A: Predatory relationships, B: Competitive relationships, C: Parasitic relationships, D: Symbiotic relationship",C
410,31,70,coarse perception,image scene and topic,"What is the main focus of the image?
Options: A: A woman standing in front of a brick wall, B: A woman standing in front of a green hedge, C: A garden with a lot of flowers and bushes, D: A bench surrounded by a lot of plants",B,True,2025-11-05 01:48:20.004,박호조,0,"In nature, what's the relationship between these two creatures?
 Options: A: Predatory relationships, B: Competitive relationships, C: Parasitic relationships, D: Symbiotic relationship",B
411,31,70,coarse perception,image scene and topic,"What is the main focus of the image?
Options: A: A woman standing in front of a brick wall, B: A woman standing in front of a green hedge, C: A garden with a lot of flowers and bushes, D: A bench surrounded by a lot of plants",B,False,2025-11-10 18:47:19.220,J,0,"In nature, what's the relationship between these two creatures?
 Options: A: Predatory relationships, B: Competitive relationships, C: Parasitic relationships, D: Symbiotic relationship",D
412,31,70,coarse perception,image scene and topic,"What is the main focus of the image?
Options: A: A woman standing in front of a brick wall, B: A woman standing in front of a green hedge, C: A garden with a lot of flowers and bushes, D: A bench surrounded by a lot of plants",B,True,2025-11-11 15:27:53.412, KDY,0,"In nature, what's the relationship between these two creatures?
 Options: A: Predatory relationships, B: Competitive relationships, C: Parasitic relationships, D: Symbiotic relationship",B
413,31,70,coarse perception,image scene and topic,"What is the main focus of the image?
Options: A: A woman standing in front of a brick wall, B: A woman standing in front of a green hedge, C: A garden with a lot of flowers and bushes, D: A bench surrounded by a lot of plants",B,False,2025-11-11 20:35:43.975,Kathy,0,"In nature, what's the relationship between these two creatures?
 Options: A: Predatory relationships, B: Competitive relationships, C: Parasitic relationships, D: Symbiotic relationship",D
414,31,70,coarse perception,image scene and topic,"What is the main focus of the image?
Options: A: A woman standing in front of a brick wall, B: A woman standing in front of a green hedge, C: A garden with a lot of flowers and bushes, D: A bench surrounded by a lot of plants",B,False,2025-11-13 17:20:30.179,JMG,0,"In nature, what's the relationship between these two creatures?
 Options: A: Predatory relationships, B: Competitive relationships, C: Parasitic relationships, D: Symbiotic relationship",D
415,31,70,coarse perception,image scene and topic,"What is the main focus of the image?
Options: A: A woman standing in front of a brick wall, B: A woman standing in front of a green hedge, C: A garden with a lot of flowers and bushes, D: A bench surrounded by a lot of plants",B,False,2025-11-14 21:27:23.659,조희승,0,"In nature, what's the relationship between these two creatures?
 Options: A: Predatory relationships, B: Competitive relationships, C: Parasitic relationships, D: Symbiotic relationship",D
416,32,97,coarse perception,image scene and topic,"What is the predominant color of the image?
Options: A: Yellow, B: Black, C: White, D: Blue",B,True,2025-11-04 16:37:21.079,Winnie,0,"Which two objects are closest to each other?
 Options: A: Soccer player and football team, B: Soccer player and coach, C: Football player and politician, D: Football player and coach",B
417,32,97,coarse perception,image scene and topic,"What is the predominant color of the image?
Options: A: Yellow, B: Black, C: White, D: Blue",B,False,2025-11-04 16:55:47.964,JJH,0,"Which two objects are closest to each other?
 Options: A: Soccer player and football team, B: Soccer player and coach, C: Football player and politician, D: Football player and coach",A
418,32,97,coarse perception,image scene and topic,"What is the predominant color of the image?
Options: A: Yellow, B: Black, C: White, D: Blue",B,False,2025-11-04 17:09:00.783,Lee,0,"Which two objects are closest to each other?
 Options: A: Soccer player and football team, B: Soccer player and coach, C: Football player and politician, D: Football player and coach",A
419,32,97,coarse perception,image scene and topic,"What is the predominant color of the image?
Options: A: Yellow, B: Black, C: White, D: Blue",B,True,2025-11-04 17:16:55.232,성민석,0,"Which two objects are closest to each other?
 Options: A: Soccer player and football team, B: Soccer player and coach, C: Football player and politician, D: Football player and coach",B
420,32,97,coarse perception,image scene and topic,"What is the predominant color of the image?
Options: A: Yellow, B: Black, C: White, D: Blue",B,False,2025-11-04 18:35:45.170,EJ,0,"Which two objects are closest to each other?
 Options: A: Soccer player and football team, B: Soccer player and coach, C: Football player and politician, D: Football player and coach",A
421,32,97,coarse perception,image scene and topic,"What is the predominant color of the image?
Options: A: Yellow, B: Black, C: White, D: Blue",B,False,2025-11-04 19:47:12.130,배재형,0,"Which two objects are closest to each other?
 Options: A: Soccer player and football team, B: Soccer player and coach, C: Football player and politician, D: Football player and coach",D
422,32,97,coarse perception,image scene and topic,"What is the predominant color of the image?
Options: A: Yellow, B: Black, C: White, D: Blue",B,False,2025-11-05 00:48:32.876,박지윤,0,"Which two objects are closest to each other?
 Options: A: Soccer player and football team, B: Soccer player and coach, C: Football player and politician, D: Football player and coach",D
423,32,97,coarse perception,image scene and topic,"What is the predominant color of the image?
Options: A: Yellow, B: Black, C: White, D: Blue",B,False,2025-11-05 01:48:20.004,박호조,0,"Which two objects are closest to each other?
 Options: A: Soccer player and football team, B: Soccer player and coach, C: Football player and politician, D: Football player and coach",A
424,32,97,coarse perception,image scene and topic,"What is the predominant color of the image?
Options: A: Yellow, B: Black, C: White, D: Blue",B,False,2025-11-10 18:47:19.220,J,0,"Which two objects are closest to each other?
 Options: A: Soccer player and football team, B: Soccer player and coach, C: Football player and politician, D: Football player and coach",A
425,32,97,coarse perception,image scene and topic,"What is the predominant color of the image?
Options: A: Yellow, B: Black, C: White, D: Blue",B,False,2025-11-11 15:27:53.412, KDY,0,"Which two objects are closest to each other?
 Options: A: Soccer player and football team, B: Soccer player and coach, C: Football player and politician, D: Football player and coach",A
426,32,97,coarse perception,image scene and topic,"What is the predominant color of the image?
Options: A: Yellow, B: Black, C: White, D: Blue",B,True,2025-11-11 20:35:43.975,Kathy,0,"Which two objects are closest to each other?
 Options: A: Soccer player and football team, B: Soccer player and coach, C: Football player and politician, D: Football player and coach",B
427,32,97,coarse perception,image scene and topic,"What is the predominant color of the image?
Options: A: Yellow, B: Black, C: White, D: Blue",B,False,2025-11-13 17:20:30.179,JMG,0,"Which two objects are closest to each other?
 Options: A: Soccer player and football team, B: Soccer player and coach, C: Football player and politician, D: Football player and coach",D
428,32,97,coarse perception,image scene and topic,"What is the predominant color of the image?
Options: A: Yellow, B: Black, C: White, D: Blue",B,True,2025-11-14 21:27:23.659,조희승,0,"Which two objects are closest to each other?
 Options: A: Soccer player and football team, B: Soccer player and coach, C: Football player and politician, D: Football player and coach",B
429,33,464,instance reasoning,cross-instance attribute reasoning,"In this comparison picture, are the upper and lower modules the same color?
Options: A: same, B: Not the same, C: Can't judge, D: nan",B,False,2025-11-04 16:37:21.079,Winnie,0,"What is the most prominent feature in the image?
 Options: A: Sailboats, B: City skyline, C: Sky, D: Sun",A
430,33,464,instance reasoning,cross-instance attribute reasoning,"In this comparison picture, are the upper and lower modules the same color?
Options: A: same, B: Not the same, C: Can't judge, D: nan",B,False,2025-11-04 16:55:47.964,JJH,0,"What is the most prominent feature in the image?
 Options: A: Sailboats, B: City skyline, C: Sky, D: Sun",A
431,33,464,instance reasoning,cross-instance attribute reasoning,"In this comparison picture, are the upper and lower modules the same color?
Options: A: same, B: Not the same, C: Can't judge, D: nan",B,False,2025-11-04 17:09:00.783,Lee,0,"What is the most prominent feature in the image?
 Options: A: Sailboats, B: City skyline, C: Sky, D: Sun",A
432,33,464,instance reasoning,cross-instance attribute reasoning,"In this comparison picture, are the upper and lower modules the same color?
Options: A: same, B: Not the same, C: Can't judge, D: nan",B,True,2025-11-04 17:16:55.232,성민석,0,"What is the most prominent feature in the image?
 Options: A: Sailboats, B: City skyline, C: Sky, D: Sun",B
433,33,464,instance reasoning,cross-instance attribute reasoning,"In this comparison picture, are the upper and lower modules the same color?
Options: A: same, B: Not the same, C: Can't judge, D: nan",B,False,2025-11-04 18:35:45.170,EJ,0,"What is the most prominent feature in the image?
 Options: A: Sailboats, B: City skyline, C: Sky, D: Sun",D
434,33,464,instance reasoning,cross-instance attribute reasoning,"In this comparison picture, are the upper and lower modules the same color?
Options: A: same, B: Not the same, C: Can't judge, D: nan",B,True,2025-11-04 19:47:12.130,배재형,0,"What is the most prominent feature in the image?
 Options: A: Sailboats, B: City skyline, C: Sky, D: Sun",B
435,33,464,instance reasoning,cross-instance attribute reasoning,"In this comparison picture, are the upper and lower modules the same color?
Options: A: same, B: Not the same, C: Can't judge, D: nan",B,False,2025-11-05 00:48:32.876,박지윤,0,"What is the most prominent feature in the image?
 Options: A: Sailboats, B: City skyline, C: Sky, D: Sun",D
436,33,464,instance reasoning,cross-instance attribute reasoning,"In this comparison picture, are the upper and lower modules the same color?
Options: A: same, B: Not the same, C: Can't judge, D: nan",B,False,2025-11-05 01:48:20.004,박호조,0,"What is the most prominent feature in the image?
 Options: A: Sailboats, B: City skyline, C: Sky, D: Sun",D
437,33,464,instance reasoning,cross-instance attribute reasoning,"In this comparison picture, are the upper and lower modules the same color?
Options: A: same, B: Not the same, C: Can't judge, D: nan",B,True,2025-11-10 18:47:19.220,J,0,"What is the most prominent feature in the image?
 Options: A: Sailboats, B: City skyline, C: Sky, D: Sun",B
438,33,464,instance reasoning,cross-instance attribute reasoning,"In this comparison picture, are the upper and lower modules the same color?
Options: A: same, B: Not the same, C: Can't judge, D: nan",B,False,2025-11-11 15:27:53.412, KDY,0,"What is the most prominent feature in the image?
 Options: A: Sailboats, B: City skyline, C: Sky, D: Sun",C
439,33,464,instance reasoning,cross-instance attribute reasoning,"In this comparison picture, are the upper and lower modules the same color?
Options: A: same, B: Not the same, C: Can't judge, D: nan",B,True,2025-11-11 20:35:43.975,Kathy,0,"What is the most prominent feature in the image?
 Options: A: Sailboats, B: City skyline, C: Sky, D: Sun",B
440,33,464,instance reasoning,cross-instance attribute reasoning,"In this comparison picture, are the upper and lower modules the same color?
Options: A: same, B: Not the same, C: Can't judge, D: nan",B,False,2025-11-13 17:20:30.179,JMG,0,"What is the most prominent feature in the image?
 Options: A: Sailboats, B: City skyline, C: Sky, D: Sun",D
441,33,464,instance reasoning,cross-instance attribute reasoning,"In this comparison picture, are the upper and lower modules the same color?
Options: A: same, B: Not the same, C: Can't judge, D: nan",B,True,2025-11-14 21:27:23.659,조희승,0,"What is the most prominent feature in the image?
 Options: A: Sailboats, B: City skyline, C: Sky, D: Sun",B
442,34,462,instance reasoning,cross-instance attribute reasoning,"In the picture, one is a bear doll and the other is a cat. Are they the same size?
Options: A: same, B: Not the same, C: Can't judge, D: nan",B,False,2025-11-04 16:37:21.079,Winnie,0,"What is the overall scene depicted in this image?
 Options: A: A group of people ice skating on a frozen lake surrounded by snowy trees and hills, B: A small town during a winter snowfall with snow-covered buildings and trees, C: A busy city street during Christmas time with decorated buildings and light displays, D: A ski resort town with snowy mountains and ski lifts visible in the background",C
443,34,462,instance reasoning,cross-instance attribute reasoning,"In the picture, one is a bear doll and the other is a cat. Are they the same size?
Options: A: same, B: Not the same, C: Can't judge, D: nan",B,False,2025-11-04 16:55:47.964,JJH,0,"What is the overall scene depicted in this image?
 Options: A: A group of people ice skating on a frozen lake surrounded by snowy trees and hills, B: A small town during a winter snowfall with snow-covered buildings and trees, C: A busy city street during Christmas time with decorated buildings and light displays, D: A ski resort town with snowy mountains and ski lifts visible in the background",D
444,34,462,instance reasoning,cross-instance attribute reasoning,"In the picture, one is a bear doll and the other is a cat. Are they the same size?
Options: A: same, B: Not the same, C: Can't judge, D: nan",B,False,2025-11-04 17:09:00.783,Lee,0,"What is the overall scene depicted in this image?
 Options: A: A group of people ice skating on a frozen lake surrounded by snowy trees and hills, B: A small town during a winter snowfall with snow-covered buildings and trees, C: A busy city street during Christmas time with decorated buildings and light displays, D: A ski resort town with snowy mountains and ski lifts visible in the background",C
445,34,462,instance reasoning,cross-instance attribute reasoning,"In the picture, one is a bear doll and the other is a cat. Are they the same size?
Options: A: same, B: Not the same, C: Can't judge, D: nan",B,True,2025-11-04 17:16:55.232,성민석,0,"What is the overall scene depicted in this image?
 Options: A: A group of people ice skating on a frozen lake surrounded by snowy trees and hills, B: A small town during a winter snowfall with snow-covered buildings and trees, C: A busy city street during Christmas time with decorated buildings and light displays, D: A ski resort town with snowy mountains and ski lifts visible in the background",B
446,34,462,instance reasoning,cross-instance attribute reasoning,"In the picture, one is a bear doll and the other is a cat. Are they the same size?
Options: A: same, B: Not the same, C: Can't judge, D: nan",B,False,2025-11-04 18:35:45.170,EJ,0,"What is the overall scene depicted in this image?
 Options: A: A group of people ice skating on a frozen lake surrounded by snowy trees and hills, B: A small town during a winter snowfall with snow-covered buildings and trees, C: A busy city street during Christmas time with decorated buildings and light displays, D: A ski resort town with snowy mountains and ski lifts visible in the background",C
447,34,462,instance reasoning,cross-instance attribute reasoning,"In the picture, one is a bear doll and the other is a cat. Are they the same size?
Options: A: same, B: Not the same, C: Can't judge, D: nan",B,False,2025-11-04 19:47:12.130,배재형,0,"What is the overall scene depicted in this image?
 Options: A: A group of people ice skating on a frozen lake surrounded by snowy trees and hills, B: A small town during a winter snowfall with snow-covered buildings and trees, C: A busy city street during Christmas time with decorated buildings and light displays, D: A ski resort town with snowy mountains and ski lifts visible in the background",C
448,34,462,instance reasoning,cross-instance attribute reasoning,"In the picture, one is a bear doll and the other is a cat. Are they the same size?
Options: A: same, B: Not the same, C: Can't judge, D: nan",B,False,2025-11-05 00:48:32.876,박지윤,0,"What is the overall scene depicted in this image?
 Options: A: A group of people ice skating on a frozen lake surrounded by snowy trees and hills, B: A small town during a winter snowfall with snow-covered buildings and trees, C: A busy city street during Christmas time with decorated buildings and light displays, D: A ski resort town with snowy mountains and ski lifts visible in the background",A
449,34,462,instance reasoning,cross-instance attribute reasoning,"In the picture, one is a bear doll and the other is a cat. Are they the same size?
Options: A: same, B: Not the same, C: Can't judge, D: nan",B,False,2025-11-05 01:48:20.004,박호조,0,"What is the overall scene depicted in this image?
 Options: A: A group of people ice skating on a frozen lake surrounded by snowy trees and hills, B: A small town during a winter snowfall with snow-covered buildings and trees, C: A busy city street during Christmas time with decorated buildings and light displays, D: A ski resort town with snowy mountains and ski lifts visible in the background",C
450,34,462,instance reasoning,cross-instance attribute reasoning,"In the picture, one is a bear doll and the other is a cat. Are they the same size?
Options: A: same, B: Not the same, C: Can't judge, D: nan",B,False,2025-11-10 18:47:19.220,J,0,"What is the overall scene depicted in this image?
 Options: A: A group of people ice skating on a frozen lake surrounded by snowy trees and hills, B: A small town during a winter snowfall with snow-covered buildings and trees, C: A busy city street during Christmas time with decorated buildings and light displays, D: A ski resort town with snowy mountains and ski lifts visible in the background",D
451,34,462,instance reasoning,cross-instance attribute reasoning,"In the picture, one is a bear doll and the other is a cat. Are they the same size?
Options: A: same, B: Not the same, C: Can't judge, D: nan",B,False,2025-11-11 15:27:53.412, KDY,0,"What is the overall scene depicted in this image?
 Options: A: A group of people ice skating on a frozen lake surrounded by snowy trees and hills, B: A small town during a winter snowfall with snow-covered buildings and trees, C: A busy city street during Christmas time with decorated buildings and light displays, D: A ski resort town with snowy mountains and ski lifts visible in the background",C
452,34,462,instance reasoning,cross-instance attribute reasoning,"In the picture, one is a bear doll and the other is a cat. Are they the same size?
Options: A: same, B: Not the same, C: Can't judge, D: nan",B,False,2025-11-11 20:35:43.975,Kathy,0,"What is the overall scene depicted in this image?
 Options: A: A group of people ice skating on a frozen lake surrounded by snowy trees and hills, B: A small town during a winter snowfall with snow-covered buildings and trees, C: A busy city street during Christmas time with decorated buildings and light displays, D: A ski resort town with snowy mountains and ski lifts visible in the background",A
453,34,462,instance reasoning,cross-instance attribute reasoning,"In the picture, one is a bear doll and the other is a cat. Are they the same size?
Options: A: same, B: Not the same, C: Can't judge, D: nan",B,False,2025-11-13 17:20:30.179,JMG,0,"What is the overall scene depicted in this image?
 Options: A: A group of people ice skating on a frozen lake surrounded by snowy trees and hills, B: A small town during a winter snowfall with snow-covered buildings and trees, C: A busy city street during Christmas time with decorated buildings and light displays, D: A ski resort town with snowy mountains and ski lifts visible in the background",C
454,34,462,instance reasoning,cross-instance attribute reasoning,"In the picture, one is a bear doll and the other is a cat. Are they the same size?
Options: A: same, B: Not the same, C: Can't judge, D: nan",B,False,2025-11-14 21:27:23.659,조희승,0,"What is the overall scene depicted in this image?
 Options: A: A group of people ice skating on a frozen lake surrounded by snowy trees and hills, B: A small town during a winter snowfall with snow-covered buildings and trees, C: A busy city street during Christmas time with decorated buildings and light displays, D: A ski resort town with snowy mountains and ski lifts visible in the background",A
455,35,428,fine-grained perception,recognition,"What is the woman holding in her hand?
Options: A: A book, B: A camera, C: A cell phone, D: Nothing",D,False,2025-11-04 16:37:21.079,Winnie,0,"Which is the main topic of the image
 Options: A: A woman is playing tennis, B: A man is playing tennis, C: A boy is playing soccer, D: A girl is playing volleyball",A
456,35,428,fine-grained perception,recognition,"What is the woman holding in her hand?
Options: A: A book, B: A camera, C: A cell phone, D: Nothing",D,False,2025-11-04 16:55:47.964,JJH,0,"Which is the main topic of the image
 Options: A: A woman is playing tennis, B: A man is playing tennis, C: A boy is playing soccer, D: A girl is playing volleyball",A
457,35,428,fine-grained perception,recognition,"What is the woman holding in her hand?
Options: A: A book, B: A camera, C: A cell phone, D: Nothing",D,False,2025-11-04 17:09:00.783,Lee,0,"Which is the main topic of the image
 Options: A: A woman is playing tennis, B: A man is playing tennis, C: A boy is playing soccer, D: A girl is playing volleyball",A
458,35,428,fine-grained perception,recognition,"What is the woman holding in her hand?
Options: A: A book, B: A camera, C: A cell phone, D: Nothing",D,False,2025-11-04 17:16:55.232,성민석,0,"Which is the main topic of the image
 Options: A: A woman is playing tennis, B: A man is playing tennis, C: A boy is playing soccer, D: A girl is playing volleyball",B
459,35,428,fine-grained perception,recognition,"What is the woman holding in her hand?
Options: A: A book, B: A camera, C: A cell phone, D: Nothing",D,False,2025-11-04 18:35:45.170,EJ,0,"Which is the main topic of the image
 Options: A: A woman is playing tennis, B: A man is playing tennis, C: A boy is playing soccer, D: A girl is playing volleyball",C
460,35,428,fine-grained perception,recognition,"What is the woman holding in her hand?
Options: A: A book, B: A camera, C: A cell phone, D: Nothing",D,True,2025-11-04 19:47:12.130,배재형,0,"Which is the main topic of the image
 Options: A: A woman is playing tennis, B: A man is playing tennis, C: A boy is playing soccer, D: A girl is playing volleyball",D
461,35,428,fine-grained perception,recognition,"What is the woman holding in her hand?
Options: A: A book, B: A camera, C: A cell phone, D: Nothing",D,False,2025-11-05 00:48:32.876,박지윤,0,"Which is the main topic of the image
 Options: A: A woman is playing tennis, B: A man is playing tennis, C: A boy is playing soccer, D: A girl is playing volleyball",C
462,35,428,fine-grained perception,recognition,"What is the woman holding in her hand?
Options: A: A book, B: A camera, C: A cell phone, D: Nothing",D,False,2025-11-05 01:48:20.004,박호조,0,"Which is the main topic of the image
 Options: A: A woman is playing tennis, B: A man is playing tennis, C: A boy is playing soccer, D: A girl is playing volleyball",B
463,35,428,fine-grained perception,recognition,"What is the woman holding in her hand?
Options: A: A book, B: A camera, C: A cell phone, D: Nothing",D,False,2025-11-10 18:47:19.220,J,0,"Which is the main topic of the image
 Options: A: A woman is playing tennis, B: A man is playing tennis, C: A boy is playing soccer, D: A girl is playing volleyball",A
464,35,428,fine-grained perception,recognition,"What is the woman holding in her hand?
Options: A: A book, B: A camera, C: A cell phone, D: Nothing",D,True,2025-11-11 15:27:53.412, KDY,0,"Which is the main topic of the image
 Options: A: A woman is playing tennis, B: A man is playing tennis, C: A boy is playing soccer, D: A girl is playing volleyball",D
465,35,428,fine-grained perception,recognition,"What is the woman holding in her hand?
Options: A: A book, B: A camera, C: A cell phone, D: Nothing",D,False,2025-11-11 20:35:43.975,Kathy,0,"Which is the main topic of the image
 Options: A: A woman is playing tennis, B: A man is playing tennis, C: A boy is playing soccer, D: A girl is playing volleyball",A
466,35,428,fine-grained perception,recognition,"What is the woman holding in her hand?
Options: A: A book, B: A camera, C: A cell phone, D: Nothing",D,False,2025-11-13 17:20:30.179,JMG,0,"Which is the main topic of the image
 Options: A: A woman is playing tennis, B: A man is playing tennis, C: A boy is playing soccer, D: A girl is playing volleyball",C
467,35,428,fine-grained perception,recognition,"What is the woman holding in her hand?
Options: A: A book, B: A camera, C: A cell phone, D: Nothing",D,False,2025-11-14 21:27:23.659,조희승,0,"Which is the main topic of the image
 Options: A: A woman is playing tennis, B: A man is playing tennis, C: A boy is playing soccer, D: A girl is playing volleyball",A
468,36,13,coarse perception,image emotion,"Which emotion is being depicted in this image?
Options: A: happiness, B: sadness, C: anger, D: love",B,True,2025-11-04 16:37:21.079,Winnie,0,"What is the overall mood or atmosphere of the image?
 Options: A: Joyful and energetic, B: Intimate and cozy, C: Dark and gloomy, D: Serene and peaceful",B
469,36,13,coarse perception,image emotion,"Which emotion is being depicted in this image?
Options: A: happiness, B: sadness, C: anger, D: love",B,True,2025-11-04 16:55:47.964,JJH,0,"What is the overall mood or atmosphere of the image?
 Options: A: Joyful and energetic, B: Intimate and cozy, C: Dark and gloomy, D: Serene and peaceful",B
470,36,13,coarse perception,image emotion,"Which emotion is being depicted in this image?
Options: A: happiness, B: sadness, C: anger, D: love",B,False,2025-11-04 17:09:00.783,Lee,0,"What is the overall mood or atmosphere of the image?
 Options: A: Joyful and energetic, B: Intimate and cozy, C: Dark and gloomy, D: Serene and peaceful",D
471,36,13,coarse perception,image emotion,"Which emotion is being depicted in this image?
Options: A: happiness, B: sadness, C: anger, D: love",B,False,2025-11-04 17:16:55.232,성민석,0,"What is the overall mood or atmosphere of the image?
 Options: A: Joyful and energetic, B: Intimate and cozy, C: Dark and gloomy, D: Serene and peaceful",C
472,36,13,coarse perception,image emotion,"Which emotion is being depicted in this image?
Options: A: happiness, B: sadness, C: anger, D: love",B,False,2025-11-04 18:35:45.170,EJ,0,"What is the overall mood or atmosphere of the image?
 Options: A: Joyful and energetic, B: Intimate and cozy, C: Dark and gloomy, D: Serene and peaceful",A
473,36,13,coarse perception,image emotion,"Which emotion is being depicted in this image?
Options: A: happiness, B: sadness, C: anger, D: love",B,False,2025-11-04 19:47:12.130,배재형,0,"What is the overall mood or atmosphere of the image?
 Options: A: Joyful and energetic, B: Intimate and cozy, C: Dark and gloomy, D: Serene and peaceful",D
474,36,13,coarse perception,image emotion,"Which emotion is being depicted in this image?
Options: A: happiness, B: sadness, C: anger, D: love",B,True,2025-11-05 00:48:32.876,박지윤,0,"What is the overall mood or atmosphere of the image?
 Options: A: Joyful and energetic, B: Intimate and cozy, C: Dark and gloomy, D: Serene and peaceful",B
475,36,13,coarse perception,image emotion,"Which emotion is being depicted in this image?
Options: A: happiness, B: sadness, C: anger, D: love",B,False,2025-11-05 01:48:20.004,박호조,0,"What is the overall mood or atmosphere of the image?
 Options: A: Joyful and energetic, B: Intimate and cozy, C: Dark and gloomy, D: Serene and peaceful",C
476,36,13,coarse perception,image emotion,"Which emotion is being depicted in this image?
Options: A: happiness, B: sadness, C: anger, D: love",B,False,2025-11-10 18:47:19.220,J,0,"What is the overall mood or atmosphere of the image?
 Options: A: Joyful and energetic, B: Intimate and cozy, C: Dark and gloomy, D: Serene and peaceful",A
477,36,13,coarse perception,image emotion,"Which emotion is being depicted in this image?
Options: A: happiness, B: sadness, C: anger, D: love",B,True,2025-11-11 15:27:53.412, KDY,0,"What is the overall mood or atmosphere of the image?
 Options: A: Joyful and energetic, B: Intimate and cozy, C: Dark and gloomy, D: Serene and peaceful",B
478,36,13,coarse perception,image emotion,"Which emotion is being depicted in this image?
Options: A: happiness, B: sadness, C: anger, D: love",B,True,2025-11-11 20:35:43.975,Kathy,0,"What is the overall mood or atmosphere of the image?
 Options: A: Joyful and energetic, B: Intimate and cozy, C: Dark and gloomy, D: Serene and peaceful",B
479,36,13,coarse perception,image emotion,"Which emotion is being depicted in this image?
Options: A: happiness, B: sadness, C: anger, D: love",B,False,2025-11-13 17:20:30.179,JMG,0,"What is the overall mood or atmosphere of the image?
 Options: A: Joyful and energetic, B: Intimate and cozy, C: Dark and gloomy, D: Serene and peaceful",D
480,36,13,coarse perception,image emotion,"Which emotion is being depicted in this image?
Options: A: happiness, B: sadness, C: anger, D: love",B,True,2025-11-14 21:27:23.659,조희승,0,"What is the overall mood or atmosphere of the image?
 Options: A: Joyful and energetic, B: Intimate and cozy, C: Dark and gloomy, D: Serene and peaceful",B
481,37,120,coarse perception,image scene and topic,"What kind of human behavior does this picture describe?
Options: A: A doctor is performing surgery in a hospital, using advanced techniques and technology to save lives and restore health to patients in need., B: A couple is horseback riding on a trail, cantering and galloping through scenic terrain while bonding with each other and their equine companions., C: A man in a cowboy hat sits sleeping in the sun with a fallen apple at his feet., D: A group of friends are playing poker in a basement, betting chips and bluffing while trying to outsmart each other.",C,False,2025-11-04 16:37:21.079,Winnie,0,"What type of family is shown in the image?
 Options: A: A family of all women, B: A family of mixed genders, C: A family of all men, D: A family of only children",A
482,37,120,coarse perception,image scene and topic,"What kind of human behavior does this picture describe?
Options: A: A doctor is performing surgery in a hospital, using advanced techniques and technology to save lives and restore health to patients in need., B: A couple is horseback riding on a trail, cantering and galloping through scenic terrain while bonding with each other and their equine companions., C: A man in a cowboy hat sits sleeping in the sun with a fallen apple at his feet., D: A group of friends are playing poker in a basement, betting chips and bluffing while trying to outsmart each other.",C,True,2025-11-04 16:55:47.964,JJH,0,"What type of family is shown in the image?
 Options: A: A family of all women, B: A family of mixed genders, C: A family of all men, D: A family of only children",C
483,37,120,coarse perception,image scene and topic,"What kind of human behavior does this picture describe?
Options: A: A doctor is performing surgery in a hospital, using advanced techniques and technology to save lives and restore health to patients in need., B: A couple is horseback riding on a trail, cantering and galloping through scenic terrain while bonding with each other and their equine companions., C: A man in a cowboy hat sits sleeping in the sun with a fallen apple at his feet., D: A group of friends are playing poker in a basement, betting chips and bluffing while trying to outsmart each other.",C,False,2025-11-04 17:09:00.783,Lee,0,"What type of family is shown in the image?
 Options: A: A family of all women, B: A family of mixed genders, C: A family of all men, D: A family of only children",B
484,37,120,coarse perception,image scene and topic,"What kind of human behavior does this picture describe?
Options: A: A doctor is performing surgery in a hospital, using advanced techniques and technology to save lives and restore health to patients in need., B: A couple is horseback riding on a trail, cantering and galloping through scenic terrain while bonding with each other and their equine companions., C: A man in a cowboy hat sits sleeping in the sun with a fallen apple at his feet., D: A group of friends are playing poker in a basement, betting chips and bluffing while trying to outsmart each other.",C,True,2025-11-04 17:16:55.232,성민석,0,"What type of family is shown in the image?
 Options: A: A family of all women, B: A family of mixed genders, C: A family of all men, D: A family of only children",C
485,37,120,coarse perception,image scene and topic,"What kind of human behavior does this picture describe?
Options: A: A doctor is performing surgery in a hospital, using advanced techniques and technology to save lives and restore health to patients in need., B: A couple is horseback riding on a trail, cantering and galloping through scenic terrain while bonding with each other and their equine companions., C: A man in a cowboy hat sits sleeping in the sun with a fallen apple at his feet., D: A group of friends are playing poker in a basement, betting chips and bluffing while trying to outsmart each other.",C,False,2025-11-04 18:35:45.170,EJ,0,"What type of family is shown in the image?
 Options: A: A family of all women, B: A family of mixed genders, C: A family of all men, D: A family of only children",D
486,37,120,coarse perception,image scene and topic,"What kind of human behavior does this picture describe?
Options: A: A doctor is performing surgery in a hospital, using advanced techniques and technology to save lives and restore health to patients in need., B: A couple is horseback riding on a trail, cantering and galloping through scenic terrain while bonding with each other and their equine companions., C: A man in a cowboy hat sits sleeping in the sun with a fallen apple at his feet., D: A group of friends are playing poker in a basement, betting chips and bluffing while trying to outsmart each other.",C,False,2025-11-04 19:47:12.130,배재형,0,"What type of family is shown in the image?
 Options: A: A family of all women, B: A family of mixed genders, C: A family of all men, D: A family of only children",B
487,37,120,coarse perception,image scene and topic,"What kind of human behavior does this picture describe?
Options: A: A doctor is performing surgery in a hospital, using advanced techniques and technology to save lives and restore health to patients in need., B: A couple is horseback riding on a trail, cantering and galloping through scenic terrain while bonding with each other and their equine companions., C: A man in a cowboy hat sits sleeping in the sun with a fallen apple at his feet., D: A group of friends are playing poker in a basement, betting chips and bluffing while trying to outsmart each other.",C,True,2025-11-05 00:48:32.876,박지윤,0,"What type of family is shown in the image?
 Options: A: A family of all women, B: A family of mixed genders, C: A family of all men, D: A family of only children",C
488,37,120,coarse perception,image scene and topic,"What kind of human behavior does this picture describe?
Options: A: A doctor is performing surgery in a hospital, using advanced techniques and technology to save lives and restore health to patients in need., B: A couple is horseback riding on a trail, cantering and galloping through scenic terrain while bonding with each other and their equine companions., C: A man in a cowboy hat sits sleeping in the sun with a fallen apple at his feet., D: A group of friends are playing poker in a basement, betting chips and bluffing while trying to outsmart each other.",C,True,2025-11-05 01:48:20.004,박호조,0,"What type of family is shown in the image?
 Options: A: A family of all women, B: A family of mixed genders, C: A family of all men, D: A family of only children",C
489,37,120,coarse perception,image scene and topic,"What kind of human behavior does this picture describe?
Options: A: A doctor is performing surgery in a hospital, using advanced techniques and technology to save lives and restore health to patients in need., B: A couple is horseback riding on a trail, cantering and galloping through scenic terrain while bonding with each other and their equine companions., C: A man in a cowboy hat sits sleeping in the sun with a fallen apple at his feet., D: A group of friends are playing poker in a basement, betting chips and bluffing while trying to outsmart each other.",C,False,2025-11-10 18:47:19.220,J,0,"What type of family is shown in the image?
 Options: A: A family of all women, B: A family of mixed genders, C: A family of all men, D: A family of only children",A
490,37,120,coarse perception,image scene and topic,"What kind of human behavior does this picture describe?
Options: A: A doctor is performing surgery in a hospital, using advanced techniques and technology to save lives and restore health to patients in need., B: A couple is horseback riding on a trail, cantering and galloping through scenic terrain while bonding with each other and their equine companions., C: A man in a cowboy hat sits sleeping in the sun with a fallen apple at his feet., D: A group of friends are playing poker in a basement, betting chips and bluffing while trying to outsmart each other.",C,False,2025-11-11 15:27:53.412, KDY,0,"What type of family is shown in the image?
 Options: A: A family of all women, B: A family of mixed genders, C: A family of all men, D: A family of only children",B
491,37,120,coarse perception,image scene and topic,"What kind of human behavior does this picture describe?
Options: A: A doctor is performing surgery in a hospital, using advanced techniques and technology to save lives and restore health to patients in need., B: A couple is horseback riding on a trail, cantering and galloping through scenic terrain while bonding with each other and their equine companions., C: A man in a cowboy hat sits sleeping in the sun with a fallen apple at his feet., D: A group of friends are playing poker in a basement, betting chips and bluffing while trying to outsmart each other.",C,False,2025-11-11 20:35:43.975,Kathy,0,"What type of family is shown in the image?
 Options: A: A family of all women, B: A family of mixed genders, C: A family of all men, D: A family of only children",B
492,37,120,coarse perception,image scene and topic,"What kind of human behavior does this picture describe?
Options: A: A doctor is performing surgery in a hospital, using advanced techniques and technology to save lives and restore health to patients in need., B: A couple is horseback riding on a trail, cantering and galloping through scenic terrain while bonding with each other and their equine companions., C: A man in a cowboy hat sits sleeping in the sun with a fallen apple at his feet., D: A group of friends are playing poker in a basement, betting chips and bluffing while trying to outsmart each other.",C,False,2025-11-13 17:20:30.179,JMG,0,"What type of family is shown in the image?
 Options: A: A family of all women, B: A family of mixed genders, C: A family of all men, D: A family of only children",B
493,37,120,coarse perception,image scene and topic,"What kind of human behavior does this picture describe?
Options: A: A doctor is performing surgery in a hospital, using advanced techniques and technology to save lives and restore health to patients in need., B: A couple is horseback riding on a trail, cantering and galloping through scenic terrain while bonding with each other and their equine companions., C: A man in a cowboy hat sits sleeping in the sun with a fallen apple at his feet., D: A group of friends are playing poker in a basement, betting chips and bluffing while trying to outsmart each other.",C,False,2025-11-14 21:27:23.659,조희승,0,"What type of family is shown in the image?
 Options: A: A family of all women, B: A family of mixed genders, C: A family of all men, D: A family of only children",B
494,38,382,fine-grained perception,recognition,"What is the color of the letter in the red circle?
Options: A: Black, B: White, C: Red, D: Yellow",B,True,2025-11-04 16:37:21.079,Winnie,0,"How many lamps are in the bedroom?
 Options: A: One, B: Two, C: Three, D: Four",B
495,38,382,fine-grained perception,recognition,"What is the color of the letter in the red circle?
Options: A: Black, B: White, C: Red, D: Yellow",B,False,2025-11-04 16:55:47.964,JJH,0,"How many lamps are in the bedroom?
 Options: A: One, B: Two, C: Three, D: Four",A
496,38,382,fine-grained perception,recognition,"What is the color of the letter in the red circle?
Options: A: Black, B: White, C: Red, D: Yellow",B,False,2025-11-04 17:09:00.783,Lee,0,"How many lamps are in the bedroom?
 Options: A: One, B: Two, C: Three, D: Four",C
497,38,382,fine-grained perception,recognition,"What is the color of the letter in the red circle?
Options: A: Black, B: White, C: Red, D: Yellow",B,True,2025-11-04 17:16:55.232,성민석,0,"How many lamps are in the bedroom?
 Options: A: One, B: Two, C: Three, D: Four",B
498,38,382,fine-grained perception,recognition,"What is the color of the letter in the red circle?
Options: A: Black, B: White, C: Red, D: Yellow",B,True,2025-11-04 18:35:45.170,EJ,0,"How many lamps are in the bedroom?
 Options: A: One, B: Two, C: Three, D: Four",B
499,38,382,fine-grained perception,recognition,"What is the color of the letter in the red circle?
Options: A: Black, B: White, C: Red, D: Yellow",B,False,2025-11-04 19:47:12.130,배재형,0,"How many lamps are in the bedroom?
 Options: A: One, B: Two, C: Three, D: Four",C
500,38,382,fine-grained perception,recognition,"What is the color of the letter in the red circle?
Options: A: Black, B: White, C: Red, D: Yellow",B,False,2025-11-05 00:48:32.876,박지윤,0,"How many lamps are in the bedroom?
 Options: A: One, B: Two, C: Three, D: Four",D
501,38,382,fine-grained perception,recognition,"What is the color of the letter in the red circle?
Options: A: Black, B: White, C: Red, D: Yellow",B,False,2025-11-05 01:48:20.004,박호조,0,"How many lamps are in the bedroom?
 Options: A: One, B: Two, C: Three, D: Four",A
502,38,382,fine-grained perception,recognition,"What is the color of the letter in the red circle?
Options: A: Black, B: White, C: Red, D: Yellow",B,True,2025-11-10 18:47:19.220,J,0,"How many lamps are in the bedroom?
 Options: A: One, B: Two, C: Three, D: Four",B
503,38,382,fine-grained perception,recognition,"What is the color of the letter in the red circle?
Options: A: Black, B: White, C: Red, D: Yellow",B,False,2025-11-11 15:27:53.412, KDY,0,"How many lamps are in the bedroom?
 Options: A: One, B: Two, C: Three, D: Four",D
504,38,382,fine-grained perception,recognition,"What is the color of the letter in the red circle?
Options: A: Black, B: White, C: Red, D: Yellow",B,False,2025-11-11 20:35:43.975,Kathy,0,"How many lamps are in the bedroom?
 Options: A: One, B: Two, C: Three, D: Four",A
505,38,382,fine-grained perception,recognition,"What is the color of the letter in the red circle?
Options: A: Black, B: White, C: Red, D: Yellow",B,False,2025-11-13 17:20:30.179,JMG,0,"How many lamps are in the bedroom?
 Options: A: One, B: Two, C: Three, D: Four",C
506,38,382,fine-grained perception,recognition,"What is the color of the letter in the red circle?
Options: A: Black, B: White, C: Red, D: Yellow",B,True,2025-11-14 21:27:23.659,조희승,0,"How many lamps are in the bedroom?
 Options: A: One, B: Two, C: Three, D: Four",B
507,39,164,coarse perception,image style & quality,"This image is an example of which style?
Options: A: vector art, B: comic, C: oil paint, D: Baroque",A,False,2025-11-04 16:37:21.079,Winnie,0,"Where is the seated person visible in the image?
 Options: A: On the fence, B: In the field, C: Outside the field, D: Behind the bench",B
508,39,164,coarse perception,image style & quality,"This image is an example of which style?
Options: A: vector art, B: comic, C: oil paint, D: Baroque",A,False,2025-11-04 16:55:47.964,JJH,0,"Where is the seated person visible in the image?
 Options: A: On the fence, B: In the field, C: Outside the field, D: Behind the bench",D
509,39,164,coarse perception,image style & quality,"This image is an example of which style?
Options: A: vector art, B: comic, C: oil paint, D: Baroque",A,False,2025-11-04 17:09:00.783,Lee,0,"Where is the seated person visible in the image?
 Options: A: On the fence, B: In the field, C: Outside the field, D: Behind the bench",D
510,39,164,coarse perception,image style & quality,"This image is an example of which style?
Options: A: vector art, B: comic, C: oil paint, D: Baroque",A,False,2025-11-04 17:16:55.232,성민석,0,"Where is the seated person visible in the image?
 Options: A: On the fence, B: In the field, C: Outside the field, D: Behind the bench",B
511,39,164,coarse perception,image style & quality,"This image is an example of which style?
Options: A: vector art, B: comic, C: oil paint, D: Baroque",A,True,2025-11-04 18:35:45.170,EJ,0,"Where is the seated person visible in the image?
 Options: A: On the fence, B: In the field, C: Outside the field, D: Behind the bench",A
512,39,164,coarse perception,image style & quality,"This image is an example of which style?
Options: A: vector art, B: comic, C: oil paint, D: Baroque",A,True,2025-11-04 19:47:12.130,배재형,0,"Where is the seated person visible in the image?
 Options: A: On the fence, B: In the field, C: Outside the field, D: Behind the bench",A
513,39,164,coarse perception,image style & quality,"This image is an example of which style?
Options: A: vector art, B: comic, C: oil paint, D: Baroque",A,True,2025-11-05 00:48:32.876,박지윤,0,"Where is the seated person visible in the image?
 Options: A: On the fence, B: In the field, C: Outside the field, D: Behind the bench",A
514,39,164,coarse perception,image style & quality,"This image is an example of which style?
Options: A: vector art, B: comic, C: oil paint, D: Baroque",A,True,2025-11-05 01:48:20.004,박호조,0,"Where is the seated person visible in the image?
 Options: A: On the fence, B: In the field, C: Outside the field, D: Behind the bench",A
515,39,164,coarse perception,image style & quality,"This image is an example of which style?
Options: A: vector art, B: comic, C: oil paint, D: Baroque",A,False,2025-11-10 18:47:19.220,J,0,"Where is the seated person visible in the image?
 Options: A: On the fence, B: In the field, C: Outside the field, D: Behind the bench",D
516,39,164,coarse perception,image style & quality,"This image is an example of which style?
Options: A: vector art, B: comic, C: oil paint, D: Baroque",A,False,2025-11-11 15:27:53.412, KDY,0,"Where is the seated person visible in the image?
 Options: A: On the fence, B: In the field, C: Outside the field, D: Behind the bench",D
517,39,164,coarse perception,image style & quality,"This image is an example of which style?
Options: A: vector art, B: comic, C: oil paint, D: Baroque",A,False,2025-11-11 20:35:43.975,Kathy,0,"Where is the seated person visible in the image?
 Options: A: On the fence, B: In the field, C: Outside the field, D: Behind the bench",C
518,39,164,coarse perception,image style & quality,"This image is an example of which style?
Options: A: vector art, B: comic, C: oil paint, D: Baroque",A,False,2025-11-13 17:20:30.179,JMG,0,"Where is the seated person visible in the image?
 Options: A: On the fence, B: In the field, C: Outside the field, D: Behind the bench",D
519,39,164,coarse perception,image style & quality,"This image is an example of which style?
Options: A: vector art, B: comic, C: oil paint, D: Baroque",A,False,2025-11-14 21:27:23.659,조희승,0,"Where is the seated person visible in the image?
 Options: A: On the fence, B: In the field, C: Outside the field, D: Behind the bench",C
520,40,369,fine-grained perception,recognition,"What color is the writing in the image?
Options: A: Black, B: White, C: Blue, D: Red",B,False,2025-11-04 16:37:21.079,Winnie,0,"What shape is the ottoman in the living room?
 Options: A: Square, B: Round, C: Rectangular, D: Oval",A
521,40,369,fine-grained perception,recognition,"What color is the writing in the image?
Options: A: Black, B: White, C: Blue, D: Red",B,False,2025-11-04 16:55:47.964,JJH,0,"What shape is the ottoman in the living room?
 Options: A: Square, B: Round, C: Rectangular, D: Oval",C
522,40,369,fine-grained perception,recognition,"What color is the writing in the image?
Options: A: Black, B: White, C: Blue, D: Red",B,True,2025-11-04 17:09:00.783,Lee,0,"What shape is the ottoman in the living room?
 Options: A: Square, B: Round, C: Rectangular, D: Oval",B
523,40,369,fine-grained perception,recognition,"What color is the writing in the image?
Options: A: Black, B: White, C: Blue, D: Red",B,False,2025-11-04 17:16:55.232,성민석,0,"What shape is the ottoman in the living room?
 Options: A: Square, B: Round, C: Rectangular, D: Oval",C
524,40,369,fine-grained perception,recognition,"What color is the writing in the image?
Options: A: Black, B: White, C: Blue, D: Red",B,False,2025-11-04 18:35:45.170,EJ,0,"What shape is the ottoman in the living room?
 Options: A: Square, B: Round, C: Rectangular, D: Oval",C
525,40,369,fine-grained perception,recognition,"What color is the writing in the image?
Options: A: Black, B: White, C: Blue, D: Red",B,False,2025-11-04 19:47:12.130,배재형,0,"What shape is the ottoman in the living room?
 Options: A: Square, B: Round, C: Rectangular, D: Oval",C
526,40,369,fine-grained perception,recognition,"What color is the writing in the image?
Options: A: Black, B: White, C: Blue, D: Red",B,False,2025-11-05 00:48:32.876,박지윤,0,"What shape is the ottoman in the living room?
 Options: A: Square, B: Round, C: Rectangular, D: Oval",C
527,40,369,fine-grained perception,recognition,"What color is the writing in the image?
Options: A: Black, B: White, C: Blue, D: Red",B,False,2025-11-05 01:48:20.004,박호조,0,"What shape is the ottoman in the living room?
 Options: A: Square, B: Round, C: Rectangular, D: Oval",D
528,40,369,fine-grained perception,recognition,"What color is the writing in the image?
Options: A: Black, B: White, C: Blue, D: Red",B,False,2025-11-10 18:47:19.220,J,0,"What shape is the ottoman in the living room?
 Options: A: Square, B: Round, C: Rectangular, D: Oval",C
529,40,369,fine-grained perception,recognition,"What color is the writing in the image?
Options: A: Black, B: White, C: Blue, D: Red",B,True,2025-11-11 15:27:53.412, KDY,0,"What shape is the ottoman in the living room?
 Options: A: Square, B: Round, C: Rectangular, D: Oval",B
530,40,369,fine-grained perception,recognition,"What color is the writing in the image?
Options: A: Black, B: White, C: Blue, D: Red",B,True,2025-11-11 20:35:43.975,Kathy,0,"What shape is the ottoman in the living room?
 Options: A: Square, B: Round, C: Rectangular, D: Oval",B
531,40,369,fine-grained perception,recognition,"What color is the writing in the image?
Options: A: Black, B: White, C: Blue, D: Red",B,False,2025-11-13 17:20:30.179,JMG,0,"What shape is the ottoman in the living room?
 Options: A: Square, B: Round, C: Rectangular, D: Oval",C
532,40,369,fine-grained perception,recognition,"What color is the writing in the image?
Options: A: Black, B: White, C: Blue, D: Red",B,False,2025-11-14 21:27:23.659,조희승,0,"What shape is the ottoman in the living room?
 Options: A: Square, B: Round, C: Rectangular, D: Oval",C
533,41,21,coarse perception,image emotion,"what emotion does this emoji express?
Options: A: happy, B: sad, C: excited, D: angry",B,False,2025-11-04 16:37:21.079,Winnie,0,"What is the main focus of this image?
 Options: A: The grassy hill, B: The sculpture, C: The fence, D: The building",A
534,41,21,coarse perception,image emotion,"what emotion does this emoji express?
Options: A: happy, B: sad, C: excited, D: angry",B,False,2025-11-04 16:55:47.964,JJH,0,"What is the main focus of this image?
 Options: A: The grassy hill, B: The sculpture, C: The fence, D: The building",D
535,41,21,coarse perception,image emotion,"what emotion does this emoji express?
Options: A: happy, B: sad, C: excited, D: angry",B,False,2025-11-04 17:09:00.783,Lee,0,"What is the main focus of this image?
 Options: A: The grassy hill, B: The sculpture, C: The fence, D: The building",C
536,41,21,coarse perception,image emotion,"what emotion does this emoji express?
Options: A: happy, B: sad, C: excited, D: angry",B,True,2025-11-04 17:16:55.232,성민석,0,"What is the main focus of this image?
 Options: A: The grassy hill, B: The sculpture, C: The fence, D: The building",B
537,41,21,coarse perception,image emotion,"what emotion does this emoji express?
Options: A: happy, B: sad, C: excited, D: angry",B,True,2025-11-04 18:35:45.170,EJ,0,"What is the main focus of this image?
 Options: A: The grassy hill, B: The sculpture, C: The fence, D: The building",B
538,41,21,coarse perception,image emotion,"what emotion does this emoji express?
Options: A: happy, B: sad, C: excited, D: angry",B,True,2025-11-04 19:47:12.130,배재형,0,"What is the main focus of this image?
 Options: A: The grassy hill, B: The sculpture, C: The fence, D: The building",B
539,41,21,coarse perception,image emotion,"what emotion does this emoji express?
Options: A: happy, B: sad, C: excited, D: angry",B,False,2025-11-05 00:48:32.876,박지윤,0,"What is the main focus of this image?
 Options: A: The grassy hill, B: The sculpture, C: The fence, D: The building",D
540,41,21,coarse perception,image emotion,"what emotion does this emoji express?
Options: A: happy, B: sad, C: excited, D: angry",B,True,2025-11-05 01:48:20.004,박호조,0,"What is the main focus of this image?
 Options: A: The grassy hill, B: The sculpture, C: The fence, D: The building",B
541,41,21,coarse perception,image emotion,"what emotion does this emoji express?
Options: A: happy, B: sad, C: excited, D: angry",B,True,2025-11-10 18:47:19.220,J,0,"What is the main focus of this image?
 Options: A: The grassy hill, B: The sculpture, C: The fence, D: The building",B
542,41,21,coarse perception,image emotion,"what emotion does this emoji express?
Options: A: happy, B: sad, C: excited, D: angry",B,True,2025-11-11 15:27:53.412, KDY,0,"What is the main focus of this image?
 Options: A: The grassy hill, B: The sculpture, C: The fence, D: The building",B
543,41,21,coarse perception,image emotion,"what emotion does this emoji express?
Options: A: happy, B: sad, C: excited, D: angry",B,False,2025-11-11 20:35:43.975,Kathy,0,"What is the main focus of this image?
 Options: A: The grassy hill, B: The sculpture, C: The fence, D: The building",A
544,41,21,coarse perception,image emotion,"what emotion does this emoji express?
Options: A: happy, B: sad, C: excited, D: angry",B,False,2025-11-13 17:20:30.179,JMG,0,"What is the main focus of this image?
 Options: A: The grassy hill, B: The sculpture, C: The fence, D: The building",C
545,41,21,coarse perception,image emotion,"what emotion does this emoji express?
Options: A: happy, B: sad, C: excited, D: angry",B,True,2025-11-14 21:27:23.659,조희승,0,"What is the main focus of this image?
 Options: A: The grassy hill, B: The sculpture, C: The fence, D: The building",B
546,42,414,fine-grained perception,recognition,"What is the most prominent color of the jacket worn by the man with the laptop?
Options: A: Blue, B: Black, C: Gray, D: Red",B,True,2025-11-04 16:37:21.079,Winnie,0,"How many people are on stage?
 Options: A: 2, B: 3, C: 4, D: 5",B
547,42,414,fine-grained perception,recognition,"What is the most prominent color of the jacket worn by the man with the laptop?
Options: A: Blue, B: Black, C: Gray, D: Red",B,False,2025-11-04 16:55:47.964,JJH,0,"How many people are on stage?
 Options: A: 2, B: 3, C: 4, D: 5",C
548,42,414,fine-grained perception,recognition,"What is the most prominent color of the jacket worn by the man with the laptop?
Options: A: Blue, B: Black, C: Gray, D: Red",B,True,2025-11-04 17:09:00.783,Lee,0,"How many people are on stage?
 Options: A: 2, B: 3, C: 4, D: 5",B
549,42,414,fine-grained perception,recognition,"What is the most prominent color of the jacket worn by the man with the laptop?
Options: A: Blue, B: Black, C: Gray, D: Red",B,True,2025-11-04 17:16:55.232,성민석,0,"How many people are on stage?
 Options: A: 2, B: 3, C: 4, D: 5",B
550,42,414,fine-grained perception,recognition,"What is the most prominent color of the jacket worn by the man with the laptop?
Options: A: Blue, B: Black, C: Gray, D: Red",B,False,2025-11-04 18:35:45.170,EJ,0,"How many people are on stage?
 Options: A: 2, B: 3, C: 4, D: 5",A
551,42,414,fine-grained perception,recognition,"What is the most prominent color of the jacket worn by the man with the laptop?
Options: A: Blue, B: Black, C: Gray, D: Red",B,False,2025-11-04 19:47:12.130,배재형,0,"How many people are on stage?
 Options: A: 2, B: 3, C: 4, D: 5",D
552,42,414,fine-grained perception,recognition,"What is the most prominent color of the jacket worn by the man with the laptop?
Options: A: Blue, B: Black, C: Gray, D: Red",B,True,2025-11-05 00:48:32.876,박지윤,0,"How many people are on stage?
 Options: A: 2, B: 3, C: 4, D: 5",B
553,42,414,fine-grained perception,recognition,"What is the most prominent color of the jacket worn by the man with the laptop?
Options: A: Blue, B: Black, C: Gray, D: Red",B,False,2025-11-05 01:48:20.004,박호조,0,"How many people are on stage?
 Options: A: 2, B: 3, C: 4, D: 5",A
554,42,414,fine-grained perception,recognition,"What is the most prominent color of the jacket worn by the man with the laptop?
Options: A: Blue, B: Black, C: Gray, D: Red",B,False,2025-11-10 18:47:19.220,J,0,"How many people are on stage?
 Options: A: 2, B: 3, C: 4, D: 5",D
555,42,414,fine-grained perception,recognition,"What is the most prominent color of the jacket worn by the man with the laptop?
Options: A: Blue, B: Black, C: Gray, D: Red",B,False,2025-11-11 15:27:53.412, KDY,0,"How many people are on stage?
 Options: A: 2, B: 3, C: 4, D: 5",C
556,42,414,fine-grained perception,recognition,"What is the most prominent color of the jacket worn by the man with the laptop?
Options: A: Blue, B: Black, C: Gray, D: Red",B,False,2025-11-11 20:35:43.975,Kathy,0,"How many people are on stage?
 Options: A: 2, B: 3, C: 4, D: 5",D
557,42,414,fine-grained perception,recognition,"What is the most prominent color of the jacket worn by the man with the laptop?
Options: A: Blue, B: Black, C: Gray, D: Red",B,True,2025-11-13 17:20:30.179,JMG,0,"How many people are on stage?
 Options: A: 2, B: 3, C: 4, D: 5",B
558,42,414,fine-grained perception,recognition,"What is the most prominent color of the jacket worn by the man with the laptop?
Options: A: Blue, B: Black, C: Gray, D: Red",B,False,2025-11-14 21:27:23.659,조희승,0,"How many people are on stage?
 Options: A: 2, B: 3, C: 4, D: 5",C
559,43,346,fine-grained perception,recognition,"Is there a microphone in the image?
Options: A: Cannot determine, B: No, C: Yes, D: Not enough information",B,True,2025-11-04 16:37:21.079,Winnie,0,"What type of vegetation is visible in the image?
 Options: A: Trees only, B: A mix of trees and bushes, C: Bushes only, D: Grass",B
560,43,346,fine-grained perception,recognition,"Is there a microphone in the image?
Options: A: Cannot determine, B: No, C: Yes, D: Not enough information",B,True,2025-11-04 16:55:47.964,JJH,0,"What type of vegetation is visible in the image?
 Options: A: Trees only, B: A mix of trees and bushes, C: Bushes only, D: Grass",B
561,43,346,fine-grained perception,recognition,"Is there a microphone in the image?
Options: A: Cannot determine, B: No, C: Yes, D: Not enough information",B,True,2025-11-04 17:09:00.783,Lee,0,"What type of vegetation is visible in the image?
 Options: A: Trees only, B: A mix of trees and bushes, C: Bushes only, D: Grass",B
562,43,346,fine-grained perception,recognition,"Is there a microphone in the image?
Options: A: Cannot determine, B: No, C: Yes, D: Not enough information",B,True,2025-11-04 17:16:55.232,성민석,0,"What type of vegetation is visible in the image?
 Options: A: Trees only, B: A mix of trees and bushes, C: Bushes only, D: Grass",B
563,43,346,fine-grained perception,recognition,"Is there a microphone in the image?
Options: A: Cannot determine, B: No, C: Yes, D: Not enough information",B,False,2025-11-04 18:35:45.170,EJ,0,"What type of vegetation is visible in the image?
 Options: A: Trees only, B: A mix of trees and bushes, C: Bushes only, D: Grass",A
564,43,346,fine-grained perception,recognition,"Is there a microphone in the image?
Options: A: Cannot determine, B: No, C: Yes, D: Not enough information",B,True,2025-11-04 19:47:12.130,배재형,0,"What type of vegetation is visible in the image?
 Options: A: Trees only, B: A mix of trees and bushes, C: Bushes only, D: Grass",B
565,43,346,fine-grained perception,recognition,"Is there a microphone in the image?
Options: A: Cannot determine, B: No, C: Yes, D: Not enough information",B,False,2025-11-05 00:48:32.876,박지윤,0,"What type of vegetation is visible in the image?
 Options: A: Trees only, B: A mix of trees and bushes, C: Bushes only, D: Grass",A
566,43,346,fine-grained perception,recognition,"Is there a microphone in the image?
Options: A: Cannot determine, B: No, C: Yes, D: Not enough information",B,False,2025-11-05 01:48:20.004,박호조,0,"What type of vegetation is visible in the image?
 Options: A: Trees only, B: A mix of trees and bushes, C: Bushes only, D: Grass",D
567,43,346,fine-grained perception,recognition,"Is there a microphone in the image?
Options: A: Cannot determine, B: No, C: Yes, D: Not enough information",B,True,2025-11-10 18:47:19.220,J,0,"What type of vegetation is visible in the image?
 Options: A: Trees only, B: A mix of trees and bushes, C: Bushes only, D: Grass",B
568,43,346,fine-grained perception,recognition,"Is there a microphone in the image?
Options: A: Cannot determine, B: No, C: Yes, D: Not enough information",B,False,2025-11-11 15:27:53.412, KDY,0,"What type of vegetation is visible in the image?
 Options: A: Trees only, B: A mix of trees and bushes, C: Bushes only, D: Grass",D
569,43,346,fine-grained perception,recognition,"Is there a microphone in the image?
Options: A: Cannot determine, B: No, C: Yes, D: Not enough information",B,True,2025-11-11 20:35:43.975,Kathy,0,"What type of vegetation is visible in the image?
 Options: A: Trees only, B: A mix of trees and bushes, C: Bushes only, D: Grass",B
570,43,346,fine-grained perception,recognition,"Is there a microphone in the image?
Options: A: Cannot determine, B: No, C: Yes, D: Not enough information",B,False,2025-11-13 17:20:30.179,JMG,0,"What type of vegetation is visible in the image?
 Options: A: Trees only, B: A mix of trees and bushes, C: Bushes only, D: Grass",D
571,43,346,fine-grained perception,recognition,"Is there a microphone in the image?
Options: A: Cannot determine, B: No, C: Yes, D: Not enough information",B,True,2025-11-14 21:27:23.659,조희승,0,"What type of vegetation is visible in the image?
 Options: A: Trees only, B: A mix of trees and bushes, C: Bushes only, D: Grass",B
572,44,335,fine-grained perception,recognition,"Does the image contain any person wearing green clothes?
Options: A: Yes, B: Cannot determine from the given information, C: No, D: None of the above",C,False,2025-11-04 16:37:21.079,Winnie,0,"How many drawers can be seen in the image?
 Options: A: One, B: Three, C: Two, D: Four",B
573,44,335,fine-grained perception,recognition,"Does the image contain any person wearing green clothes?
Options: A: Yes, B: Cannot determine from the given information, C: No, D: None of the above",C,False,2025-11-04 16:55:47.964,JJH,0,"How many drawers can be seen in the image?
 Options: A: One, B: Three, C: Two, D: Four",A
574,44,335,fine-grained perception,recognition,"Does the image contain any person wearing green clothes?
Options: A: Yes, B: Cannot determine from the given information, C: No, D: None of the above",C,True,2025-11-04 17:09:00.783,Lee,0,"How many drawers can be seen in the image?
 Options: A: One, B: Three, C: Two, D: Four",C
575,44,335,fine-grained perception,recognition,"Does the image contain any person wearing green clothes?
Options: A: Yes, B: Cannot determine from the given information, C: No, D: None of the above",C,False,2025-11-04 17:16:55.232,성민석,0,"How many drawers can be seen in the image?
 Options: A: One, B: Three, C: Two, D: Four",B
576,44,335,fine-grained perception,recognition,"Does the image contain any person wearing green clothes?
Options: A: Yes, B: Cannot determine from the given information, C: No, D: None of the above",C,False,2025-11-04 18:35:45.170,EJ,0,"How many drawers can be seen in the image?
 Options: A: One, B: Three, C: Two, D: Four",A
577,44,335,fine-grained perception,recognition,"Does the image contain any person wearing green clothes?
Options: A: Yes, B: Cannot determine from the given information, C: No, D: None of the above",C,False,2025-11-04 19:47:12.130,배재형,0,"How many drawers can be seen in the image?
 Options: A: One, B: Three, C: Two, D: Four",B
578,44,335,fine-grained perception,recognition,"Does the image contain any person wearing green clothes?
Options: A: Yes, B: Cannot determine from the given information, C: No, D: None of the above",C,False,2025-11-05 00:48:32.876,박지윤,0,"How many drawers can be seen in the image?
 Options: A: One, B: Three, C: Two, D: Four",A
579,44,335,fine-grained perception,recognition,"Does the image contain any person wearing green clothes?
Options: A: Yes, B: Cannot determine from the given information, C: No, D: None of the above",C,True,2025-11-05 01:48:20.004,박호조,0,"How many drawers can be seen in the image?
 Options: A: One, B: Three, C: Two, D: Four",C
580,44,335,fine-grained perception,recognition,"Does the image contain any person wearing green clothes?
Options: A: Yes, B: Cannot determine from the given information, C: No, D: None of the above",C,False,2025-11-10 18:47:19.220,J,0,"How many drawers can be seen in the image?
 Options: A: One, B: Three, C: Two, D: Four",B
581,44,335,fine-grained perception,recognition,"Does the image contain any person wearing green clothes?
Options: A: Yes, B: Cannot determine from the given information, C: No, D: None of the above",C,False,2025-11-11 15:27:53.412, KDY,0,"How many drawers can be seen in the image?
 Options: A: One, B: Three, C: Two, D: Four",D
582,44,335,fine-grained perception,recognition,"Does the image contain any person wearing green clothes?
Options: A: Yes, B: Cannot determine from the given information, C: No, D: None of the above",C,True,2025-11-11 20:35:43.975,Kathy,0,"How many drawers can be seen in the image?
 Options: A: One, B: Three, C: Two, D: Four",C
583,44,335,fine-grained perception,recognition,"Does the image contain any person wearing green clothes?
Options: A: Yes, B: Cannot determine from the given information, C: No, D: None of the above",C,False,2025-11-13 17:20:30.179,JMG,0,"How many drawers can be seen in the image?
 Options: A: One, B: Three, C: Two, D: Four",D
584,44,335,fine-grained perception,recognition,"Does the image contain any person wearing green clothes?
Options: A: Yes, B: Cannot determine from the given information, C: No, D: None of the above",C,False,2025-11-14 21:27:23.659,조희승,0,"How many drawers can be seen in the image?
 Options: A: One, B: Three, C: Two, D: Four",B
585,45,550,instance reasoning,cross-instance relation reasoning,"What can Hazel and Xavier trade to each get what they want?
Options: A: Hazel can trade her tomatoes for Xavier's broccoli., B: Hazel can trade her tomatoes for Xavier's carrots., C: Xavier can trade his broccoli for Hazel's oranges., D: Xavier can trade his almonds for Hazel's tomatoes.",A,False,2025-11-04 16:37:21.079,Winnie,0,"How many drawers can be seen in the white kitchen?
 Options: A: Three, B: Two, C: One, D: Four",D
586,45,550,instance reasoning,cross-instance relation reasoning,"What can Hazel and Xavier trade to each get what they want?
Options: A: Hazel can trade her tomatoes for Xavier's broccoli., B: Hazel can trade her tomatoes for Xavier's carrots., C: Xavier can trade his broccoli for Hazel's oranges., D: Xavier can trade his almonds for Hazel's tomatoes.",A,False,2025-11-04 16:55:47.964,JJH,0,"How many drawers can be seen in the white kitchen?
 Options: A: Three, B: Two, C: One, D: Four",D
587,45,550,instance reasoning,cross-instance relation reasoning,"What can Hazel and Xavier trade to each get what they want?
Options: A: Hazel can trade her tomatoes for Xavier's broccoli., B: Hazel can trade her tomatoes for Xavier's carrots., C: Xavier can trade his broccoli for Hazel's oranges., D: Xavier can trade his almonds for Hazel's tomatoes.",A,False,2025-11-04 17:09:00.783,Lee,0,"How many drawers can be seen in the white kitchen?
 Options: A: Three, B: Two, C: One, D: Four",B
588,45,550,instance reasoning,cross-instance relation reasoning,"What can Hazel and Xavier trade to each get what they want?
Options: A: Hazel can trade her tomatoes for Xavier's broccoli., B: Hazel can trade her tomatoes for Xavier's carrots., C: Xavier can trade his broccoli for Hazel's oranges., D: Xavier can trade his almonds for Hazel's tomatoes.",A,False,2025-11-04 17:16:55.232,성민석,0,"How many drawers can be seen in the white kitchen?
 Options: A: Three, B: Two, C: One, D: Four",B
589,45,550,instance reasoning,cross-instance relation reasoning,"What can Hazel and Xavier trade to each get what they want?
Options: A: Hazel can trade her tomatoes for Xavier's broccoli., B: Hazel can trade her tomatoes for Xavier's carrots., C: Xavier can trade his broccoli for Hazel's oranges., D: Xavier can trade his almonds for Hazel's tomatoes.",A,False,2025-11-04 18:35:45.170,EJ,0,"How many drawers can be seen in the white kitchen?
 Options: A: Three, B: Two, C: One, D: Four",C
590,45,550,instance reasoning,cross-instance relation reasoning,"What can Hazel and Xavier trade to each get what they want?
Options: A: Hazel can trade her tomatoes for Xavier's broccoli., B: Hazel can trade her tomatoes for Xavier's carrots., C: Xavier can trade his broccoli for Hazel's oranges., D: Xavier can trade his almonds for Hazel's tomatoes.",A,False,2025-11-04 19:47:12.130,배재형,0,"How many drawers can be seen in the white kitchen?
 Options: A: Three, B: Two, C: One, D: Four",D
591,45,550,instance reasoning,cross-instance relation reasoning,"What can Hazel and Xavier trade to each get what they want?
Options: A: Hazel can trade her tomatoes for Xavier's broccoli., B: Hazel can trade her tomatoes for Xavier's carrots., C: Xavier can trade his broccoli for Hazel's oranges., D: Xavier can trade his almonds for Hazel's tomatoes.",A,False,2025-11-05 00:48:32.876,박지윤,0,"How many drawers can be seen in the white kitchen?
 Options: A: Three, B: Two, C: One, D: Four",B
592,45,550,instance reasoning,cross-instance relation reasoning,"What can Hazel and Xavier trade to each get what they want?
Options: A: Hazel can trade her tomatoes for Xavier's broccoli., B: Hazel can trade her tomatoes for Xavier's carrots., C: Xavier can trade his broccoli for Hazel's oranges., D: Xavier can trade his almonds for Hazel's tomatoes.",A,False,2025-11-05 01:48:20.004,박호조,0,"How many drawers can be seen in the white kitchen?
 Options: A: Three, B: Two, C: One, D: Four",D
593,45,550,instance reasoning,cross-instance relation reasoning,"What can Hazel and Xavier trade to each get what they want?
Options: A: Hazel can trade her tomatoes for Xavier's broccoli., B: Hazel can trade her tomatoes for Xavier's carrots., C: Xavier can trade his broccoli for Hazel's oranges., D: Xavier can trade his almonds for Hazel's tomatoes.",A,False,2025-11-10 18:47:19.220,J,0,"How many drawers can be seen in the white kitchen?
 Options: A: Three, B: Two, C: One, D: Four",D
594,45,550,instance reasoning,cross-instance relation reasoning,"What can Hazel and Xavier trade to each get what they want?
Options: A: Hazel can trade her tomatoes for Xavier's broccoli., B: Hazel can trade her tomatoes for Xavier's carrots., C: Xavier can trade his broccoli for Hazel's oranges., D: Xavier can trade his almonds for Hazel's tomatoes.",A,False,2025-11-11 15:27:53.412, KDY,0,"How many drawers can be seen in the white kitchen?
 Options: A: Three, B: Two, C: One, D: Four",B
595,45,550,instance reasoning,cross-instance relation reasoning,"What can Hazel and Xavier trade to each get what they want?
Options: A: Hazel can trade her tomatoes for Xavier's broccoli., B: Hazel can trade her tomatoes for Xavier's carrots., C: Xavier can trade his broccoli for Hazel's oranges., D: Xavier can trade his almonds for Hazel's tomatoes.",A,False,2025-11-11 20:35:43.975,Kathy,0,"How many drawers can be seen in the white kitchen?
 Options: A: Three, B: Two, C: One, D: Four",B
596,45,550,instance reasoning,cross-instance relation reasoning,"What can Hazel and Xavier trade to each get what they want?
Options: A: Hazel can trade her tomatoes for Xavier's broccoli., B: Hazel can trade her tomatoes for Xavier's carrots., C: Xavier can trade his broccoli for Hazel's oranges., D: Xavier can trade his almonds for Hazel's tomatoes.",A,False,2025-11-13 17:20:30.179,JMG,0,"How many drawers can be seen in the white kitchen?
 Options: A: Three, B: Two, C: One, D: Four",B
597,45,550,instance reasoning,cross-instance relation reasoning,"What can Hazel and Xavier trade to each get what they want?
Options: A: Hazel can trade her tomatoes for Xavier's broccoli., B: Hazel can trade her tomatoes for Xavier's carrots., C: Xavier can trade his broccoli for Hazel's oranges., D: Xavier can trade his almonds for Hazel's tomatoes.",A,False,2025-11-14 21:27:23.659,조희승,0,"How many drawers can be seen in the white kitchen?
 Options: A: Three, B: Two, C: One, D: Four",D
598,46,549,instance reasoning,cross-instance relation reasoning,"There are two physical models in the picture, are the two square sliders the same size?
Options: A: same, B: Not the same, C: Can't judge, D: nan",B,False,2025-11-04 16:37:21.079,Winnie,0,"Does the picture show a mountainous landscape or a coastal landscape?
 Options: A: Mountainous, B: Coastal, C: plain, D: basin",A
599,46,549,instance reasoning,cross-instance relation reasoning,"There are two physical models in the picture, are the two square sliders the same size?
Options: A: same, B: Not the same, C: Can't judge, D: nan",B,False,2025-11-04 16:55:47.964,JJH,0,"Does the picture show a mountainous landscape or a coastal landscape?
 Options: A: Mountainous, B: Coastal, C: plain, D: basin",D
600,46,549,instance reasoning,cross-instance relation reasoning,"There are two physical models in the picture, are the two square sliders the same size?
Options: A: same, B: Not the same, C: Can't judge, D: nan",B,False,2025-11-04 17:09:00.783,Lee,0,"Does the picture show a mountainous landscape or a coastal landscape?
 Options: A: Mountainous, B: Coastal, C: plain, D: basin",A
601,46,549,instance reasoning,cross-instance relation reasoning,"There are two physical models in the picture, are the two square sliders the same size?
Options: A: same, B: Not the same, C: Can't judge, D: nan",B,True,2025-11-04 17:16:55.232,성민석,0,"Does the picture show a mountainous landscape or a coastal landscape?
 Options: A: Mountainous, B: Coastal, C: plain, D: basin",B
602,46,549,instance reasoning,cross-instance relation reasoning,"There are two physical models in the picture, are the two square sliders the same size?
Options: A: same, B: Not the same, C: Can't judge, D: nan",B,True,2025-11-04 18:35:45.170,EJ,0,"Does the picture show a mountainous landscape or a coastal landscape?
 Options: A: Mountainous, B: Coastal, C: plain, D: basin",B
603,46,549,instance reasoning,cross-instance relation reasoning,"There are two physical models in the picture, are the two square sliders the same size?
Options: A: same, B: Not the same, C: Can't judge, D: nan",B,False,2025-11-04 19:47:12.130,배재형,0,"Does the picture show a mountainous landscape or a coastal landscape?
 Options: A: Mountainous, B: Coastal, C: plain, D: basin",C
604,46,549,instance reasoning,cross-instance relation reasoning,"There are two physical models in the picture, are the two square sliders the same size?
Options: A: same, B: Not the same, C: Can't judge, D: nan",B,True,2025-11-05 00:48:32.876,박지윤,0,"Does the picture show a mountainous landscape or a coastal landscape?
 Options: A: Mountainous, B: Coastal, C: plain, D: basin",B
605,46,549,instance reasoning,cross-instance relation reasoning,"There are two physical models in the picture, are the two square sliders the same size?
Options: A: same, B: Not the same, C: Can't judge, D: nan",B,False,2025-11-05 01:48:20.004,박호조,0,"Does the picture show a mountainous landscape or a coastal landscape?
 Options: A: Mountainous, B: Coastal, C: plain, D: basin",A
606,46,549,instance reasoning,cross-instance relation reasoning,"There are two physical models in the picture, are the two square sliders the same size?
Options: A: same, B: Not the same, C: Can't judge, D: nan",B,True,2025-11-10 18:47:19.220,J,0,"Does the picture show a mountainous landscape or a coastal landscape?
 Options: A: Mountainous, B: Coastal, C: plain, D: basin",B
607,46,549,instance reasoning,cross-instance relation reasoning,"There are two physical models in the picture, are the two square sliders the same size?
Options: A: same, B: Not the same, C: Can't judge, D: nan",B,False,2025-11-11 15:27:53.412, KDY,0,"Does the picture show a mountainous landscape or a coastal landscape?
 Options: A: Mountainous, B: Coastal, C: plain, D: basin",A
608,46,549,instance reasoning,cross-instance relation reasoning,"There are two physical models in the picture, are the two square sliders the same size?
Options: A: same, B: Not the same, C: Can't judge, D: nan",B,False,2025-11-11 20:35:43.975,Kathy,0,"Does the picture show a mountainous landscape or a coastal landscape?
 Options: A: Mountainous, B: Coastal, C: plain, D: basin",A
609,46,549,instance reasoning,cross-instance relation reasoning,"There are two physical models in the picture, are the two square sliders the same size?
Options: A: same, B: Not the same, C: Can't judge, D: nan",B,False,2025-11-13 17:20:30.179,JMG,0,"Does the picture show a mountainous landscape or a coastal landscape?
 Options: A: Mountainous, B: Coastal, C: plain, D: basin",A
610,46,549,instance reasoning,cross-instance relation reasoning,"There are two physical models in the picture, are the two square sliders the same size?
Options: A: same, B: Not the same, C: Can't judge, D: nan",B,True,2025-11-14 21:27:23.659,조희승,0,"Does the picture show a mountainous landscape or a coastal landscape?
 Options: A: Mountainous, B: Coastal, C: plain, D: basin",B
611,47,584,instance reasoning,single-instance reasoning,"Hint: Please answer the question and provide the correct option letter, e.g., A, B, C, D, at the end.
Question: Is it split in half?
Choices:
(A) Yes
(B) No
(C) nan
(D) nan",B,True,2025-11-04 16:37:21.079,Winnie,0,"Where is the exit in the image?
 Options: A: To the left of the green exit sign, B: To the right of the green exit sign, C: Behind the green exit sign with an arrow pointing to the left, D: Not visible in the image",B
612,47,584,instance reasoning,single-instance reasoning,"Hint: Please answer the question and provide the correct option letter, e.g., A, B, C, D, at the end.
Question: Is it split in half?
Choices:
(A) Yes
(B) No
(C) nan
(D) nan",B,False,2025-11-04 16:55:47.964,JJH,0,"Where is the exit in the image?
 Options: A: To the left of the green exit sign, B: To the right of the green exit sign, C: Behind the green exit sign with an arrow pointing to the left, D: Not visible in the image",D
613,47,584,instance reasoning,single-instance reasoning,"Hint: Please answer the question and provide the correct option letter, e.g., A, B, C, D, at the end.
Question: Is it split in half?
Choices:
(A) Yes
(B) No
(C) nan
(D) nan",B,True,2025-11-04 17:09:00.783,Lee,0,"Where is the exit in the image?
 Options: A: To the left of the green exit sign, B: To the right of the green exit sign, C: Behind the green exit sign with an arrow pointing to the left, D: Not visible in the image",B
614,47,584,instance reasoning,single-instance reasoning,"Hint: Please answer the question and provide the correct option letter, e.g., A, B, C, D, at the end.
Question: Is it split in half?
Choices:
(A) Yes
(B) No
(C) nan
(D) nan",B,False,2025-11-04 17:16:55.232,성민석,0,"Where is the exit in the image?
 Options: A: To the left of the green exit sign, B: To the right of the green exit sign, C: Behind the green exit sign with an arrow pointing to the left, D: Not visible in the image",C
615,47,584,instance reasoning,single-instance reasoning,"Hint: Please answer the question and provide the correct option letter, e.g., A, B, C, D, at the end.
Question: Is it split in half?
Choices:
(A) Yes
(B) No
(C) nan
(D) nan",B,False,2025-11-04 18:35:45.170,EJ,0,"Where is the exit in the image?
 Options: A: To the left of the green exit sign, B: To the right of the green exit sign, C: Behind the green exit sign with an arrow pointing to the left, D: Not visible in the image",A
616,47,584,instance reasoning,single-instance reasoning,"Hint: Please answer the question and provide the correct option letter, e.g., A, B, C, D, at the end.
Question: Is it split in half?
Choices:
(A) Yes
(B) No
(C) nan
(D) nan",B,False,2025-11-04 19:47:12.130,배재형,0,"Where is the exit in the image?
 Options: A: To the left of the green exit sign, B: To the right of the green exit sign, C: Behind the green exit sign with an arrow pointing to the left, D: Not visible in the image",C
617,47,584,instance reasoning,single-instance reasoning,"Hint: Please answer the question and provide the correct option letter, e.g., A, B, C, D, at the end.
Question: Is it split in half?
Choices:
(A) Yes
(B) No
(C) nan
(D) nan",B,False,2025-11-05 00:48:32.876,박지윤,0,"Where is the exit in the image?
 Options: A: To the left of the green exit sign, B: To the right of the green exit sign, C: Behind the green exit sign with an arrow pointing to the left, D: Not visible in the image",C
618,47,584,instance reasoning,single-instance reasoning,"Hint: Please answer the question and provide the correct option letter, e.g., A, B, C, D, at the end.
Question: Is it split in half?
Choices:
(A) Yes
(B) No
(C) nan
(D) nan",B,False,2025-11-05 01:48:20.004,박호조,0,"Where is the exit in the image?
 Options: A: To the left of the green exit sign, B: To the right of the green exit sign, C: Behind the green exit sign with an arrow pointing to the left, D: Not visible in the image",C
619,47,584,instance reasoning,single-instance reasoning,"Hint: Please answer the question and provide the correct option letter, e.g., A, B, C, D, at the end.
Question: Is it split in half?
Choices:
(A) Yes
(B) No
(C) nan
(D) nan",B,False,2025-11-10 18:47:19.220,J,0,"Where is the exit in the image?
 Options: A: To the left of the green exit sign, B: To the right of the green exit sign, C: Behind the green exit sign with an arrow pointing to the left, D: Not visible in the image",D
620,47,584,instance reasoning,single-instance reasoning,"Hint: Please answer the question and provide the correct option letter, e.g., A, B, C, D, at the end.
Question: Is it split in half?
Choices:
(A) Yes
(B) No
(C) nan
(D) nan",B,True,2025-11-11 15:27:53.412, KDY,0,"Where is the exit in the image?
 Options: A: To the left of the green exit sign, B: To the right of the green exit sign, C: Behind the green exit sign with an arrow pointing to the left, D: Not visible in the image",B
621,47,584,instance reasoning,single-instance reasoning,"Hint: Please answer the question and provide the correct option letter, e.g., A, B, C, D, at the end.
Question: Is it split in half?
Choices:
(A) Yes
(B) No
(C) nan
(D) nan",B,False,2025-11-11 20:35:43.975,Kathy,0,"Where is the exit in the image?
 Options: A: To the left of the green exit sign, B: To the right of the green exit sign, C: Behind the green exit sign with an arrow pointing to the left, D: Not visible in the image",D
622,47,584,instance reasoning,single-instance reasoning,"Hint: Please answer the question and provide the correct option letter, e.g., A, B, C, D, at the end.
Question: Is it split in half?
Choices:
(A) Yes
(B) No
(C) nan
(D) nan",B,False,2025-11-13 17:20:30.179,JMG,0,"Where is the exit in the image?
 Options: A: To the left of the green exit sign, B: To the right of the green exit sign, C: Behind the green exit sign with an arrow pointing to the left, D: Not visible in the image",D
623,47,584,instance reasoning,single-instance reasoning,"Hint: Please answer the question and provide the correct option letter, e.g., A, B, C, D, at the end.
Question: Is it split in half?
Choices:
(A) Yes
(B) No
(C) nan
(D) nan",B,False,2025-11-14 21:27:23.659,조희승,0,"Where is the exit in the image?
 Options: A: To the left of the green exit sign, B: To the right of the green exit sign, C: Behind the green exit sign with an arrow pointing to the left, D: Not visible in the image",C
624,48,465,instance reasoning,cross-instance attribute reasoning,"In this picture, are the two dolphins the same size?
Options: A: same, B: Not the same, C: Can't judge, D: nan",B,False,2025-11-04 16:37:21.079,Winnie,0,"What type of pavement is the person with the dog walking on?
 Options: A: Concrete, B: Brick, C: Asphalt, D: Gravel",A
625,48,465,instance reasoning,cross-instance attribute reasoning,"In this picture, are the two dolphins the same size?
Options: A: same, B: Not the same, C: Can't judge, D: nan",B,False,2025-11-04 16:55:47.964,JJH,0,"What type of pavement is the person with the dog walking on?
 Options: A: Concrete, B: Brick, C: Asphalt, D: Gravel",C
626,48,465,instance reasoning,cross-instance attribute reasoning,"In this picture, are the two dolphins the same size?
Options: A: same, B: Not the same, C: Can't judge, D: nan",B,False,2025-11-04 17:09:00.783,Lee,0,"What type of pavement is the person with the dog walking on?
 Options: A: Concrete, B: Brick, C: Asphalt, D: Gravel",A
627,48,465,instance reasoning,cross-instance attribute reasoning,"In this picture, are the two dolphins the same size?
Options: A: same, B: Not the same, C: Can't judge, D: nan",B,True,2025-11-04 17:16:55.232,성민석,0,"What type of pavement is the person with the dog walking on?
 Options: A: Concrete, B: Brick, C: Asphalt, D: Gravel",B
628,48,465,instance reasoning,cross-instance attribute reasoning,"In this picture, are the two dolphins the same size?
Options: A: same, B: Not the same, C: Can't judge, D: nan",B,True,2025-11-04 18:35:45.170,EJ,0,"What type of pavement is the person with the dog walking on?
 Options: A: Concrete, B: Brick, C: Asphalt, D: Gravel",B
629,48,465,instance reasoning,cross-instance attribute reasoning,"In this picture, are the two dolphins the same size?
Options: A: same, B: Not the same, C: Can't judge, D: nan",B,True,2025-11-04 19:47:12.130,배재형,0,"What type of pavement is the person with the dog walking on?
 Options: A: Concrete, B: Brick, C: Asphalt, D: Gravel",B
630,48,465,instance reasoning,cross-instance attribute reasoning,"In this picture, are the two dolphins the same size?
Options: A: same, B: Not the same, C: Can't judge, D: nan",B,False,2025-11-05 00:48:32.876,박지윤,0,"What type of pavement is the person with the dog walking on?
 Options: A: Concrete, B: Brick, C: Asphalt, D: Gravel",A
631,48,465,instance reasoning,cross-instance attribute reasoning,"In this picture, are the two dolphins the same size?
Options: A: same, B: Not the same, C: Can't judge, D: nan",B,False,2025-11-05 01:48:20.004,박호조,0,"What type of pavement is the person with the dog walking on?
 Options: A: Concrete, B: Brick, C: Asphalt, D: Gravel",C
632,48,465,instance reasoning,cross-instance attribute reasoning,"In this picture, are the two dolphins the same size?
Options: A: same, B: Not the same, C: Can't judge, D: nan",B,True,2025-11-10 18:47:19.220,J,0,"What type of pavement is the person with the dog walking on?
 Options: A: Concrete, B: Brick, C: Asphalt, D: Gravel",B
633,48,465,instance reasoning,cross-instance attribute reasoning,"In this picture, are the two dolphins the same size?
Options: A: same, B: Not the same, C: Can't judge, D: nan",B,False,2025-11-11 15:27:53.412, KDY,0,"What type of pavement is the person with the dog walking on?
 Options: A: Concrete, B: Brick, C: Asphalt, D: Gravel",A
634,48,465,instance reasoning,cross-instance attribute reasoning,"In this picture, are the two dolphins the same size?
Options: A: same, B: Not the same, C: Can't judge, D: nan",B,True,2025-11-11 20:35:43.975,Kathy,0,"What type of pavement is the person with the dog walking on?
 Options: A: Concrete, B: Brick, C: Asphalt, D: Gravel",B
635,48,465,instance reasoning,cross-instance attribute reasoning,"In this picture, are the two dolphins the same size?
Options: A: same, B: Not the same, C: Can't judge, D: nan",B,False,2025-11-13 17:20:30.179,JMG,0,"What type of pavement is the person with the dog walking on?
 Options: A: Concrete, B: Brick, C: Asphalt, D: Gravel",A
636,48,465,instance reasoning,cross-instance attribute reasoning,"In this picture, are the two dolphins the same size?
Options: A: same, B: Not the same, C: Can't judge, D: nan",B,False,2025-11-14 21:27:23.659,조희승,0,"What type of pavement is the person with the dog walking on?
 Options: A: Concrete, B: Brick, C: Asphalt, D: Gravel",C
637,49,468,instance reasoning,cross-instance attribute reasoning,"What can Abdul and Elise trade to each get what they want?
Options: A: Abdul can trade his tomatoes for Elise's carrots., B: Elise can trade her broccoli for Abdul's oranges., C: Elise can trade her almonds for Abdul's tomatoes., D: Abdul can trade his tomatoes for Elise's broccoli.",D,False,2025-11-04 16:37:21.079,Winnie,0,"What will happen next?
 Options: A: this person is gonna cry, B: this person is gonna laugh, C: this person is gonna get mad, D: both A,B, and C",B
638,49,468,instance reasoning,cross-instance attribute reasoning,"What can Abdul and Elise trade to each get what they want?
Options: A: Abdul can trade his tomatoes for Elise's carrots., B: Elise can trade her broccoli for Abdul's oranges., C: Elise can trade her almonds for Abdul's tomatoes., D: Abdul can trade his tomatoes for Elise's broccoli.",D,False,2025-11-04 16:55:47.964,JJH,0,"What will happen next?
 Options: A: this person is gonna cry, B: this person is gonna laugh, C: this person is gonna get mad, D: both A,B, and C",B
639,49,468,instance reasoning,cross-instance attribute reasoning,"What can Abdul and Elise trade to each get what they want?
Options: A: Abdul can trade his tomatoes for Elise's carrots., B: Elise can trade her broccoli for Abdul's oranges., C: Elise can trade her almonds for Abdul's tomatoes., D: Abdul can trade his tomatoes for Elise's broccoli.",D,False,2025-11-04 17:09:00.783,Lee,0,"What will happen next?
 Options: A: this person is gonna cry, B: this person is gonna laugh, C: this person is gonna get mad, D: both A,B, and C",A
640,49,468,instance reasoning,cross-instance attribute reasoning,"What can Abdul and Elise trade to each get what they want?
Options: A: Abdul can trade his tomatoes for Elise's carrots., B: Elise can trade her broccoli for Abdul's oranges., C: Elise can trade her almonds for Abdul's tomatoes., D: Abdul can trade his tomatoes for Elise's broccoli.",D,False,2025-11-04 17:16:55.232,성민석,0,"What will happen next?
 Options: A: this person is gonna cry, B: this person is gonna laugh, C: this person is gonna get mad, D: both A,B, and C",B
641,49,468,instance reasoning,cross-instance attribute reasoning,"What can Abdul and Elise trade to each get what they want?
Options: A: Abdul can trade his tomatoes for Elise's carrots., B: Elise can trade her broccoli for Abdul's oranges., C: Elise can trade her almonds for Abdul's tomatoes., D: Abdul can trade his tomatoes for Elise's broccoli.",D,False,2025-11-04 18:35:45.170,EJ,0,"What will happen next?
 Options: A: this person is gonna cry, B: this person is gonna laugh, C: this person is gonna get mad, D: both A,B, and C",A
642,49,468,instance reasoning,cross-instance attribute reasoning,"What can Abdul and Elise trade to each get what they want?
Options: A: Abdul can trade his tomatoes for Elise's carrots., B: Elise can trade her broccoli for Abdul's oranges., C: Elise can trade her almonds for Abdul's tomatoes., D: Abdul can trade his tomatoes for Elise's broccoli.",D,False,2025-11-04 19:47:12.130,배재형,0,"What will happen next?
 Options: A: this person is gonna cry, B: this person is gonna laugh, C: this person is gonna get mad, D: both A,B, and C",B
643,49,468,instance reasoning,cross-instance attribute reasoning,"What can Abdul and Elise trade to each get what they want?
Options: A: Abdul can trade his tomatoes for Elise's carrots., B: Elise can trade her broccoli for Abdul's oranges., C: Elise can trade her almonds for Abdul's tomatoes., D: Abdul can trade his tomatoes for Elise's broccoli.",D,False,2025-11-05 00:48:32.876,박지윤,0,"What will happen next?
 Options: A: this person is gonna cry, B: this person is gonna laugh, C: this person is gonna get mad, D: both A,B, and C",A
644,49,468,instance reasoning,cross-instance attribute reasoning,"What can Abdul and Elise trade to each get what they want?
Options: A: Abdul can trade his tomatoes for Elise's carrots., B: Elise can trade her broccoli for Abdul's oranges., C: Elise can trade her almonds for Abdul's tomatoes., D: Abdul can trade his tomatoes for Elise's broccoli.",D,False,2025-11-05 01:48:20.004,박호조,0,"What will happen next?
 Options: A: this person is gonna cry, B: this person is gonna laugh, C: this person is gonna get mad, D: both A,B, and C",B
645,49,468,instance reasoning,cross-instance attribute reasoning,"What can Abdul and Elise trade to each get what they want?
Options: A: Abdul can trade his tomatoes for Elise's carrots., B: Elise can trade her broccoli for Abdul's oranges., C: Elise can trade her almonds for Abdul's tomatoes., D: Abdul can trade his tomatoes for Elise's broccoli.",D,False,2025-11-10 18:47:19.220,J,0,"What will happen next?
 Options: A: this person is gonna cry, B: this person is gonna laugh, C: this person is gonna get mad, D: both A,B, and C",B
646,49,468,instance reasoning,cross-instance attribute reasoning,"What can Abdul and Elise trade to each get what they want?
Options: A: Abdul can trade his tomatoes for Elise's carrots., B: Elise can trade her broccoli for Abdul's oranges., C: Elise can trade her almonds for Abdul's tomatoes., D: Abdul can trade his tomatoes for Elise's broccoli.",D,True,2025-11-11 15:27:53.412, KDY,0,"What will happen next?
 Options: A: this person is gonna cry, B: this person is gonna laugh, C: this person is gonna get mad, D: both A,B, and C",D
647,49,468,instance reasoning,cross-instance attribute reasoning,"What can Abdul and Elise trade to each get what they want?
Options: A: Abdul can trade his tomatoes for Elise's carrots., B: Elise can trade her broccoli for Abdul's oranges., C: Elise can trade her almonds for Abdul's tomatoes., D: Abdul can trade his tomatoes for Elise's broccoli.",D,False,2025-11-11 20:35:43.975,Kathy,0,"What will happen next?
 Options: A: this person is gonna cry, B: this person is gonna laugh, C: this person is gonna get mad, D: both A,B, and C",B
648,49,468,instance reasoning,cross-instance attribute reasoning,"What can Abdul and Elise trade to each get what they want?
Options: A: Abdul can trade his tomatoes for Elise's carrots., B: Elise can trade her broccoli for Abdul's oranges., C: Elise can trade her almonds for Abdul's tomatoes., D: Abdul can trade his tomatoes for Elise's broccoli.",D,False,2025-11-13 17:20:30.179,JMG,0,"What will happen next?
 Options: A: this person is gonna cry, B: this person is gonna laugh, C: this person is gonna get mad, D: both A,B, and C",A
649,49,468,instance reasoning,cross-instance attribute reasoning,"What can Abdul and Elise trade to each get what they want?
Options: A: Abdul can trade his tomatoes for Elise's carrots., B: Elise can trade her broccoli for Abdul's oranges., C: Elise can trade her almonds for Abdul's tomatoes., D: Abdul can trade his tomatoes for Elise's broccoli.",D,False,2025-11-14 21:27:23.659,조희승,0,"What will happen next?
 Options: A: this person is gonna cry, B: this person is gonna laugh, C: this person is gonna get mad, D: both A,B, and C",B
650,50,572,instance reasoning,cross-instance relation reasoning,"Which solution has a higher concentration of blue particles?
Options: A: Solution A, B: Solution B, C: neither; their concentrations are the same, D: nan",B,False,2025-11-04 16:37:21.079,Winnie,0,"what style is depicted in this image?
 Options: A: impressionism, B: post-Impressionism, C: modernism, D: dadaism",A
651,50,572,instance reasoning,cross-instance relation reasoning,"Which solution has a higher concentration of blue particles?
Options: A: Solution A, B: Solution B, C: neither; their concentrations are the same, D: nan",B,False,2025-11-04 16:55:47.964,JJH,0,"what style is depicted in this image?
 Options: A: impressionism, B: post-Impressionism, C: modernism, D: dadaism",C
652,50,572,instance reasoning,cross-instance relation reasoning,"Which solution has a higher concentration of blue particles?
Options: A: Solution A, B: Solution B, C: neither; their concentrations are the same, D: nan",B,False,2025-11-04 17:09:00.783,Lee,0,"what style is depicted in this image?
 Options: A: impressionism, B: post-Impressionism, C: modernism, D: dadaism",C
653,50,572,instance reasoning,cross-instance relation reasoning,"Which solution has a higher concentration of blue particles?
Options: A: Solution A, B: Solution B, C: neither; their concentrations are the same, D: nan",B,False,2025-11-04 17:16:55.232,성민석,0,"what style is depicted in this image?
 Options: A: impressionism, B: post-Impressionism, C: modernism, D: dadaism",C
654,50,572,instance reasoning,cross-instance relation reasoning,"Which solution has a higher concentration of blue particles?
Options: A: Solution A, B: Solution B, C: neither; their concentrations are the same, D: nan",B,False,2025-11-04 18:35:45.170,EJ,0,"what style is depicted in this image?
 Options: A: impressionism, B: post-Impressionism, C: modernism, D: dadaism",C
655,50,572,instance reasoning,cross-instance relation reasoning,"Which solution has a higher concentration of blue particles?
Options: A: Solution A, B: Solution B, C: neither; their concentrations are the same, D: nan",B,False,2025-11-04 19:47:12.130,배재형,0,"what style is depicted in this image?
 Options: A: impressionism, B: post-Impressionism, C: modernism, D: dadaism",A
656,50,572,instance reasoning,cross-instance relation reasoning,"Which solution has a higher concentration of blue particles?
Options: A: Solution A, B: Solution B, C: neither; their concentrations are the same, D: nan",B,False,2025-11-05 00:48:32.876,박지윤,0,"what style is depicted in this image?
 Options: A: impressionism, B: post-Impressionism, C: modernism, D: dadaism",C
657,50,572,instance reasoning,cross-instance relation reasoning,"Which solution has a higher concentration of blue particles?
Options: A: Solution A, B: Solution B, C: neither; their concentrations are the same, D: nan",B,False,2025-11-05 01:48:20.004,박호조,0,"what style is depicted in this image?
 Options: A: impressionism, B: post-Impressionism, C: modernism, D: dadaism",C
658,50,572,instance reasoning,cross-instance relation reasoning,"Which solution has a higher concentration of blue particles?
Options: A: Solution A, B: Solution B, C: neither; their concentrations are the same, D: nan",B,False,2025-11-10 18:47:19.220,J,0,"what style is depicted in this image?
 Options: A: impressionism, B: post-Impressionism, C: modernism, D: dadaism",A
659,50,572,instance reasoning,cross-instance relation reasoning,"Which solution has a higher concentration of blue particles?
Options: A: Solution A, B: Solution B, C: neither; their concentrations are the same, D: nan",B,False,2025-11-11 15:27:53.412, KDY,0,"what style is depicted in this image?
 Options: A: impressionism, B: post-Impressionism, C: modernism, D: dadaism",C
660,50,572,instance reasoning,cross-instance relation reasoning,"Which solution has a higher concentration of blue particles?
Options: A: Solution A, B: Solution B, C: neither; their concentrations are the same, D: nan",B,False,2025-11-11 20:35:43.975,Kathy,0,"what style is depicted in this image?
 Options: A: impressionism, B: post-Impressionism, C: modernism, D: dadaism",C
661,50,572,instance reasoning,cross-instance relation reasoning,"Which solution has a higher concentration of blue particles?
Options: A: Solution A, B: Solution B, C: neither; their concentrations are the same, D: nan",B,False,2025-11-13 17:20:30.179,JMG,0,"what style is depicted in this image?
 Options: A: impressionism, B: post-Impressionism, C: modernism, D: dadaism",D
662,50,572,instance reasoning,cross-instance relation reasoning,"Which solution has a higher concentration of blue particles?
Options: A: Solution A, B: Solution B, C: neither; their concentrations are the same, D: nan",B,False,2025-11-14 21:27:23.659,조희승,0,"what style is depicted in this image?
 Options: A: impressionism, B: post-Impressionism, C: modernism, D: dadaism",C
663,51,575,instance reasoning,cross-instance relation reasoning,"Which solution has a higher concentration of green particles?
Options: A: neither; their concentrations are the same, B: Solution B, C: Solution A, D: nan",B,False,2025-11-04 16:37:21.079,Winnie,0,"How many horses are in the image?
A: 1, B: 2, C: 4, D: 3",D
664,51,575,instance reasoning,cross-instance relation reasoning,"Which solution has a higher concentration of green particles?
Options: A: neither; their concentrations are the same, B: Solution B, C: Solution A, D: nan",B,True,2025-11-04 16:55:47.964,JJH,0,"How many horses are in the image?
A: 1, B: 2, C: 4, D: 3",B
665,51,575,instance reasoning,cross-instance relation reasoning,"Which solution has a higher concentration of green particles?
Options: A: neither; their concentrations are the same, B: Solution B, C: Solution A, D: nan",B,False,2025-11-04 17:09:00.783,Lee,0,"How many horses are in the image?
A: 1, B: 2, C: 4, D: 3",C
666,51,575,instance reasoning,cross-instance relation reasoning,"Which solution has a higher concentration of green particles?
Options: A: neither; their concentrations are the same, B: Solution B, C: Solution A, D: nan",B,True,2025-11-04 17:16:55.232,성민석,0,"How many horses are in the image?
A: 1, B: 2, C: 4, D: 3",B
667,51,575,instance reasoning,cross-instance relation reasoning,"Which solution has a higher concentration of green particles?
Options: A: neither; their concentrations are the same, B: Solution B, C: Solution A, D: nan",B,False,2025-11-04 18:35:45.170,EJ,0,"How many horses are in the image?
A: 1, B: 2, C: 4, D: 3",D
668,51,575,instance reasoning,cross-instance relation reasoning,"Which solution has a higher concentration of green particles?
Options: A: neither; their concentrations are the same, B: Solution B, C: Solution A, D: nan",B,False,2025-11-04 19:47:12.130,배재형,0,"How many horses are in the image?
A: 1, B: 2, C: 4, D: 3",A
669,51,575,instance reasoning,cross-instance relation reasoning,"Which solution has a higher concentration of green particles?
Options: A: neither; their concentrations are the same, B: Solution B, C: Solution A, D: nan",B,False,2025-11-05 00:48:32.876,박지윤,0,"How many horses are in the image?
A: 1, B: 2, C: 4, D: 3",C
670,51,575,instance reasoning,cross-instance relation reasoning,"Which solution has a higher concentration of green particles?
Options: A: neither; their concentrations are the same, B: Solution B, C: Solution A, D: nan",B,False,2025-11-05 01:48:20.004,박호조,0,"How many horses are in the image?
A: 1, B: 2, C: 4, D: 3",D
671,51,575,instance reasoning,cross-instance relation reasoning,"Which solution has a higher concentration of green particles?
Options: A: neither; their concentrations are the same, B: Solution B, C: Solution A, D: nan",B,False,2025-11-10 18:47:19.220,J,0,"How many horses are in the image?
A: 1, B: 2, C: 4, D: 3",C
672,51,575,instance reasoning,cross-instance relation reasoning,"Which solution has a higher concentration of green particles?
Options: A: neither; their concentrations are the same, B: Solution B, C: Solution A, D: nan",B,False,2025-11-11 15:27:53.412, KDY,0,"How many horses are in the image?
A: 1, B: 2, C: 4, D: 3",A
673,51,575,instance reasoning,cross-instance relation reasoning,"Which solution has a higher concentration of green particles?
Options: A: neither; their concentrations are the same, B: Solution B, C: Solution A, D: nan",B,True,2025-11-11 20:35:43.975,Kathy,0,"How many horses are in the image?
A: 1, B: 2, C: 4, D: 3",B
674,51,575,instance reasoning,cross-instance relation reasoning,"Which solution has a higher concentration of green particles?
Options: A: neither; their concentrations are the same, B: Solution B, C: Solution A, D: nan",B,True,2025-11-13 17:20:30.179,JMG,0,"How many horses are in the image?
A: 1, B: 2, C: 4, D: 3",B
675,51,575,instance reasoning,cross-instance relation reasoning,"Which solution has a higher concentration of green particles?
Options: A: neither; their concentrations are the same, B: Solution B, C: Solution A, D: nan",B,False,2025-11-14 21:27:23.659,조희승,0,"How many horses are in the image?
A: 1, B: 2, C: 4, D: 3",A
676,52,816,logical reasoning,common reasoning,"Which of the following objects has the highest density in the image?
Options: A: Palm trees, B: Trees, C: Sand, D: Dead grass",C,False,2025-11-04 16:37:21.079,Winnie,0,"How many buildings are present in the image?
 Options: A: 1, B: 3, C: 2, D: 4",B
677,52,816,logical reasoning,common reasoning,"Which of the following objects has the highest density in the image?
Options: A: Palm trees, B: Trees, C: Sand, D: Dead grass",C,False,2025-11-04 16:55:47.964,JJH,0,"How many buildings are present in the image?
 Options: A: 1, B: 3, C: 2, D: 4",A
678,52,816,logical reasoning,common reasoning,"Which of the following objects has the highest density in the image?
Options: A: Palm trees, B: Trees, C: Sand, D: Dead grass",C,True,2025-11-04 17:09:00.783,Lee,0,"How many buildings are present in the image?
 Options: A: 1, B: 3, C: 2, D: 4",C
679,52,816,logical reasoning,common reasoning,"Which of the following objects has the highest density in the image?
Options: A: Palm trees, B: Trees, C: Sand, D: Dead grass",C,False,2025-11-04 17:16:55.232,성민석,0,"How many buildings are present in the image?
 Options: A: 1, B: 3, C: 2, D: 4",B
680,52,816,logical reasoning,common reasoning,"Which of the following objects has the highest density in the image?
Options: A: Palm trees, B: Trees, C: Sand, D: Dead grass",C,True,2025-11-04 18:35:45.170,EJ,0,"How many buildings are present in the image?
 Options: A: 1, B: 3, C: 2, D: 4",C
681,52,816,logical reasoning,common reasoning,"Which of the following objects has the highest density in the image?
Options: A: Palm trees, B: Trees, C: Sand, D: Dead grass",C,False,2025-11-04 19:47:12.130,배재형,0,"How many buildings are present in the image?
 Options: A: 1, B: 3, C: 2, D: 4",D
682,52,816,logical reasoning,common reasoning,"Which of the following objects has the highest density in the image?
Options: A: Palm trees, B: Trees, C: Sand, D: Dead grass",C,False,2025-11-05 00:48:32.876,박지윤,0,"How many buildings are present in the image?
 Options: A: 1, B: 3, C: 2, D: 4",A
683,52,816,logical reasoning,common reasoning,"Which of the following objects has the highest density in the image?
Options: A: Palm trees, B: Trees, C: Sand, D: Dead grass",C,False,2025-11-05 01:48:20.004,박호조,0,"How many buildings are present in the image?
 Options: A: 1, B: 3, C: 2, D: 4",B
684,52,816,logical reasoning,common reasoning,"Which of the following objects has the highest density in the image?
Options: A: Palm trees, B: Trees, C: Sand, D: Dead grass",C,False,2025-11-10 18:47:19.220,J,0,"How many buildings are present in the image?
 Options: A: 1, B: 3, C: 2, D: 4",D
685,52,816,logical reasoning,common reasoning,"Which of the following objects has the highest density in the image?
Options: A: Palm trees, B: Trees, C: Sand, D: Dead grass",C,False,2025-11-11 15:27:53.412, KDY,0,"How many buildings are present in the image?
 Options: A: 1, B: 3, C: 2, D: 4",B
686,52,816,logical reasoning,common reasoning,"Which of the following objects has the highest density in the image?
Options: A: Palm trees, B: Trees, C: Sand, D: Dead grass",C,True,2025-11-11 20:35:43.975,Kathy,0,"How many buildings are present in the image?
 Options: A: 1, B: 3, C: 2, D: 4",C
687,52,816,logical reasoning,common reasoning,"Which of the following objects has the highest density in the image?
Options: A: Palm trees, B: Trees, C: Sand, D: Dead grass",C,False,2025-11-13 17:20:30.179,JMG,0,"How many buildings are present in the image?
 Options: A: 1, B: 3, C: 2, D: 4",B
688,52,816,logical reasoning,common reasoning,"Which of the following objects has the highest density in the image?
Options: A: Palm trees, B: Trees, C: Sand, D: Dead grass",C,True,2025-11-14 21:27:23.659,조희승,0,"How many buildings are present in the image?
 Options: A: 1, B: 3, C: 2, D: 4",C
689,53,873,logical reasoning,diagram reasoning,"Hint: Please answer the question and provide the correct option letter, e.g., A, B, C, D, at the end.
Question: What time is shown? Answer by typing a time word, not a number. It is (_) after nine.
Choices:
(A) half
(B) quarter
(C) o'clock
(D) quarter to",B,False,2025-11-04 16:37:21.079,Winnie,0,"What is the primary color of the glove held by the player in the foreground?
 Options: A: Black, B: Orange, C: Brown, D: Yellow",A
690,53,873,logical reasoning,diagram reasoning,"Hint: Please answer the question and provide the correct option letter, e.g., A, B, C, D, at the end.
Question: What time is shown? Answer by typing a time word, not a number. It is (_) after nine.
Choices:
(A) half
(B) quarter
(C) o'clock
(D) quarter to",B,True,2025-11-04 16:55:47.964,JJH,0,"What is the primary color of the glove held by the player in the foreground?
 Options: A: Black, B: Orange, C: Brown, D: Yellow",B
691,53,873,logical reasoning,diagram reasoning,"Hint: Please answer the question and provide the correct option letter, e.g., A, B, C, D, at the end.
Question: What time is shown? Answer by typing a time word, not a number. It is (_) after nine.
Choices:
(A) half
(B) quarter
(C) o'clock
(D) quarter to",B,False,2025-11-04 17:09:00.783,Lee,0,"What is the primary color of the glove held by the player in the foreground?
 Options: A: Black, B: Orange, C: Brown, D: Yellow",C
692,53,873,logical reasoning,diagram reasoning,"Hint: Please answer the question and provide the correct option letter, e.g., A, B, C, D, at the end.
Question: What time is shown? Answer by typing a time word, not a number. It is (_) after nine.
Choices:
(A) half
(B) quarter
(C) o'clock
(D) quarter to",B,False,2025-11-04 17:16:55.232,성민석,0,"What is the primary color of the glove held by the player in the foreground?
 Options: A: Black, B: Orange, C: Brown, D: Yellow",C
693,53,873,logical reasoning,diagram reasoning,"Hint: Please answer the question and provide the correct option letter, e.g., A, B, C, D, at the end.
Question: What time is shown? Answer by typing a time word, not a number. It is (_) after nine.
Choices:
(A) half
(B) quarter
(C) o'clock
(D) quarter to",B,False,2025-11-04 18:35:45.170,EJ,0,"What is the primary color of the glove held by the player in the foreground?
 Options: A: Black, B: Orange, C: Brown, D: Yellow",C
694,53,873,logical reasoning,diagram reasoning,"Hint: Please answer the question and provide the correct option letter, e.g., A, B, C, D, at the end.
Question: What time is shown? Answer by typing a time word, not a number. It is (_) after nine.
Choices:
(A) half
(B) quarter
(C) o'clock
(D) quarter to",B,False,2025-11-04 19:47:12.130,배재형,0,"What is the primary color of the glove held by the player in the foreground?
 Options: A: Black, B: Orange, C: Brown, D: Yellow",C
695,53,873,logical reasoning,diagram reasoning,"Hint: Please answer the question and provide the correct option letter, e.g., A, B, C, D, at the end.
Question: What time is shown? Answer by typing a time word, not a number. It is (_) after nine.
Choices:
(A) half
(B) quarter
(C) o'clock
(D) quarter to",B,False,2025-11-05 00:48:32.876,박지윤,0,"What is the primary color of the glove held by the player in the foreground?
 Options: A: Black, B: Orange, C: Brown, D: Yellow",A
696,53,873,logical reasoning,diagram reasoning,"Hint: Please answer the question and provide the correct option letter, e.g., A, B, C, D, at the end.
Question: What time is shown? Answer by typing a time word, not a number. It is (_) after nine.
Choices:
(A) half
(B) quarter
(C) o'clock
(D) quarter to",B,False,2025-11-05 01:48:20.004,박호조,0,"What is the primary color of the glove held by the player in the foreground?
 Options: A: Black, B: Orange, C: Brown, D: Yellow",A
697,53,873,logical reasoning,diagram reasoning,"Hint: Please answer the question and provide the correct option letter, e.g., A, B, C, D, at the end.
Question: What time is shown? Answer by typing a time word, not a number. It is (_) after nine.
Choices:
(A) half
(B) quarter
(C) o'clock
(D) quarter to",B,False,2025-11-10 18:47:19.220,J,0,"What is the primary color of the glove held by the player in the foreground?
 Options: A: Black, B: Orange, C: Brown, D: Yellow",A
698,53,873,logical reasoning,diagram reasoning,"Hint: Please answer the question and provide the correct option letter, e.g., A, B, C, D, at the end.
Question: What time is shown? Answer by typing a time word, not a number. It is (_) after nine.
Choices:
(A) half
(B) quarter
(C) o'clock
(D) quarter to",B,False,2025-11-11 15:27:53.412, KDY,0,"What is the primary color of the glove held by the player in the foreground?
 Options: A: Black, B: Orange, C: Brown, D: Yellow",C
699,53,873,logical reasoning,diagram reasoning,"Hint: Please answer the question and provide the correct option letter, e.g., A, B, C, D, at the end.
Question: What time is shown? Answer by typing a time word, not a number. It is (_) after nine.
Choices:
(A) half
(B) quarter
(C) o'clock
(D) quarter to",B,False,2025-11-11 20:35:43.975,Kathy,0,"What is the primary color of the glove held by the player in the foreground?
 Options: A: Black, B: Orange, C: Brown, D: Yellow",A
700,53,873,logical reasoning,diagram reasoning,"Hint: Please answer the question and provide the correct option letter, e.g., A, B, C, D, at the end.
Question: What time is shown? Answer by typing a time word, not a number. It is (_) after nine.
Choices:
(A) half
(B) quarter
(C) o'clock
(D) quarter to",B,True,2025-11-13 17:20:30.179,JMG,0,"What is the primary color of the glove held by the player in the foreground?
 Options: A: Black, B: Orange, C: Brown, D: Yellow",B
701,53,873,logical reasoning,diagram reasoning,"Hint: Please answer the question and provide the correct option letter, e.g., A, B, C, D, at the end.
Question: What time is shown? Answer by typing a time word, not a number. It is (_) after nine.
Choices:
(A) half
(B) quarter
(C) o'clock
(D) quarter to",B,False,2025-11-14 21:27:23.659,조희승,0,"What is the primary color of the glove held by the player in the foreground?
 Options: A: Black, B: Orange, C: Brown, D: Yellow",C
702,54,43,coarse perception,image scene and topic,"What is the dominant color in the image?
Options: A: Yellow, B: Black, C: Red, D: Green",B,False,2025-11-04 16:37:21.079,Winnie,0,"Where is the snail located in the image?
 Options: A: On a tree trunk, B: On top of a mushroom, C: On a log, D: On a rock",C
703,54,43,coarse perception,image scene and topic,"What is the dominant color in the image?
Options: A: Yellow, B: Black, C: Red, D: Green",B,False,2025-11-04 16:55:47.964,JJH,0,"Where is the snail located in the image?
 Options: A: On a tree trunk, B: On top of a mushroom, C: On a log, D: On a rock",A
704,54,43,coarse perception,image scene and topic,"What is the dominant color in the image?
Options: A: Yellow, B: Black, C: Red, D: Green",B,False,2025-11-04 17:09:00.783,Lee,0,"Where is the snail located in the image?
 Options: A: On a tree trunk, B: On top of a mushroom, C: On a log, D: On a rock",D
705,54,43,coarse perception,image scene and topic,"What is the dominant color in the image?
Options: A: Yellow, B: Black, C: Red, D: Green",B,False,2025-11-04 17:16:55.232,성민석,0,"Where is the snail located in the image?
 Options: A: On a tree trunk, B: On top of a mushroom, C: On a log, D: On a rock",A
706,54,43,coarse perception,image scene and topic,"What is the dominant color in the image?
Options: A: Yellow, B: Black, C: Red, D: Green",B,False,2025-11-04 18:35:45.170,EJ,0,"Where is the snail located in the image?
 Options: A: On a tree trunk, B: On top of a mushroom, C: On a log, D: On a rock",D
707,54,43,coarse perception,image scene and topic,"What is the dominant color in the image?
Options: A: Yellow, B: Black, C: Red, D: Green",B,False,2025-11-04 19:47:12.130,배재형,0,"Where is the snail located in the image?
 Options: A: On a tree trunk, B: On top of a mushroom, C: On a log, D: On a rock",D
708,54,43,coarse perception,image scene and topic,"What is the dominant color in the image?
Options: A: Yellow, B: Black, C: Red, D: Green",B,True,2025-11-05 00:48:32.876,박지윤,0,"Where is the snail located in the image?
 Options: A: On a tree trunk, B: On top of a mushroom, C: On a log, D: On a rock",B
709,54,43,coarse perception,image scene and topic,"What is the dominant color in the image?
Options: A: Yellow, B: Black, C: Red, D: Green",B,False,2025-11-05 01:48:20.004,박호조,0,"Where is the snail located in the image?
 Options: A: On a tree trunk, B: On top of a mushroom, C: On a log, D: On a rock",C
710,54,43,coarse perception,image scene and topic,"What is the dominant color in the image?
Options: A: Yellow, B: Black, C: Red, D: Green",B,True,2025-11-10 18:47:19.220,J,0,"Where is the snail located in the image?
 Options: A: On a tree trunk, B: On top of a mushroom, C: On a log, D: On a rock",B
711,54,43,coarse perception,image scene and topic,"What is the dominant color in the image?
Options: A: Yellow, B: Black, C: Red, D: Green",B,False,2025-11-11 15:27:53.412, KDY,0,"Where is the snail located in the image?
 Options: A: On a tree trunk, B: On top of a mushroom, C: On a log, D: On a rock",C
712,54,43,coarse perception,image scene and topic,"What is the dominant color in the image?
Options: A: Yellow, B: Black, C: Red, D: Green",B,True,2025-11-11 20:35:43.975,Kathy,0,"Where is the snail located in the image?
 Options: A: On a tree trunk, B: On top of a mushroom, C: On a log, D: On a rock",B
713,54,43,coarse perception,image scene and topic,"What is the dominant color in the image?
Options: A: Yellow, B: Black, C: Red, D: Green",B,False,2025-11-13 17:20:30.179,JMG,0,"Where is the snail located in the image?
 Options: A: On a tree trunk, B: On top of a mushroom, C: On a log, D: On a rock",D
714,54,43,coarse perception,image scene and topic,"What is the dominant color in the image?
Options: A: Yellow, B: Black, C: Red, D: Green",B,False,2025-11-14 21:27:23.659,조희승,0,"Where is the snail located in the image?
 Options: A: On a tree trunk, B: On top of a mushroom, C: On a log, D: On a rock",A
715,55,41,coarse perception,image scene and topic,"What is the dominant color in the image?
Options: A: Red, B: Blue, C: Green, D: Black",D,False,2025-11-04 16:37:21.079,Winnie,0,"Where is the soccer ball located?
 Options: A: On the ground in the bottom left corner, B: In the air in the top right corner, C: On the ground in the bottom right corner, D: In the air in the top left corner",A
716,55,41,coarse perception,image scene and topic,"What is the dominant color in the image?
Options: A: Red, B: Blue, C: Green, D: Black",D,False,2025-11-04 16:55:47.964,JJH,0,"Where is the soccer ball located?
 Options: A: On the ground in the bottom left corner, B: In the air in the top right corner, C: On the ground in the bottom right corner, D: In the air in the top left corner",A
717,55,41,coarse perception,image scene and topic,"What is the dominant color in the image?
Options: A: Red, B: Blue, C: Green, D: Black",D,True,2025-11-04 17:09:00.783,Lee,0,"Where is the soccer ball located?
 Options: A: On the ground in the bottom left corner, B: In the air in the top right corner, C: On the ground in the bottom right corner, D: In the air in the top left corner",D
718,55,41,coarse perception,image scene and topic,"What is the dominant color in the image?
Options: A: Red, B: Blue, C: Green, D: Black",D,False,2025-11-04 17:16:55.232,성민석,0,"Where is the soccer ball located?
 Options: A: On the ground in the bottom left corner, B: In the air in the top right corner, C: On the ground in the bottom right corner, D: In the air in the top left corner",A
719,55,41,coarse perception,image scene and topic,"What is the dominant color in the image?
Options: A: Red, B: Blue, C: Green, D: Black",D,False,2025-11-04 18:35:45.170,EJ,0,"Where is the soccer ball located?
 Options: A: On the ground in the bottom left corner, B: In the air in the top right corner, C: On the ground in the bottom right corner, D: In the air in the top left corner",B
720,55,41,coarse perception,image scene and topic,"What is the dominant color in the image?
Options: A: Red, B: Blue, C: Green, D: Black",D,False,2025-11-04 19:47:12.130,배재형,0,"Where is the soccer ball located?
 Options: A: On the ground in the bottom left corner, B: In the air in the top right corner, C: On the ground in the bottom right corner, D: In the air in the top left corner",C
721,55,41,coarse perception,image scene and topic,"What is the dominant color in the image?
Options: A: Red, B: Blue, C: Green, D: Black",D,True,2025-11-05 00:48:32.876,박지윤,0,"Where is the soccer ball located?
 Options: A: On the ground in the bottom left corner, B: In the air in the top right corner, C: On the ground in the bottom right corner, D: In the air in the top left corner",D
722,55,41,coarse perception,image scene and topic,"What is the dominant color in the image?
Options: A: Red, B: Blue, C: Green, D: Black",D,False,2025-11-05 01:48:20.004,박호조,0,"Where is the soccer ball located?
 Options: A: On the ground in the bottom left corner, B: In the air in the top right corner, C: On the ground in the bottom right corner, D: In the air in the top left corner",B
723,55,41,coarse perception,image scene and topic,"What is the dominant color in the image?
Options: A: Red, B: Blue, C: Green, D: Black",D,False,2025-11-10 18:47:19.220,J,0,"Where is the soccer ball located?
 Options: A: On the ground in the bottom left corner, B: In the air in the top right corner, C: On the ground in the bottom right corner, D: In the air in the top left corner",B
724,55,41,coarse perception,image scene and topic,"What is the dominant color in the image?
Options: A: Red, B: Blue, C: Green, D: Black",D,False,2025-11-11 15:27:53.412, KDY,0,"Where is the soccer ball located?
 Options: A: On the ground in the bottom left corner, B: In the air in the top right corner, C: On the ground in the bottom right corner, D: In the air in the top left corner",C
725,55,41,coarse perception,image scene and topic,"What is the dominant color in the image?
Options: A: Red, B: Blue, C: Green, D: Black",D,False,2025-11-11 20:35:43.975,Kathy,0,"Where is the soccer ball located?
 Options: A: On the ground in the bottom left corner, B: In the air in the top right corner, C: On the ground in the bottom right corner, D: In the air in the top left corner",B
726,55,41,coarse perception,image scene and topic,"What is the dominant color in the image?
Options: A: Red, B: Blue, C: Green, D: Black",D,False,2025-11-13 17:20:30.179,JMG,0,"Where is the soccer ball located?
 Options: A: On the ground in the bottom left corner, B: In the air in the top right corner, C: On the ground in the bottom right corner, D: In the air in the top left corner",C
727,55,41,coarse perception,image scene and topic,"What is the dominant color in the image?
Options: A: Red, B: Blue, C: Green, D: Black",D,False,2025-11-14 21:27:23.659,조희승,0,"Where is the soccer ball located?
 Options: A: On the ground in the bottom left corner, B: In the air in the top right corner, C: On the ground in the bottom right corner, D: In the air in the top left corner",C
728,56,938,math,geometry,"Hint: Please answer the question and provide the correct option letter, e.g., A, B, C, D, at the end.
Question: As shown in the figure, A, B, and C are the three points on ⊙O, if ∠C = 35.0, then the degree of ∠OAB is ()
Choices:
(A) 35°
(B) 55°
(C) 65°
(D) 70°",B,True,2025-11-04 16:37:21.079,Winnie,0,"What is the material of the boots that the woman is wearing in the image?
 Options: A: Suede, B: Leather, C: Canvas, D: Synthetic",B
729,56,938,math,geometry,"Hint: Please answer the question and provide the correct option letter, e.g., A, B, C, D, at the end.
Question: As shown in the figure, A, B, and C are the three points on ⊙O, if ∠C = 35.0, then the degree of ∠OAB is ()
Choices:
(A) 35°
(B) 55°
(C) 65°
(D) 70°",B,True,2025-11-04 16:55:47.964,JJH,0,"What is the material of the boots that the woman is wearing in the image?
 Options: A: Suede, B: Leather, C: Canvas, D: Synthetic",B
730,56,938,math,geometry,"Hint: Please answer the question and provide the correct option letter, e.g., A, B, C, D, at the end.
Question: As shown in the figure, A, B, and C are the three points on ⊙O, if ∠C = 35.0, then the degree of ∠OAB is ()
Choices:
(A) 35°
(B) 55°
(C) 65°
(D) 70°",B,False,2025-11-04 17:09:00.783,Lee,0,"What is the material of the boots that the woman is wearing in the image?
 Options: A: Suede, B: Leather, C: Canvas, D: Synthetic",D
731,56,938,math,geometry,"Hint: Please answer the question and provide the correct option letter, e.g., A, B, C, D, at the end.
Question: As shown in the figure, A, B, and C are the three points on ⊙O, if ∠C = 35.0, then the degree of ∠OAB is ()
Choices:
(A) 35°
(B) 55°
(C) 65°
(D) 70°",B,False,2025-11-04 17:16:55.232,성민석,0,"What is the material of the boots that the woman is wearing in the image?
 Options: A: Suede, B: Leather, C: Canvas, D: Synthetic",A
732,56,938,math,geometry,"Hint: Please answer the question and provide the correct option letter, e.g., A, B, C, D, at the end.
Question: As shown in the figure, A, B, and C are the three points on ⊙O, if ∠C = 35.0, then the degree of ∠OAB is ()
Choices:
(A) 35°
(B) 55°
(C) 65°
(D) 70°",B,True,2025-11-04 18:35:45.170,EJ,0,"What is the material of the boots that the woman is wearing in the image?
 Options: A: Suede, B: Leather, C: Canvas, D: Synthetic",B
733,56,938,math,geometry,"Hint: Please answer the question and provide the correct option letter, e.g., A, B, C, D, at the end.
Question: As shown in the figure, A, B, and C are the three points on ⊙O, if ∠C = 35.0, then the degree of ∠OAB is ()
Choices:
(A) 35°
(B) 55°
(C) 65°
(D) 70°",B,False,2025-11-04 19:47:12.130,배재형,0,"What is the material of the boots that the woman is wearing in the image?
 Options: A: Suede, B: Leather, C: Canvas, D: Synthetic",D
734,56,938,math,geometry,"Hint: Please answer the question and provide the correct option letter, e.g., A, B, C, D, at the end.
Question: As shown in the figure, A, B, and C are the three points on ⊙O, if ∠C = 35.0, then the degree of ∠OAB is ()
Choices:
(A) 35°
(B) 55°
(C) 65°
(D) 70°",B,True,2025-11-05 00:48:32.876,박지윤,0,"What is the material of the boots that the woman is wearing in the image?
 Options: A: Suede, B: Leather, C: Canvas, D: Synthetic",B
735,56,938,math,geometry,"Hint: Please answer the question and provide the correct option letter, e.g., A, B, C, D, at the end.
Question: As shown in the figure, A, B, and C are the three points on ⊙O, if ∠C = 35.0, then the degree of ∠OAB is ()
Choices:
(A) 35°
(B) 55°
(C) 65°
(D) 70°",B,True,2025-11-05 01:48:20.004,박호조,0,"What is the material of the boots that the woman is wearing in the image?
 Options: A: Suede, B: Leather, C: Canvas, D: Synthetic",B
736,56,938,math,geometry,"Hint: Please answer the question and provide the correct option letter, e.g., A, B, C, D, at the end.
Question: As shown in the figure, A, B, and C are the three points on ⊙O, if ∠C = 35.0, then the degree of ∠OAB is ()
Choices:
(A) 35°
(B) 55°
(C) 65°
(D) 70°",B,False,2025-11-10 18:47:19.220,J,0,"What is the material of the boots that the woman is wearing in the image?
 Options: A: Suede, B: Leather, C: Canvas, D: Synthetic",C
737,56,938,math,geometry,"Hint: Please answer the question and provide the correct option letter, e.g., A, B, C, D, at the end.
Question: As shown in the figure, A, B, and C are the three points on ⊙O, if ∠C = 35.0, then the degree of ∠OAB is ()
Choices:
(A) 35°
(B) 55°
(C) 65°
(D) 70°",B,False,2025-11-11 15:27:53.412, KDY,0,"What is the material of the boots that the woman is wearing in the image?
 Options: A: Suede, B: Leather, C: Canvas, D: Synthetic",D
738,56,938,math,geometry,"Hint: Please answer the question and provide the correct option letter, e.g., A, B, C, D, at the end.
Question: As shown in the figure, A, B, and C are the three points on ⊙O, if ∠C = 35.0, then the degree of ∠OAB is ()
Choices:
(A) 35°
(B) 55°
(C) 65°
(D) 70°",B,False,2025-11-11 20:35:43.975,Kathy,0,"What is the material of the boots that the woman is wearing in the image?
 Options: A: Suede, B: Leather, C: Canvas, D: Synthetic",A
739,56,938,math,geometry,"Hint: Please answer the question and provide the correct option letter, e.g., A, B, C, D, at the end.
Question: As shown in the figure, A, B, and C are the three points on ⊙O, if ∠C = 35.0, then the degree of ∠OAB is ()
Choices:
(A) 35°
(B) 55°
(C) 65°
(D) 70°",B,False,2025-11-13 17:20:30.179,JMG,0,"What is the material of the boots that the woman is wearing in the image?
 Options: A: Suede, B: Leather, C: Canvas, D: Synthetic",D
740,56,938,math,geometry,"Hint: Please answer the question and provide the correct option letter, e.g., A, B, C, D, at the end.
Question: As shown in the figure, A, B, and C are the three points on ⊙O, if ∠C = 35.0, then the degree of ∠OAB is ()
Choices:
(A) 35°
(B) 55°
(C) 65°
(D) 70°",B,True,2025-11-14 21:27:23.659,조희승,0,"What is the material of the boots that the woman is wearing in the image?
 Options: A: Suede, B: Leather, C: Canvas, D: Synthetic",B
741,57,942,math,geometry,"Hint: Please answer the question and provide the correct option letter, e.g., A, B, C, D, at the end.
Question: As shown in the figure, AB is the diameter of ⊙O, point C is a point on ⊙O, ∠C = 20.0, then the degree of ∠BOC is ()
Choices:
(A) 20°
(B) 30°
(C) 40°
(D) 60°",C,False,2025-11-04 16:37:21.079,Winnie,0,"Which term matches the picture?
 Options: A: basket star, B: brittle star",B
742,57,942,math,geometry,"Hint: Please answer the question and provide the correct option letter, e.g., A, B, C, D, at the end.
Question: As shown in the figure, AB is the diameter of ⊙O, point C is a point on ⊙O, ∠C = 20.0, then the degree of ∠BOC is ()
Choices:
(A) 20°
(B) 30°
(C) 40°
(D) 60°",C,False,2025-11-04 16:55:47.964,JJH,0,"Which term matches the picture?
 Options: A: basket star, B: brittle star",A
743,57,942,math,geometry,"Hint: Please answer the question and provide the correct option letter, e.g., A, B, C, D, at the end.
Question: As shown in the figure, AB is the diameter of ⊙O, point C is a point on ⊙O, ∠C = 20.0, then the degree of ∠BOC is ()
Choices:
(A) 20°
(B) 30°
(C) 40°
(D) 60°",C,True,2025-11-04 17:09:00.783,Lee,0,"Which term matches the picture?
 Options: A: basket star, B: brittle star",C
744,57,942,math,geometry,"Hint: Please answer the question and provide the correct option letter, e.g., A, B, C, D, at the end.
Question: As shown in the figure, AB is the diameter of ⊙O, point C is a point on ⊙O, ∠C = 20.0, then the degree of ∠BOC is ()
Choices:
(A) 20°
(B) 30°
(C) 40°
(D) 60°",C,False,2025-11-04 17:16:55.232,성민석,0,"Which term matches the picture?
 Options: A: basket star, B: brittle star",B
745,57,942,math,geometry,"Hint: Please answer the question and provide the correct option letter, e.g., A, B, C, D, at the end.
Question: As shown in the figure, AB is the diameter of ⊙O, point C is a point on ⊙O, ∠C = 20.0, then the degree of ∠BOC is ()
Choices:
(A) 20°
(B) 30°
(C) 40°
(D) 60°",C,False,2025-11-04 18:35:45.170,EJ,0,"Which term matches the picture?
 Options: A: basket star, B: brittle star",B
746,57,942,math,geometry,"Hint: Please answer the question and provide the correct option letter, e.g., A, B, C, D, at the end.
Question: As shown in the figure, AB is the diameter of ⊙O, point C is a point on ⊙O, ∠C = 20.0, then the degree of ∠BOC is ()
Choices:
(A) 20°
(B) 30°
(C) 40°
(D) 60°",C,False,2025-11-04 19:47:12.130,배재형,0,"Which term matches the picture?
 Options: A: basket star, B: brittle star",B
747,57,942,math,geometry,"Hint: Please answer the question and provide the correct option letter, e.g., A, B, C, D, at the end.
Question: As shown in the figure, AB is the diameter of ⊙O, point C is a point on ⊙O, ∠C = 20.0, then the degree of ∠BOC is ()
Choices:
(A) 20°
(B) 30°
(C) 40°
(D) 60°",C,False,2025-11-05 00:48:32.876,박지윤,0,"Which term matches the picture?
 Options: A: basket star, B: brittle star",B
748,57,942,math,geometry,"Hint: Please answer the question and provide the correct option letter, e.g., A, B, C, D, at the end.
Question: As shown in the figure, AB is the diameter of ⊙O, point C is a point on ⊙O, ∠C = 20.0, then the degree of ∠BOC is ()
Choices:
(A) 20°
(B) 30°
(C) 40°
(D) 60°",C,False,2025-11-05 01:48:20.004,박호조,0,"Which term matches the picture?
 Options: A: basket star, B: brittle star",A
749,57,942,math,geometry,"Hint: Please answer the question and provide the correct option letter, e.g., A, B, C, D, at the end.
Question: As shown in the figure, AB is the diameter of ⊙O, point C is a point on ⊙O, ∠C = 20.0, then the degree of ∠BOC is ()
Choices:
(A) 20°
(B) 30°
(C) 40°
(D) 60°",C,False,2025-11-10 18:47:19.220,J,0,"Which term matches the picture?
 Options: A: basket star, B: brittle star",B
750,57,942,math,geometry,"Hint: Please answer the question and provide the correct option letter, e.g., A, B, C, D, at the end.
Question: As shown in the figure, AB is the diameter of ⊙O, point C is a point on ⊙O, ∠C = 20.0, then the degree of ∠BOC is ()
Choices:
(A) 20°
(B) 30°
(C) 40°
(D) 60°",C,False,2025-11-11 15:27:53.412, KDY,0,"Which term matches the picture?
 Options: A: basket star, B: brittle star",B
751,57,942,math,geometry,"Hint: Please answer the question and provide the correct option letter, e.g., A, B, C, D, at the end.
Question: As shown in the figure, AB is the diameter of ⊙O, point C is a point on ⊙O, ∠C = 20.0, then the degree of ∠BOC is ()
Choices:
(A) 20°
(B) 30°
(C) 40°
(D) 60°",C,True,2025-11-11 20:35:43.975,Kathy,0,"Which term matches the picture?
 Options: A: basket star, B: brittle star",C
752,57,942,math,geometry,"Hint: Please answer the question and provide the correct option letter, e.g., A, B, C, D, at the end.
Question: As shown in the figure, AB is the diameter of ⊙O, point C is a point on ⊙O, ∠C = 20.0, then the degree of ∠BOC is ()
Choices:
(A) 20°
(B) 30°
(C) 40°
(D) 60°",C,False,2025-11-13 17:20:30.179,JMG,0,"Which term matches the picture?
 Options: A: basket star, B: brittle star",B
753,57,942,math,geometry,"Hint: Please answer the question and provide the correct option letter, e.g., A, B, C, D, at the end.
Question: As shown in the figure, AB is the diameter of ⊙O, point C is a point on ⊙O, ∠C = 20.0, then the degree of ∠BOC is ()
Choices:
(A) 20°
(B) 30°
(C) 40°
(D) 60°",C,False,2025-11-14 21:27:23.659,조희승,0,"Which term matches the picture?
 Options: A: basket star, B: brittle star",A
754,58,1031,math,geometry,"Hint: Please answer the question and provide the correct option letter, e.g., A, B, C, D, at the end.
Question: 如图，一块直角三角板60°的角的顶点A与直角顶点C分别在两平行线FG，DE上，斜边AB平分∠CAG，交直线DE于点H，则∠BCH的大小为（）
Choices:
(A) 60°
(B) 45°
(C) 30°
(D) 25°",C,False,2025-11-04 16:37:21.079,Winnie,0,"The image displays which art style?
 Options: A: watercolor, B: early renaissance, C: art nouveau, D: vector art",A
755,58,1031,math,geometry,"Hint: Please answer the question and provide the correct option letter, e.g., A, B, C, D, at the end.
Question: 如图，一块直角三角板60°的角的顶点A与直角顶点C分别在两平行线FG，DE上，斜边AB平分∠CAG，交直线DE于点H，则∠BCH的大小为（）
Choices:
(A) 60°
(B) 45°
(C) 30°
(D) 25°",C,False,2025-11-04 16:55:47.964,JJH,0,"The image displays which art style?
 Options: A: watercolor, B: early renaissance, C: art nouveau, D: vector art",B
756,58,1031,math,geometry,"Hint: Please answer the question and provide the correct option letter, e.g., A, B, C, D, at the end.
Question: 如图，一块直角三角板60°的角的顶点A与直角顶点C分别在两平行线FG，DE上，斜边AB平分∠CAG，交直线DE于点H，则∠BCH的大小为（）
Choices:
(A) 60°
(B) 45°
(C) 30°
(D) 25°",C,False,2025-11-04 17:09:00.783,Lee,0,"The image displays which art style?
 Options: A: watercolor, B: early renaissance, C: art nouveau, D: vector art",D
757,58,1031,math,geometry,"Hint: Please answer the question and provide the correct option letter, e.g., A, B, C, D, at the end.
Question: 如图，一块直角三角板60°的角的顶点A与直角顶点C分别在两平行线FG，DE上，斜边AB平分∠CAG，交直线DE于点H，则∠BCH的大小为（）
Choices:
(A) 60°
(B) 45°
(C) 30°
(D) 25°",C,False,2025-11-04 17:16:55.232,성민석,0,"The image displays which art style?
 Options: A: watercolor, B: early renaissance, C: art nouveau, D: vector art",B
758,58,1031,math,geometry,"Hint: Please answer the question and provide the correct option letter, e.g., A, B, C, D, at the end.
Question: 如图，一块直角三角板60°的角的顶点A与直角顶点C分别在两平行线FG，DE上，斜边AB平分∠CAG，交直线DE于点H，则∠BCH的大小为（）
Choices:
(A) 60°
(B) 45°
(C) 30°
(D) 25°",C,False,2025-11-04 18:35:45.170,EJ,0,"The image displays which art style?
 Options: A: watercolor, B: early renaissance, C: art nouveau, D: vector art",A
759,58,1031,math,geometry,"Hint: Please answer the question and provide the correct option letter, e.g., A, B, C, D, at the end.
Question: 如图，一块直角三角板60°的角的顶点A与直角顶点C分别在两平行线FG，DE上，斜边AB平分∠CAG，交直线DE于点H，则∠BCH的大小为（）
Choices:
(A) 60°
(B) 45°
(C) 30°
(D) 25°",C,True,2025-11-04 19:47:12.130,배재형,0,"The image displays which art style?
 Options: A: watercolor, B: early renaissance, C: art nouveau, D: vector art",C
760,58,1031,math,geometry,"Hint: Please answer the question and provide the correct option letter, e.g., A, B, C, D, at the end.
Question: 如图，一块直角三角板60°的角的顶点A与直角顶点C分别在两平行线FG，DE上，斜边AB平分∠CAG，交直线DE于点H，则∠BCH的大小为（）
Choices:
(A) 60°
(B) 45°
(C) 30°
(D) 25°",C,False,2025-11-05 00:48:32.876,박지윤,0,"The image displays which art style?
 Options: A: watercolor, B: early renaissance, C: art nouveau, D: vector art",A
761,58,1031,math,geometry,"Hint: Please answer the question and provide the correct option letter, e.g., A, B, C, D, at the end.
Question: 如图，一块直角三角板60°的角的顶点A与直角顶点C分别在两平行线FG，DE上，斜边AB平分∠CAG，交直线DE于点H，则∠BCH的大小为（）
Choices:
(A) 60°
(B) 45°
(C) 30°
(D) 25°",C,False,2025-11-05 01:48:20.004,박호조,0,"The image displays which art style?
 Options: A: watercolor, B: early renaissance, C: art nouveau, D: vector art",A
762,58,1031,math,geometry,"Hint: Please answer the question and provide the correct option letter, e.g., A, B, C, D, at the end.
Question: 如图，一块直角三角板60°的角的顶点A与直角顶点C分别在两平行线FG，DE上，斜边AB平分∠CAG，交直线DE于点H，则∠BCH的大小为（）
Choices:
(A) 60°
(B) 45°
(C) 30°
(D) 25°",C,False,2025-11-10 18:47:19.220,J,0,"The image displays which art style?
 Options: A: watercolor, B: early renaissance, C: art nouveau, D: vector art",B
763,58,1031,math,geometry,"Hint: Please answer the question and provide the correct option letter, e.g., A, B, C, D, at the end.
Question: 如图，一块直角三角板60°的角的顶点A与直角顶点C分别在两平行线FG，DE上，斜边AB平分∠CAG，交直线DE于点H，则∠BCH的大小为（）
Choices:
(A) 60°
(B) 45°
(C) 30°
(D) 25°",C,False,2025-11-11 15:27:53.412, KDY,0,"The image displays which art style?
 Options: A: watercolor, B: early renaissance, C: art nouveau, D: vector art",D
764,58,1031,math,geometry,"Hint: Please answer the question and provide the correct option letter, e.g., A, B, C, D, at the end.
Question: 如图，一块直角三角板60°的角的顶点A与直角顶点C分别在两平行线FG，DE上，斜边AB平分∠CAG，交直线DE于点H，则∠BCH的大小为（）
Choices:
(A) 60°
(B) 45°
(C) 30°
(D) 25°",C,False,2025-11-11 20:35:43.975,Kathy,0,"The image displays which art style?
 Options: A: watercolor, B: early renaissance, C: art nouveau, D: vector art",B
765,58,1031,math,geometry,"Hint: Please answer the question and provide the correct option letter, e.g., A, B, C, D, at the end.
Question: 如图，一块直角三角板60°的角的顶点A与直角顶点C分别在两平行线FG，DE上，斜边AB平分∠CAG，交直线DE于点H，则∠BCH的大小为（）
Choices:
(A) 60°
(B) 45°
(C) 30°
(D) 25°",C,False,2025-11-13 17:20:30.179,JMG,0,"The image displays which art style?
 Options: A: watercolor, B: early renaissance, C: art nouveau, D: vector art",A
766,58,1031,math,geometry,"Hint: Please answer the question and provide the correct option letter, e.g., A, B, C, D, at the end.
Question: 如图，一块直角三角板60°的角的顶点A与直角顶点C分别在两平行线FG，DE上，斜边AB平分∠CAG，交直线DE于点H，则∠BCH的大小为（）
Choices:
(A) 60°
(B) 45°
(C) 30°
(D) 25°",C,False,2025-11-14 21:27:23.659,조희승,0,"The image displays which art style?
 Options: A: watercolor, B: early renaissance, C: art nouveau, D: vector art",B
767,59,897,logical reasoning,diagram reasoning,"What is the name of the colony shown?
Options: A: Maine, B: Rhode Island, C: New York, D: Virginia",B,False,2025-11-04 16:37:21.079,Winnie,0,"What is the color of the sheep in the foreground?
 Options: A: Black, B: Brown, C: White, D: Gray",C
768,59,897,logical reasoning,diagram reasoning,"What is the name of the colony shown?
Options: A: Maine, B: Rhode Island, C: New York, D: Virginia",B,False,2025-11-04 16:55:47.964,JJH,0,"What is the color of the sheep in the foreground?
 Options: A: Black, B: Brown, C: White, D: Gray",A
769,59,897,logical reasoning,diagram reasoning,"What is the name of the colony shown?
Options: A: Maine, B: Rhode Island, C: New York, D: Virginia",B,False,2025-11-04 17:09:00.783,Lee,0,"What is the color of the sheep in the foreground?
 Options: A: Black, B: Brown, C: White, D: Gray",D
770,59,897,logical reasoning,diagram reasoning,"What is the name of the colony shown?
Options: A: Maine, B: Rhode Island, C: New York, D: Virginia",B,False,2025-11-04 17:16:55.232,성민석,0,"What is the color of the sheep in the foreground?
 Options: A: Black, B: Brown, C: White, D: Gray",C
771,59,897,logical reasoning,diagram reasoning,"What is the name of the colony shown?
Options: A: Maine, B: Rhode Island, C: New York, D: Virginia",B,False,2025-11-04 18:35:45.170,EJ,0,"What is the color of the sheep in the foreground?
 Options: A: Black, B: Brown, C: White, D: Gray",A
772,59,897,logical reasoning,diagram reasoning,"What is the name of the colony shown?
Options: A: Maine, B: Rhode Island, C: New York, D: Virginia",B,False,2025-11-04 19:47:12.130,배재형,0,"What is the color of the sheep in the foreground?
 Options: A: Black, B: Brown, C: White, D: Gray",C
773,59,897,logical reasoning,diagram reasoning,"What is the name of the colony shown?
Options: A: Maine, B: Rhode Island, C: New York, D: Virginia",B,False,2025-11-05 00:48:32.876,박지윤,0,"What is the color of the sheep in the foreground?
 Options: A: Black, B: Brown, C: White, D: Gray",C
774,59,897,logical reasoning,diagram reasoning,"What is the name of the colony shown?
Options: A: Maine, B: Rhode Island, C: New York, D: Virginia",B,False,2025-11-05 01:48:20.004,박호조,0,"What is the color of the sheep in the foreground?
 Options: A: Black, B: Brown, C: White, D: Gray",C
775,59,897,logical reasoning,diagram reasoning,"What is the name of the colony shown?
Options: A: Maine, B: Rhode Island, C: New York, D: Virginia",B,False,2025-11-10 18:47:19.220,J,0,"What is the color of the sheep in the foreground?
 Options: A: Black, B: Brown, C: White, D: Gray",C
776,59,897,logical reasoning,diagram reasoning,"What is the name of the colony shown?
Options: A: Maine, B: Rhode Island, C: New York, D: Virginia",B,True,2025-11-11 15:27:53.412, KDY,0,"What is the color of the sheep in the foreground?
 Options: A: Black, B: Brown, C: White, D: Gray",B
777,59,897,logical reasoning,diagram reasoning,"What is the name of the colony shown?
Options: A: Maine, B: Rhode Island, C: New York, D: Virginia",B,False,2025-11-11 20:35:43.975,Kathy,0,"What is the color of the sheep in the foreground?
 Options: A: Black, B: Brown, C: White, D: Gray",C
778,59,897,logical reasoning,diagram reasoning,"What is the name of the colony shown?
Options: A: Maine, B: Rhode Island, C: New York, D: Virginia",B,False,2025-11-13 17:20:30.179,JMG,0,"What is the color of the sheep in the foreground?
 Options: A: Black, B: Brown, C: White, D: Gray",D
779,59,897,logical reasoning,diagram reasoning,"What is the name of the colony shown?
Options: A: Maine, B: Rhode Island, C: New York, D: Virginia",B,False,2025-11-14 21:27:23.659,조희승,0,"What is the color of the sheep in the foreground?
 Options: A: Black, B: Brown, C: White, D: Gray",C
780,60,1360,science & technology,electronics & energy & mechanical eng.,"Think about the magnetic force between the magnets in each pair. Which of the following statements is true?
Options: A: The magnitude of the magnetic force is greater in Pair 2., B: The magnitude of the magnetic force is greater in Pair 1., C: The magnitude of the magnetic force is the same in both pairs., D: nan",B,False,2025-11-04 16:37:21.079,Winnie,0,"What is the color of the shorts of the soccer player wearing a red and black uniform?
 Options: A: White and black, B: Yellow and green, C: Black and white, D: Blue and red",A
781,60,1360,science & technology,electronics & energy & mechanical eng.,"Think about the magnetic force between the magnets in each pair. Which of the following statements is true?
Options: A: The magnitude of the magnetic force is greater in Pair 2., B: The magnitude of the magnetic force is greater in Pair 1., C: The magnitude of the magnetic force is the same in both pairs., D: nan",B,False,2025-11-04 16:55:47.964,JJH,0,"What is the color of the shorts of the soccer player wearing a red and black uniform?
 Options: A: White and black, B: Yellow and green, C: Black and white, D: Blue and red",C
782,60,1360,science & technology,electronics & energy & mechanical eng.,"Think about the magnetic force between the magnets in each pair. Which of the following statements is true?
Options: A: The magnitude of the magnetic force is greater in Pair 2., B: The magnitude of the magnetic force is greater in Pair 1., C: The magnitude of the magnetic force is the same in both pairs., D: nan",B,True,2025-11-04 17:09:00.783,Lee,0,"What is the color of the shorts of the soccer player wearing a red and black uniform?
 Options: A: White and black, B: Yellow and green, C: Black and white, D: Blue and red",B
783,60,1360,science & technology,electronics & energy & mechanical eng.,"Think about the magnetic force between the magnets in each pair. Which of the following statements is true?
Options: A: The magnitude of the magnetic force is greater in Pair 2., B: The magnitude of the magnetic force is greater in Pair 1., C: The magnitude of the magnetic force is the same in both pairs., D: nan",B,False,2025-11-04 17:16:55.232,성민석,0,"What is the color of the shorts of the soccer player wearing a red and black uniform?
 Options: A: White and black, B: Yellow and green, C: Black and white, D: Blue and red",C
784,60,1360,science & technology,electronics & energy & mechanical eng.,"Think about the magnetic force between the magnets in each pair. Which of the following statements is true?
Options: A: The magnitude of the magnetic force is greater in Pair 2., B: The magnitude of the magnetic force is greater in Pair 1., C: The magnitude of the magnetic force is the same in both pairs., D: nan",B,False,2025-11-04 18:35:45.170,EJ,0,"What is the color of the shorts of the soccer player wearing a red and black uniform?
 Options: A: White and black, B: Yellow and green, C: Black and white, D: Blue and red",D
785,60,1360,science & technology,electronics & energy & mechanical eng.,"Think about the magnetic force between the magnets in each pair. Which of the following statements is true?
Options: A: The magnitude of the magnetic force is greater in Pair 2., B: The magnitude of the magnetic force is greater in Pair 1., C: The magnitude of the magnetic force is the same in both pairs., D: nan",B,False,2025-11-04 19:47:12.130,배재형,0,"What is the color of the shorts of the soccer player wearing a red and black uniform?
 Options: A: White and black, B: Yellow and green, C: Black and white, D: Blue and red",A
786,60,1360,science & technology,electronics & energy & mechanical eng.,"Think about the magnetic force between the magnets in each pair. Which of the following statements is true?
Options: A: The magnitude of the magnetic force is greater in Pair 2., B: The magnitude of the magnetic force is greater in Pair 1., C: The magnitude of the magnetic force is the same in both pairs., D: nan",B,False,2025-11-05 00:48:32.876,박지윤,0,"What is the color of the shorts of the soccer player wearing a red and black uniform?
 Options: A: White and black, B: Yellow and green, C: Black and white, D: Blue and red",C
787,60,1360,science & technology,electronics & energy & mechanical eng.,"Think about the magnetic force between the magnets in each pair. Which of the following statements is true?
Options: A: The magnitude of the magnetic force is greater in Pair 2., B: The magnitude of the magnetic force is greater in Pair 1., C: The magnitude of the magnetic force is the same in both pairs., D: nan",B,False,2025-11-05 01:48:20.004,박호조,0,"What is the color of the shorts of the soccer player wearing a red and black uniform?
 Options: A: White and black, B: Yellow and green, C: Black and white, D: Blue and red",D
788,60,1360,science & technology,electronics & energy & mechanical eng.,"Think about the magnetic force between the magnets in each pair. Which of the following statements is true?
Options: A: The magnitude of the magnetic force is greater in Pair 2., B: The magnitude of the magnetic force is greater in Pair 1., C: The magnitude of the magnetic force is the same in both pairs., D: nan",B,False,2025-11-10 18:47:19.220,J,0,"What is the color of the shorts of the soccer player wearing a red and black uniform?
 Options: A: White and black, B: Yellow and green, C: Black and white, D: Blue and red",A
789,60,1360,science & technology,electronics & energy & mechanical eng.,"Think about the magnetic force between the magnets in each pair. Which of the following statements is true?
Options: A: The magnitude of the magnetic force is greater in Pair 2., B: The magnitude of the magnetic force is greater in Pair 1., C: The magnitude of the magnetic force is the same in both pairs., D: nan",B,False,2025-11-11 15:27:53.412, KDY,0,"What is the color of the shorts of the soccer player wearing a red and black uniform?
 Options: A: White and black, B: Yellow and green, C: Black and white, D: Blue and red",A
790,60,1360,science & technology,electronics & energy & mechanical eng.,"Think about the magnetic force between the magnets in each pair. Which of the following statements is true?
Options: A: The magnitude of the magnetic force is greater in Pair 2., B: The magnitude of the magnetic force is greater in Pair 1., C: The magnitude of the magnetic force is the same in both pairs., D: nan",B,False,2025-11-11 20:35:43.975,Kathy,0,"What is the color of the shorts of the soccer player wearing a red and black uniform?
 Options: A: White and black, B: Yellow and green, C: Black and white, D: Blue and red",C
791,60,1360,science & technology,electronics & energy & mechanical eng.,"Think about the magnetic force between the magnets in each pair. Which of the following statements is true?
Options: A: The magnitude of the magnetic force is greater in Pair 2., B: The magnitude of the magnetic force is greater in Pair 1., C: The magnitude of the magnetic force is the same in both pairs., D: nan",B,False,2025-11-13 17:20:30.179,JMG,0,"What is the color of the shorts of the soccer player wearing a red and black uniform?
 Options: A: White and black, B: Yellow and green, C: Black and white, D: Blue and red",C
792,60,1360,science & technology,electronics & energy & mechanical eng.,"Think about the magnetic force between the magnets in each pair. Which of the following statements is true?
Options: A: The magnitude of the magnetic force is greater in Pair 2., B: The magnitude of the magnetic force is greater in Pair 1., C: The magnitude of the magnetic force is the same in both pairs., D: nan",B,False,2025-11-14 21:27:23.659,조희승,0,"What is the color of the shorts of the soccer player wearing a red and black uniform?
 Options: A: White and black, B: Yellow and green, C: Black and white, D: Blue and red",C
793,61,956,math,geometry,"Hint: Please answer the question and provide the correct option letter, e.g., A, B, C, D, at the end.
Question: As shown in the figure, in △ABC, DE ∥ BC, if AB = 7.0, AC = 5.0, AD = 3.0, then DE = ()
Choices:
(A) \frac{15}{4}cm
(B) \frac{20}{3}cm
(C) \frac{15}{7}cm
(D) \frac{20}{7}cm",D,False,2025-11-04 16:37:21.079,Winnie,0,"How many gloves can be seen in this image?
 Options: A: One, B: Two, C: Three, D: Four",B
794,61,956,math,geometry,"Hint: Please answer the question and provide the correct option letter, e.g., A, B, C, D, at the end.
Question: As shown in the figure, in △ABC, DE ∥ BC, if AB = 7.0, AC = 5.0, AD = 3.0, then DE = ()
Choices:
(A) \frac{15}{4}cm
(B) \frac{20}{3}cm
(C) \frac{15}{7}cm
(D) \frac{20}{7}cm",D,True,2025-11-04 16:55:47.964,JJH,0,"How many gloves can be seen in this image?
 Options: A: One, B: Two, C: Three, D: Four",D
795,61,956,math,geometry,"Hint: Please answer the question and provide the correct option letter, e.g., A, B, C, D, at the end.
Question: As shown in the figure, in △ABC, DE ∥ BC, if AB = 7.0, AC = 5.0, AD = 3.0, then DE = ()
Choices:
(A) \frac{15}{4}cm
(B) \frac{20}{3}cm
(C) \frac{15}{7}cm
(D) \frac{20}{7}cm",D,False,2025-11-04 17:09:00.783,Lee,0,"How many gloves can be seen in this image?
 Options: A: One, B: Two, C: Three, D: Four",B
796,61,956,math,geometry,"Hint: Please answer the question and provide the correct option letter, e.g., A, B, C, D, at the end.
Question: As shown in the figure, in △ABC, DE ∥ BC, if AB = 7.0, AC = 5.0, AD = 3.0, then DE = ()
Choices:
(A) \frac{15}{4}cm
(B) \frac{20}{3}cm
(C) \frac{15}{7}cm
(D) \frac{20}{7}cm",D,False,2025-11-04 17:16:55.232,성민석,0,"How many gloves can be seen in this image?
 Options: A: One, B: Two, C: Three, D: Four",B
797,61,956,math,geometry,"Hint: Please answer the question and provide the correct option letter, e.g., A, B, C, D, at the end.
Question: As shown in the figure, in △ABC, DE ∥ BC, if AB = 7.0, AC = 5.0, AD = 3.0, then DE = ()
Choices:
(A) \frac{15}{4}cm
(B) \frac{20}{3}cm
(C) \frac{15}{7}cm
(D) \frac{20}{7}cm",D,False,2025-11-04 18:35:45.170,EJ,0,"How many gloves can be seen in this image?
 Options: A: One, B: Two, C: Three, D: Four",B
798,61,956,math,geometry,"Hint: Please answer the question and provide the correct option letter, e.g., A, B, C, D, at the end.
Question: As shown in the figure, in △ABC, DE ∥ BC, if AB = 7.0, AC = 5.0, AD = 3.0, then DE = ()
Choices:
(A) \frac{15}{4}cm
(B) \frac{20}{3}cm
(C) \frac{15}{7}cm
(D) \frac{20}{7}cm",D,False,2025-11-04 19:47:12.130,배재형,0,"How many gloves can be seen in this image?
 Options: A: One, B: Two, C: Three, D: Four",B
799,61,956,math,geometry,"Hint: Please answer the question and provide the correct option letter, e.g., A, B, C, D, at the end.
Question: As shown in the figure, in △ABC, DE ∥ BC, if AB = 7.0, AC = 5.0, AD = 3.0, then DE = ()
Choices:
(A) \frac{15}{4}cm
(B) \frac{20}{3}cm
(C) \frac{15}{7}cm
(D) \frac{20}{7}cm",D,False,2025-11-05 00:48:32.876,박지윤,0,"How many gloves can be seen in this image?
 Options: A: One, B: Two, C: Three, D: Four",B
800,61,956,math,geometry,"Hint: Please answer the question and provide the correct option letter, e.g., A, B, C, D, at the end.
Question: As shown in the figure, in △ABC, DE ∥ BC, if AB = 7.0, AC = 5.0, AD = 3.0, then DE = ()
Choices:
(A) \frac{15}{4}cm
(B) \frac{20}{3}cm
(C) \frac{15}{7}cm
(D) \frac{20}{7}cm",D,False,2025-11-05 01:48:20.004,박호조,0,"How many gloves can be seen in this image?
 Options: A: One, B: Two, C: Three, D: Four",B
801,61,956,math,geometry,"Hint: Please answer the question and provide the correct option letter, e.g., A, B, C, D, at the end.
Question: As shown in the figure, in △ABC, DE ∥ BC, if AB = 7.0, AC = 5.0, AD = 3.0, then DE = ()
Choices:
(A) \frac{15}{4}cm
(B) \frac{20}{3}cm
(C) \frac{15}{7}cm
(D) \frac{20}{7}cm",D,False,2025-11-10 18:47:19.220,J,0,"How many gloves can be seen in this image?
 Options: A: One, B: Two, C: Three, D: Four",B
802,61,956,math,geometry,"Hint: Please answer the question and provide the correct option letter, e.g., A, B, C, D, at the end.
Question: As shown in the figure, in △ABC, DE ∥ BC, if AB = 7.0, AC = 5.0, AD = 3.0, then DE = ()
Choices:
(A) \frac{15}{4}cm
(B) \frac{20}{3}cm
(C) \frac{15}{7}cm
(D) \frac{20}{7}cm",D,False,2025-11-11 15:27:53.412, KDY,0,"How many gloves can be seen in this image?
 Options: A: One, B: Two, C: Three, D: Four",B
803,61,956,math,geometry,"Hint: Please answer the question and provide the correct option letter, e.g., A, B, C, D, at the end.
Question: As shown in the figure, in △ABC, DE ∥ BC, if AB = 7.0, AC = 5.0, AD = 3.0, then DE = ()
Choices:
(A) \frac{15}{4}cm
(B) \frac{20}{3}cm
(C) \frac{15}{7}cm
(D) \frac{20}{7}cm",D,False,2025-11-11 20:35:43.975,Kathy,0,"How many gloves can be seen in this image?
 Options: A: One, B: Two, C: Three, D: Four",C
804,61,956,math,geometry,"Hint: Please answer the question and provide the correct option letter, e.g., A, B, C, D, at the end.
Question: As shown in the figure, in △ABC, DE ∥ BC, if AB = 7.0, AC = 5.0, AD = 3.0, then DE = ()
Choices:
(A) \frac{15}{4}cm
(B) \frac{20}{3}cm
(C) \frac{15}{7}cm
(D) \frac{20}{7}cm",D,True,2025-11-13 17:20:30.179,JMG,0,"How many gloves can be seen in this image?
 Options: A: One, B: Two, C: Three, D: Four",D
805,61,956,math,geometry,"Hint: Please answer the question and provide the correct option letter, e.g., A, B, C, D, at the end.
Question: As shown in the figure, in △ABC, DE ∥ BC, if AB = 7.0, AC = 5.0, AD = 3.0, then DE = ()
Choices:
(A) \frac{15}{4}cm
(B) \frac{20}{3}cm
(C) \frac{15}{7}cm
(D) \frac{20}{7}cm",D,False,2025-11-14 21:27:23.659,조희승,0,"How many gloves can be seen in this image?
 Options: A: One, B: Two, C: Three, D: Four",B
806,62,1144,math,statistical reasoning,"Hint: Please answer the question and provide the correct option letter, e.g., A, B, C, D, at the end.
Question: What is the average annual wage in Slovak Republic in the year 2019
Choices:
(A) 15000
(B) 20010
(C) 0
(D) 15017",D,False,2025-11-04 16:37:21.079,Winnie,0,"What is the primary color of the shoes worn by the player closest to the camera?
 Options: A: Yellow, B: Black, C: Gray, D: Orange",B
807,62,1144,math,statistical reasoning,"Hint: Please answer the question and provide the correct option letter, e.g., A, B, C, D, at the end.
Question: What is the average annual wage in Slovak Republic in the year 2019
Choices:
(A) 15000
(B) 20010
(C) 0
(D) 15017",D,False,2025-11-04 16:55:47.964,JJH,0,"What is the primary color of the shoes worn by the player closest to the camera?
 Options: A: Yellow, B: Black, C: Gray, D: Orange",C
808,62,1144,math,statistical reasoning,"Hint: Please answer the question and provide the correct option letter, e.g., A, B, C, D, at the end.
Question: What is the average annual wage in Slovak Republic in the year 2019
Choices:
(A) 15000
(B) 20010
(C) 0
(D) 15017",D,False,2025-11-04 17:09:00.783,Lee,0,"What is the primary color of the shoes worn by the player closest to the camera?
 Options: A: Yellow, B: Black, C: Gray, D: Orange",C
809,62,1144,math,statistical reasoning,"Hint: Please answer the question and provide the correct option letter, e.g., A, B, C, D, at the end.
Question: What is the average annual wage in Slovak Republic in the year 2019
Choices:
(A) 15000
(B) 20010
(C) 0
(D) 15017",D,False,2025-11-04 17:16:55.232,성민석,0,"What is the primary color of the shoes worn by the player closest to the camera?
 Options: A: Yellow, B: Black, C: Gray, D: Orange",B
810,62,1144,math,statistical reasoning,"Hint: Please answer the question and provide the correct option letter, e.g., A, B, C, D, at the end.
Question: What is the average annual wage in Slovak Republic in the year 2019
Choices:
(A) 15000
(B) 20010
(C) 0
(D) 15017",D,False,2025-11-04 18:35:45.170,EJ,0,"What is the primary color of the shoes worn by the player closest to the camera?
 Options: A: Yellow, B: Black, C: Gray, D: Orange",A
811,62,1144,math,statistical reasoning,"Hint: Please answer the question and provide the correct option letter, e.g., A, B, C, D, at the end.
Question: What is the average annual wage in Slovak Republic in the year 2019
Choices:
(A) 15000
(B) 20010
(C) 0
(D) 15017",D,False,2025-11-04 19:47:12.130,배재형,0,"What is the primary color of the shoes worn by the player closest to the camera?
 Options: A: Yellow, B: Black, C: Gray, D: Orange",C
812,62,1144,math,statistical reasoning,"Hint: Please answer the question and provide the correct option letter, e.g., A, B, C, D, at the end.
Question: What is the average annual wage in Slovak Republic in the year 2019
Choices:
(A) 15000
(B) 20010
(C) 0
(D) 15017",D,False,2025-11-05 00:48:32.876,박지윤,0,"What is the primary color of the shoes worn by the player closest to the camera?
 Options: A: Yellow, B: Black, C: Gray, D: Orange",A
813,62,1144,math,statistical reasoning,"Hint: Please answer the question and provide the correct option letter, e.g., A, B, C, D, at the end.
Question: What is the average annual wage in Slovak Republic in the year 2019
Choices:
(A) 15000
(B) 20010
(C) 0
(D) 15017",D,False,2025-11-05 01:48:20.004,박호조,0,"What is the primary color of the shoes worn by the player closest to the camera?
 Options: A: Yellow, B: Black, C: Gray, D: Orange",C
814,62,1144,math,statistical reasoning,"Hint: Please answer the question and provide the correct option letter, e.g., A, B, C, D, at the end.
Question: What is the average annual wage in Slovak Republic in the year 2019
Choices:
(A) 15000
(B) 20010
(C) 0
(D) 15017",D,True,2025-11-10 18:47:19.220,J,0,"What is the primary color of the shoes worn by the player closest to the camera?
 Options: A: Yellow, B: Black, C: Gray, D: Orange",D
815,62,1144,math,statistical reasoning,"Hint: Please answer the question and provide the correct option letter, e.g., A, B, C, D, at the end.
Question: What is the average annual wage in Slovak Republic in the year 2019
Choices:
(A) 15000
(B) 20010
(C) 0
(D) 15017",D,False,2025-11-11 15:27:53.412, KDY,0,"What is the primary color of the shoes worn by the player closest to the camera?
 Options: A: Yellow, B: Black, C: Gray, D: Orange",A
816,62,1144,math,statistical reasoning,"Hint: Please answer the question and provide the correct option letter, e.g., A, B, C, D, at the end.
Question: What is the average annual wage in Slovak Republic in the year 2019
Choices:
(A) 15000
(B) 20010
(C) 0
(D) 15017",D,False,2025-11-11 20:35:43.975,Kathy,0,"What is the primary color of the shoes worn by the player closest to the camera?
 Options: A: Yellow, B: Black, C: Gray, D: Orange",A
817,62,1144,math,statistical reasoning,"Hint: Please answer the question and provide the correct option letter, e.g., A, B, C, D, at the end.
Question: What is the average annual wage in Slovak Republic in the year 2019
Choices:
(A) 15000
(B) 20010
(C) 0
(D) 15017",D,True,2025-11-13 17:20:30.179,JMG,0,"What is the primary color of the shoes worn by the player closest to the camera?
 Options: A: Yellow, B: Black, C: Gray, D: Orange",D
818,62,1144,math,statistical reasoning,"Hint: Please answer the question and provide the correct option letter, e.g., A, B, C, D, at the end.
Question: What is the average annual wage in Slovak Republic in the year 2019
Choices:
(A) 15000
(B) 20010
(C) 0
(D) 15017",D,True,2025-11-14 21:27:23.659,조희승,0,"What is the primary color of the shoes worn by the player closest to the camera?
 Options: A: Yellow, B: Black, C: Gray, D: Orange",D
819,63,964,math,geometry,"Hint: Please answer the question and provide the correct option letter, e.g., A, B, C, D, at the end.
Question: As shown in the figure, the two chords AB and CD in the circle intersect at E, ∠D = 35.0, ∠AEC = 105.0, then ∠C = ()
Choices:
(A) 60°
(B) 70°
(C) 80°
(D) 85°",B,True,2025-11-04 16:37:21.079,Winnie,0,"Which object is the most central in the image?
 Options: A: Woman in white dress, B: Actor in a white dress on the red carpet at a festival, C: Refrigerator, D: Red Carpet",B
820,63,964,math,geometry,"Hint: Please answer the question and provide the correct option letter, e.g., A, B, C, D, at the end.
Question: As shown in the figure, the two chords AB and CD in the circle intersect at E, ∠D = 35.0, ∠AEC = 105.0, then ∠C = ()
Choices:
(A) 60°
(B) 70°
(C) 80°
(D) 85°",B,True,2025-11-04 16:55:47.964,JJH,0,"Which object is the most central in the image?
 Options: A: Woman in white dress, B: Actor in a white dress on the red carpet at a festival, C: Refrigerator, D: Red Carpet",B
821,63,964,math,geometry,"Hint: Please answer the question and provide the correct option letter, e.g., A, B, C, D, at the end.
Question: As shown in the figure, the two chords AB and CD in the circle intersect at E, ∠D = 35.0, ∠AEC = 105.0, then ∠C = ()
Choices:
(A) 60°
(B) 70°
(C) 80°
(D) 85°",B,False,2025-11-04 17:09:00.783,Lee,0,"Which object is the most central in the image?
 Options: A: Woman in white dress, B: Actor in a white dress on the red carpet at a festival, C: Refrigerator, D: Red Carpet",C
822,63,964,math,geometry,"Hint: Please answer the question and provide the correct option letter, e.g., A, B, C, D, at the end.
Question: As shown in the figure, the two chords AB and CD in the circle intersect at E, ∠D = 35.0, ∠AEC = 105.0, then ∠C = ()
Choices:
(A) 60°
(B) 70°
(C) 80°
(D) 85°",B,False,2025-11-04 17:16:55.232,성민석,0,"Which object is the most central in the image?
 Options: A: Woman in white dress, B: Actor in a white dress on the red carpet at a festival, C: Refrigerator, D: Red Carpet",A
823,63,964,math,geometry,"Hint: Please answer the question and provide the correct option letter, e.g., A, B, C, D, at the end.
Question: As shown in the figure, the two chords AB and CD in the circle intersect at E, ∠D = 35.0, ∠AEC = 105.0, then ∠C = ()
Choices:
(A) 60°
(B) 70°
(C) 80°
(D) 85°",B,True,2025-11-04 18:35:45.170,EJ,0,"Which object is the most central in the image?
 Options: A: Woman in white dress, B: Actor in a white dress on the red carpet at a festival, C: Refrigerator, D: Red Carpet",B
824,63,964,math,geometry,"Hint: Please answer the question and provide the correct option letter, e.g., A, B, C, D, at the end.
Question: As shown in the figure, the two chords AB and CD in the circle intersect at E, ∠D = 35.0, ∠AEC = 105.0, then ∠C = ()
Choices:
(A) 60°
(B) 70°
(C) 80°
(D) 85°",B,True,2025-11-04 19:47:12.130,배재형,0,"Which object is the most central in the image?
 Options: A: Woman in white dress, B: Actor in a white dress on the red carpet at a festival, C: Refrigerator, D: Red Carpet",B
825,63,964,math,geometry,"Hint: Please answer the question and provide the correct option letter, e.g., A, B, C, D, at the end.
Question: As shown in the figure, the two chords AB and CD in the circle intersect at E, ∠D = 35.0, ∠AEC = 105.0, then ∠C = ()
Choices:
(A) 60°
(B) 70°
(C) 80°
(D) 85°",B,False,2025-11-05 00:48:32.876,박지윤,0,"Which object is the most central in the image?
 Options: A: Woman in white dress, B: Actor in a white dress on the red carpet at a festival, C: Refrigerator, D: Red Carpet",A
826,63,964,math,geometry,"Hint: Please answer the question and provide the correct option letter, e.g., A, B, C, D, at the end.
Question: As shown in the figure, the two chords AB and CD in the circle intersect at E, ∠D = 35.0, ∠AEC = 105.0, then ∠C = ()
Choices:
(A) 60°
(B) 70°
(C) 80°
(D) 85°",B,False,2025-11-05 01:48:20.004,박호조,0,"Which object is the most central in the image?
 Options: A: Woman in white dress, B: Actor in a white dress on the red carpet at a festival, C: Refrigerator, D: Red Carpet",D
827,63,964,math,geometry,"Hint: Please answer the question and provide the correct option letter, e.g., A, B, C, D, at the end.
Question: As shown in the figure, the two chords AB and CD in the circle intersect at E, ∠D = 35.0, ∠AEC = 105.0, then ∠C = ()
Choices:
(A) 60°
(B) 70°
(C) 80°
(D) 85°",B,True,2025-11-10 18:47:19.220,J,0,"Which object is the most central in the image?
 Options: A: Woman in white dress, B: Actor in a white dress on the red carpet at a festival, C: Refrigerator, D: Red Carpet",B
828,63,964,math,geometry,"Hint: Please answer the question and provide the correct option letter, e.g., A, B, C, D, at the end.
Question: As shown in the figure, the two chords AB and CD in the circle intersect at E, ∠D = 35.0, ∠AEC = 105.0, then ∠C = ()
Choices:
(A) 60°
(B) 70°
(C) 80°
(D) 85°",B,False,2025-11-11 15:27:53.412, KDY,0,"Which object is the most central in the image?
 Options: A: Woman in white dress, B: Actor in a white dress on the red carpet at a festival, C: Refrigerator, D: Red Carpet",A
829,63,964,math,geometry,"Hint: Please answer the question and provide the correct option letter, e.g., A, B, C, D, at the end.
Question: As shown in the figure, the two chords AB and CD in the circle intersect at E, ∠D = 35.0, ∠AEC = 105.0, then ∠C = ()
Choices:
(A) 60°
(B) 70°
(C) 80°
(D) 85°",B,False,2025-11-11 20:35:43.975,Kathy,0,"Which object is the most central in the image?
 Options: A: Woman in white dress, B: Actor in a white dress on the red carpet at a festival, C: Refrigerator, D: Red Carpet",A
830,63,964,math,geometry,"Hint: Please answer the question and provide the correct option letter, e.g., A, B, C, D, at the end.
Question: As shown in the figure, the two chords AB and CD in the circle intersect at E, ∠D = 35.0, ∠AEC = 105.0, then ∠C = ()
Choices:
(A) 60°
(B) 70°
(C) 80°
(D) 85°",B,False,2025-11-13 17:20:30.179,JMG,0,"Which object is the most central in the image?
 Options: A: Woman in white dress, B: Actor in a white dress on the red carpet at a festival, C: Refrigerator, D: Red Carpet",D
831,63,964,math,geometry,"Hint: Please answer the question and provide the correct option letter, e.g., A, B, C, D, at the end.
Question: As shown in the figure, the two chords AB and CD in the circle intersect at E, ∠D = 35.0, ∠AEC = 105.0, then ∠C = ()
Choices:
(A) 60°
(B) 70°
(C) 80°
(D) 85°",B,True,2025-11-14 21:27:23.659,조희승,0,"Which object is the most central in the image?
 Options: A: Woman in white dress, B: Actor in a white dress on the red carpet at a festival, C: Refrigerator, D: Red Carpet",B
832,64,1368,science & technology,electronics & energy & mechanical eng.,"Will these magnets attract or repel each other?
Options: A: repel, B: attract, C: nan, D: nan",B,False,2025-11-04 16:37:21.079,Winnie,0,"Which of the following best describes the view from the deck?
 Options: A: A view of a forest, B: A view of the cityscape, C: A view of the mountains, D: A view of a body of water",D
833,64,1368,science & technology,electronics & energy & mechanical eng.,"Will these magnets attract or repel each other?
Options: A: repel, B: attract, C: nan, D: nan",B,True,2025-11-04 16:55:47.964,JJH,0,"Which of the following best describes the view from the deck?
 Options: A: A view of a forest, B: A view of the cityscape, C: A view of the mountains, D: A view of a body of water",B
834,64,1368,science & technology,electronics & energy & mechanical eng.,"Will these magnets attract or repel each other?
Options: A: repel, B: attract, C: nan, D: nan",B,False,2025-11-04 17:09:00.783,Lee,0,"Which of the following best describes the view from the deck?
 Options: A: A view of a forest, B: A view of the cityscape, C: A view of the mountains, D: A view of a body of water",A
835,64,1368,science & technology,electronics & energy & mechanical eng.,"Will these magnets attract or repel each other?
Options: A: repel, B: attract, C: nan, D: nan",B,True,2025-11-04 17:16:55.232,성민석,0,"Which of the following best describes the view from the deck?
 Options: A: A view of a forest, B: A view of the cityscape, C: A view of the mountains, D: A view of a body of water",B
836,64,1368,science & technology,electronics & energy & mechanical eng.,"Will these magnets attract or repel each other?
Options: A: repel, B: attract, C: nan, D: nan",B,True,2025-11-04 18:35:45.170,EJ,0,"Which of the following best describes the view from the deck?
 Options: A: A view of a forest, B: A view of the cityscape, C: A view of the mountains, D: A view of a body of water",B
837,64,1368,science & technology,electronics & energy & mechanical eng.,"Will these magnets attract or repel each other?
Options: A: repel, B: attract, C: nan, D: nan",B,True,2025-11-04 19:47:12.130,배재형,0,"Which of the following best describes the view from the deck?
 Options: A: A view of a forest, B: A view of the cityscape, C: A view of the mountains, D: A view of a body of water",B
838,64,1368,science & technology,electronics & energy & mechanical eng.,"Will these magnets attract or repel each other?
Options: A: repel, B: attract, C: nan, D: nan",B,True,2025-11-05 00:48:32.876,박지윤,0,"Which of the following best describes the view from the deck?
 Options: A: A view of a forest, B: A view of the cityscape, C: A view of the mountains, D: A view of a body of water",B
839,64,1368,science & technology,electronics & energy & mechanical eng.,"Will these magnets attract or repel each other?
Options: A: repel, B: attract, C: nan, D: nan",B,True,2025-11-05 01:48:20.004,박호조,0,"Which of the following best describes the view from the deck?
 Options: A: A view of a forest, B: A view of the cityscape, C: A view of the mountains, D: A view of a body of water",B
840,64,1368,science & technology,electronics & energy & mechanical eng.,"Will these magnets attract or repel each other?
Options: A: repel, B: attract, C: nan, D: nan",B,True,2025-11-10 18:47:19.220,J,0,"Which of the following best describes the view from the deck?
 Options: A: A view of a forest, B: A view of the cityscape, C: A view of the mountains, D: A view of a body of water",B
841,64,1368,science & technology,electronics & energy & mechanical eng.,"Will these magnets attract or repel each other?
Options: A: repel, B: attract, C: nan, D: nan",B,False,2025-11-11 15:27:53.412, KDY,0,"Which of the following best describes the view from the deck?
 Options: A: A view of a forest, B: A view of the cityscape, C: A view of the mountains, D: A view of a body of water",D
842,64,1368,science & technology,electronics & energy & mechanical eng.,"Will these magnets attract or repel each other?
Options: A: repel, B: attract, C: nan, D: nan",B,False,2025-11-11 20:35:43.975,Kathy,0,"Which of the following best describes the view from the deck?
 Options: A: A view of a forest, B: A view of the cityscape, C: A view of the mountains, D: A view of a body of water",C
843,64,1368,science & technology,electronics & energy & mechanical eng.,"Will these magnets attract or repel each other?
Options: A: repel, B: attract, C: nan, D: nan",B,False,2025-11-13 17:20:30.179,JMG,0,"Which of the following best describes the view from the deck?
 Options: A: A view of a forest, B: A view of the cityscape, C: A view of the mountains, D: A view of a body of water",A
844,64,1368,science & technology,electronics & energy & mechanical eng.,"Will these magnets attract or repel each other?
Options: A: repel, B: attract, C: nan, D: nan",B,False,2025-11-14 21:27:23.659,조희승,0,"Which of the following best describes the view from the deck?
 Options: A: A view of a forest, B: A view of the cityscape, C: A view of the mountains, D: A view of a body of water",C
845,65,1364,science & technology,electronics & energy & mechanical eng.,"Which Python code can generate the content of the image?
Options: A: count = 1
while count < 5:
print count, "" is less than 5""
count = count + 1
else:
print count, "" is not less than 5"", B: count = 0
while count < 5:
print count, "" is less than 5""
count = count + 1
else:
print count, "" is not less than 5"", C: count = 0
while count < 5:
print count, "" is less than 5""
count = count + 1
else:
print count, "" is not less than 6"", D: count = 0
while count < 5:
print count, "" is less than 5""
count = count + 2
else:
print count, "" is not less than 5""",B,False,2025-11-04 16:37:21.079,Winnie,0,"Where is the lamp in the living room?
 Options: A: On the coffee table, B: On the windowsill, C: On the end table, D: On the floor",A
846,65,1364,science & technology,electronics & energy & mechanical eng.,"Which Python code can generate the content of the image?
Options: A: count = 1
while count < 5:
print count, "" is less than 5""
count = count + 1
else:
print count, "" is not less than 5"", B: count = 0
while count < 5:
print count, "" is less than 5""
count = count + 1
else:
print count, "" is not less than 5"", C: count = 0
while count < 5:
print count, "" is less than 5""
count = count + 1
else:
print count, "" is not less than 6"", D: count = 0
while count < 5:
print count, "" is less than 5""
count = count + 2
else:
print count, "" is not less than 5""",B,False,2025-11-04 16:55:47.964,JJH,0,"Where is the lamp in the living room?
 Options: A: On the coffee table, B: On the windowsill, C: On the end table, D: On the floor",A
847,65,1364,science & technology,electronics & energy & mechanical eng.,"Which Python code can generate the content of the image?
Options: A: count = 1
while count < 5:
print count, "" is less than 5""
count = count + 1
else:
print count, "" is not less than 5"", B: count = 0
while count < 5:
print count, "" is less than 5""
count = count + 1
else:
print count, "" is not less than 5"", C: count = 0
while count < 5:
print count, "" is less than 5""
count = count + 1
else:
print count, "" is not less than 6"", D: count = 0
while count < 5:
print count, "" is less than 5""
count = count + 2
else:
print count, "" is not less than 5""",B,False,2025-11-04 17:09:00.783,Lee,0,"Where is the lamp in the living room?
 Options: A: On the coffee table, B: On the windowsill, C: On the end table, D: On the floor",A
848,65,1364,science & technology,electronics & energy & mechanical eng.,"Which Python code can generate the content of the image?
Options: A: count = 1
while count < 5:
print count, "" is less than 5""
count = count + 1
else:
print count, "" is not less than 5"", B: count = 0
while count < 5:
print count, "" is less than 5""
count = count + 1
else:
print count, "" is not less than 5"", C: count = 0
while count < 5:
print count, "" is less than 5""
count = count + 1
else:
print count, "" is not less than 6"", D: count = 0
while count < 5:
print count, "" is less than 5""
count = count + 2
else:
print count, "" is not less than 5""",B,True,2025-11-04 17:16:55.232,성민석,0,"Where is the lamp in the living room?
 Options: A: On the coffee table, B: On the windowsill, C: On the end table, D: On the floor",B
849,65,1364,science & technology,electronics & energy & mechanical eng.,"Which Python code can generate the content of the image?
Options: A: count = 1
while count < 5:
print count, "" is less than 5""
count = count + 1
else:
print count, "" is not less than 5"", B: count = 0
while count < 5:
print count, "" is less than 5""
count = count + 1
else:
print count, "" is not less than 5"", C: count = 0
while count < 5:
print count, "" is less than 5""
count = count + 1
else:
print count, "" is not less than 6"", D: count = 0
while count < 5:
print count, "" is less than 5""
count = count + 2
else:
print count, "" is not less than 5""",B,True,2025-11-04 18:35:45.170,EJ,0,"Where is the lamp in the living room?
 Options: A: On the coffee table, B: On the windowsill, C: On the end table, D: On the floor",B
850,65,1364,science & technology,electronics & energy & mechanical eng.,"Which Python code can generate the content of the image?
Options: A: count = 1
while count < 5:
print count, "" is less than 5""
count = count + 1
else:
print count, "" is not less than 5"", B: count = 0
while count < 5:
print count, "" is less than 5""
count = count + 1
else:
print count, "" is not less than 5"", C: count = 0
while count < 5:
print count, "" is less than 5""
count = count + 1
else:
print count, "" is not less than 6"", D: count = 0
while count < 5:
print count, "" is less than 5""
count = count + 2
else:
print count, "" is not less than 5""",B,False,2025-11-04 19:47:12.130,배재형,0,"Where is the lamp in the living room?
 Options: A: On the coffee table, B: On the windowsill, C: On the end table, D: On the floor",A
851,65,1364,science & technology,electronics & energy & mechanical eng.,"Which Python code can generate the content of the image?
Options: A: count = 1
while count < 5:
print count, "" is less than 5""
count = count + 1
else:
print count, "" is not less than 5"", B: count = 0
while count < 5:
print count, "" is less than 5""
count = count + 1
else:
print count, "" is not less than 5"", C: count = 0
while count < 5:
print count, "" is less than 5""
count = count + 1
else:
print count, "" is not less than 6"", D: count = 0
while count < 5:
print count, "" is less than 5""
count = count + 2
else:
print count, "" is not less than 5""",B,False,2025-11-05 00:48:32.876,박지윤,0,"Where is the lamp in the living room?
 Options: A: On the coffee table, B: On the windowsill, C: On the end table, D: On the floor",A
852,65,1364,science & technology,electronics & energy & mechanical eng.,"Which Python code can generate the content of the image?
Options: A: count = 1
while count < 5:
print count, "" is less than 5""
count = count + 1
else:
print count, "" is not less than 5"", B: count = 0
while count < 5:
print count, "" is less than 5""
count = count + 1
else:
print count, "" is not less than 5"", C: count = 0
while count < 5:
print count, "" is less than 5""
count = count + 1
else:
print count, "" is not less than 6"", D: count = 0
while count < 5:
print count, "" is less than 5""
count = count + 2
else:
print count, "" is not less than 5""",B,False,2025-11-05 01:48:20.004,박호조,0,"Where is the lamp in the living room?
 Options: A: On the coffee table, B: On the windowsill, C: On the end table, D: On the floor",A
853,65,1364,science & technology,electronics & energy & mechanical eng.,"Which Python code can generate the content of the image?
Options: A: count = 1
while count < 5:
print count, "" is less than 5""
count = count + 1
else:
print count, "" is not less than 5"", B: count = 0
while count < 5:
print count, "" is less than 5""
count = count + 1
else:
print count, "" is not less than 5"", C: count = 0
while count < 5:
print count, "" is less than 5""
count = count + 1
else:
print count, "" is not less than 6"", D: count = 0
while count < 5:
print count, "" is less than 5""
count = count + 2
else:
print count, "" is not less than 5""",B,False,2025-11-10 18:47:19.220,J,0,"Where is the lamp in the living room?
 Options: A: On the coffee table, B: On the windowsill, C: On the end table, D: On the floor",A
854,65,1364,science & technology,electronics & energy & mechanical eng.,"Which Python code can generate the content of the image?
Options: A: count = 1
while count < 5:
print count, "" is less than 5""
count = count + 1
else:
print count, "" is not less than 5"", B: count = 0
while count < 5:
print count, "" is less than 5""
count = count + 1
else:
print count, "" is not less than 5"", C: count = 0
while count < 5:
print count, "" is less than 5""
count = count + 1
else:
print count, "" is not less than 6"", D: count = 0
while count < 5:
print count, "" is less than 5""
count = count + 2
else:
print count, "" is not less than 5""",B,False,2025-11-11 15:27:53.412, KDY,0,"Where is the lamp in the living room?
 Options: A: On the coffee table, B: On the windowsill, C: On the end table, D: On the floor",C
855,65,1364,science & technology,electronics & energy & mechanical eng.,"Which Python code can generate the content of the image?
Options: A: count = 1
while count < 5:
print count, "" is less than 5""
count = count + 1
else:
print count, "" is not less than 5"", B: count = 0
while count < 5:
print count, "" is less than 5""
count = count + 1
else:
print count, "" is not less than 5"", C: count = 0
while count < 5:
print count, "" is less than 5""
count = count + 1
else:
print count, "" is not less than 6"", D: count = 0
while count < 5:
print count, "" is less than 5""
count = count + 2
else:
print count, "" is not less than 5""",B,False,2025-11-11 20:35:43.975,Kathy,0,"Where is the lamp in the living room?
 Options: A: On the coffee table, B: On the windowsill, C: On the end table, D: On the floor",A
856,65,1364,science & technology,electronics & energy & mechanical eng.,"Which Python code can generate the content of the image?
Options: A: count = 1
while count < 5:
print count, "" is less than 5""
count = count + 1
else:
print count, "" is not less than 5"", B: count = 0
while count < 5:
print count, "" is less than 5""
count = count + 1
else:
print count, "" is not less than 5"", C: count = 0
while count < 5:
print count, "" is less than 5""
count = count + 1
else:
print count, "" is not less than 6"", D: count = 0
while count < 5:
print count, "" is less than 5""
count = count + 2
else:
print count, "" is not less than 5""",B,False,2025-11-13 17:20:30.179,JMG,0,"Where is the lamp in the living room?
 Options: A: On the coffee table, B: On the windowsill, C: On the end table, D: On the floor",D
857,65,1364,science & technology,electronics & energy & mechanical eng.,"Which Python code can generate the content of the image?
Options: A: count = 1
while count < 5:
print count, "" is less than 5""
count = count + 1
else:
print count, "" is not less than 5"", B: count = 0
while count < 5:
print count, "" is less than 5""
count = count + 1
else:
print count, "" is not less than 5"", C: count = 0
while count < 5:
print count, "" is less than 5""
count = count + 1
else:
print count, "" is not less than 6"", D: count = 0
while count < 5:
print count, "" is less than 5""
count = count + 2
else:
print count, "" is not less than 5""",B,False,2025-11-14 21:27:23.659,조희승,0,"Where is the lamp in the living room?
 Options: A: On the coffee table, B: On the windowsill, C: On the end table, D: On the floor",C
858,66,1166,math,statistical reasoning,"Hint: Please answer the question and provide the correct option letter, e.g., A, B, C, D, at the end.
Question: When does the function start decreasing?
(A) 4
(B) 5
(C) 6
(D) 7",B,True,2025-11-04 16:37:21.079,Winnie,0,"Where is the man playing the guitar located on the stage?
 Options: A: Left side of the stage, B: Middle of the stage, C: Right side of the stage, D: Behind the microphones",B
859,66,1166,math,statistical reasoning,"Hint: Please answer the question and provide the correct option letter, e.g., A, B, C, D, at the end.
Question: When does the function start decreasing?
(A) 4
(B) 5
(C) 6
(D) 7",B,False,2025-11-04 16:55:47.964,JJH,0,"Where is the man playing the guitar located on the stage?
 Options: A: Left side of the stage, B: Middle of the stage, C: Right side of the stage, D: Behind the microphones",D
860,66,1166,math,statistical reasoning,"Hint: Please answer the question and provide the correct option letter, e.g., A, B, C, D, at the end.
Question: When does the function start decreasing?
(A) 4
(B) 5
(C) 6
(D) 7",B,True,2025-11-04 17:09:00.783,Lee,0,"Where is the man playing the guitar located on the stage?
 Options: A: Left side of the stage, B: Middle of the stage, C: Right side of the stage, D: Behind the microphones",B
861,66,1166,math,statistical reasoning,"Hint: Please answer the question and provide the correct option letter, e.g., A, B, C, D, at the end.
Question: When does the function start decreasing?
(A) 4
(B) 5
(C) 6
(D) 7",B,False,2025-11-04 17:16:55.232,성민석,0,"Where is the man playing the guitar located on the stage?
 Options: A: Left side of the stage, B: Middle of the stage, C: Right side of the stage, D: Behind the microphones",C
862,66,1166,math,statistical reasoning,"Hint: Please answer the question and provide the correct option letter, e.g., A, B, C, D, at the end.
Question: When does the function start decreasing?
(A) 4
(B) 5
(C) 6
(D) 7",B,True,2025-11-04 18:35:45.170,EJ,0,"Where is the man playing the guitar located on the stage?
 Options: A: Left side of the stage, B: Middle of the stage, C: Right side of the stage, D: Behind the microphones",B
863,66,1166,math,statistical reasoning,"Hint: Please answer the question and provide the correct option letter, e.g., A, B, C, D, at the end.
Question: When does the function start decreasing?
(A) 4
(B) 5
(C) 6
(D) 7",B,True,2025-11-04 19:47:12.130,배재형,0,"Where is the man playing the guitar located on the stage?
 Options: A: Left side of the stage, B: Middle of the stage, C: Right side of the stage, D: Behind the microphones",B
864,66,1166,math,statistical reasoning,"Hint: Please answer the question and provide the correct option letter, e.g., A, B, C, D, at the end.
Question: When does the function start decreasing?
(A) 4
(B) 5
(C) 6
(D) 7",B,True,2025-11-05 00:48:32.876,박지윤,0,"Where is the man playing the guitar located on the stage?
 Options: A: Left side of the stage, B: Middle of the stage, C: Right side of the stage, D: Behind the microphones",B
865,66,1166,math,statistical reasoning,"Hint: Please answer the question and provide the correct option letter, e.g., A, B, C, D, at the end.
Question: When does the function start decreasing?
(A) 4
(B) 5
(C) 6
(D) 7",B,False,2025-11-05 01:48:20.004,박호조,0,"Where is the man playing the guitar located on the stage?
 Options: A: Left side of the stage, B: Middle of the stage, C: Right side of the stage, D: Behind the microphones",D
866,66,1166,math,statistical reasoning,"Hint: Please answer the question and provide the correct option letter, e.g., A, B, C, D, at the end.
Question: When does the function start decreasing?
(A) 4
(B) 5
(C) 6
(D) 7",B,True,2025-11-10 18:47:19.220,J,0,"Where is the man playing the guitar located on the stage?
 Options: A: Left side of the stage, B: Middle of the stage, C: Right side of the stage, D: Behind the microphones",B
867,66,1166,math,statistical reasoning,"Hint: Please answer the question and provide the correct option letter, e.g., A, B, C, D, at the end.
Question: When does the function start decreasing?
(A) 4
(B) 5
(C) 6
(D) 7",B,False,2025-11-11 15:27:53.412, KDY,0,"Where is the man playing the guitar located on the stage?
 Options: A: Left side of the stage, B: Middle of the stage, C: Right side of the stage, D: Behind the microphones",C
868,66,1166,math,statistical reasoning,"Hint: Please answer the question and provide the correct option letter, e.g., A, B, C, D, at the end.
Question: When does the function start decreasing?
(A) 4
(B) 5
(C) 6
(D) 7",B,False,2025-11-11 20:35:43.975,Kathy,0,"Where is the man playing the guitar located on the stage?
 Options: A: Left side of the stage, B: Middle of the stage, C: Right side of the stage, D: Behind the microphones",D
869,66,1166,math,statistical reasoning,"Hint: Please answer the question and provide the correct option letter, e.g., A, B, C, D, at the end.
Question: When does the function start decreasing?
(A) 4
(B) 5
(C) 6
(D) 7",B,False,2025-11-13 17:20:30.179,JMG,0,"Where is the man playing the guitar located on the stage?
 Options: A: Left side of the stage, B: Middle of the stage, C: Right side of the stage, D: Behind the microphones",C
870,66,1166,math,statistical reasoning,"Hint: Please answer the question and provide the correct option letter, e.g., A, B, C, D, at the end.
Question: When does the function start decreasing?
(A) 4
(B) 5
(C) 6
(D) 7",B,False,2025-11-14 21:27:23.659,조희승,0,"Where is the man playing the guitar located on the stage?
 Options: A: Left side of the stage, B: Middle of the stage, C: Right side of the stage, D: Behind the microphones",C
871,67,1033,math,geometry,"Hint: Please answer the question and provide the correct option letter, e.g., A, B, C, D, at the end.
Question: 如图，在ABCD中，AB＝5，AD＝7，则ABCD的周长为（）
Choices:
(A) 12
(B) 14
(C) 35
(D) 24",D,False,2025-11-04 16:37:21.079,Winnie,0,"How many police officers are in the image?
 Options: A: 1, B: 0, C: 2, D: 3",C
872,67,1033,math,geometry,"Hint: Please answer the question and provide the correct option letter, e.g., A, B, C, D, at the end.
Question: 如图，在ABCD中，AB＝5，AD＝7，则ABCD的周长为（）
Choices:
(A) 12
(B) 14
(C) 35
(D) 24",D,False,2025-11-04 16:55:47.964,JJH,0,"How many police officers are in the image?
 Options: A: 1, B: 0, C: 2, D: 3",C
873,67,1033,math,geometry,"Hint: Please answer the question and provide the correct option letter, e.g., A, B, C, D, at the end.
Question: 如图，在ABCD中，AB＝5，AD＝7，则ABCD的周长为（）
Choices:
(A) 12
(B) 14
(C) 35
(D) 24",D,False,2025-11-04 17:09:00.783,Lee,0,"How many police officers are in the image?
 Options: A: 1, B: 0, C: 2, D: 3",C
874,67,1033,math,geometry,"Hint: Please answer the question and provide the correct option letter, e.g., A, B, C, D, at the end.
Question: 如图，在ABCD中，AB＝5，AD＝7，则ABCD的周长为（）
Choices:
(A) 12
(B) 14
(C) 35
(D) 24",D,False,2025-11-04 17:16:55.232,성민석,0,"How many police officers are in the image?
 Options: A: 1, B: 0, C: 2, D: 3",A
875,67,1033,math,geometry,"Hint: Please answer the question and provide the correct option letter, e.g., A, B, C, D, at the end.
Question: 如图，在ABCD中，AB＝5，AD＝7，则ABCD的周长为（）
Choices:
(A) 12
(B) 14
(C) 35
(D) 24",D,True,2025-11-04 18:35:45.170,EJ,0,"How many police officers are in the image?
 Options: A: 1, B: 0, C: 2, D: 3",D
876,67,1033,math,geometry,"Hint: Please answer the question and provide the correct option letter, e.g., A, B, C, D, at the end.
Question: 如图，在ABCD中，AB＝5，AD＝7，则ABCD的周长为（）
Choices:
(A) 12
(B) 14
(C) 35
(D) 24",D,False,2025-11-04 19:47:12.130,배재형,0,"How many police officers are in the image?
 Options: A: 1, B: 0, C: 2, D: 3",C
877,67,1033,math,geometry,"Hint: Please answer the question and provide the correct option letter, e.g., A, B, C, D, at the end.
Question: 如图，在ABCD中，AB＝5，AD＝7，则ABCD的周长为（）
Choices:
(A) 12
(B) 14
(C) 35
(D) 24",D,False,2025-11-05 00:48:32.876,박지윤,0,"How many police officers are in the image?
 Options: A: 1, B: 0, C: 2, D: 3",A
878,67,1033,math,geometry,"Hint: Please answer the question and provide the correct option letter, e.g., A, B, C, D, at the end.
Question: 如图，在ABCD中，AB＝5，AD＝7，则ABCD的周长为（）
Choices:
(A) 12
(B) 14
(C) 35
(D) 24",D,False,2025-11-05 01:48:20.004,박호조,0,"How many police officers are in the image?
 Options: A: 1, B: 0, C: 2, D: 3",C
879,67,1033,math,geometry,"Hint: Please answer the question and provide the correct option letter, e.g., A, B, C, D, at the end.
Question: 如图，在ABCD中，AB＝5，AD＝7，则ABCD的周长为（）
Choices:
(A) 12
(B) 14
(C) 35
(D) 24",D,False,2025-11-10 18:47:19.220,J,0,"How many police officers are in the image?
 Options: A: 1, B: 0, C: 2, D: 3",C
880,67,1033,math,geometry,"Hint: Please answer the question and provide the correct option letter, e.g., A, B, C, D, at the end.
Question: 如图，在ABCD中，AB＝5，AD＝7，则ABCD的周长为（）
Choices:
(A) 12
(B) 14
(C) 35
(D) 24",D,False,2025-11-11 15:27:53.412, KDY,0,"How many police officers are in the image?
 Options: A: 1, B: 0, C: 2, D: 3",A
881,67,1033,math,geometry,"Hint: Please answer the question and provide the correct option letter, e.g., A, B, C, D, at the end.
Question: 如图，在ABCD中，AB＝5，AD＝7，则ABCD的周长为（）
Choices:
(A) 12
(B) 14
(C) 35
(D) 24",D,True,2025-11-11 20:35:43.975,Kathy,0,"How many police officers are in the image?
 Options: A: 1, B: 0, C: 2, D: 3",D
882,67,1033,math,geometry,"Hint: Please answer the question and provide the correct option letter, e.g., A, B, C, D, at the end.
Question: 如图，在ABCD中，AB＝5，AD＝7，则ABCD的周长为（）
Choices:
(A) 12
(B) 14
(C) 35
(D) 24",D,True,2025-11-13 17:20:30.179,JMG,0,"How many police officers are in the image?
 Options: A: 1, B: 0, C: 2, D: 3",D
883,67,1033,math,geometry,"Hint: Please answer the question and provide the correct option letter, e.g., A, B, C, D, at the end.
Question: 如图，在ABCD中，AB＝5，AD＝7，则ABCD的周长为（）
Choices:
(A) 12
(B) 14
(C) 35
(D) 24",D,False,2025-11-14 21:27:23.659,조희승,0,"How many police officers are in the image?
 Options: A: 1, B: 0, C: 2, D: 3",B
884,68,1068,math,numeric commonsense and calculation,"Hint: Please answer the question and provide the correct option letter, e.g., A, B, C, D, at the end.
Question: Move the ruler to measure the length of the twig to the nearest inch. The twig is about (_) inches long.
Choices:
(A) 3
(B) 1
(C) 2
(D) 4",C,False,2025-11-04 16:37:21.079,Winnie,0,"What color dominates the logo seen on the wall?
 Options: A: Red, B: Black and White, C: Yellow, D: Blue",A
885,68,1068,math,numeric commonsense and calculation,"Hint: Please answer the question and provide the correct option letter, e.g., A, B, C, D, at the end.
Question: Move the ruler to measure the length of the twig to the nearest inch. The twig is about (_) inches long.
Choices:
(A) 3
(B) 1
(C) 2
(D) 4",C,False,2025-11-04 16:55:47.964,JJH,0,"What color dominates the logo seen on the wall?
 Options: A: Red, B: Black and White, C: Yellow, D: Blue",A
886,68,1068,math,numeric commonsense and calculation,"Hint: Please answer the question and provide the correct option letter, e.g., A, B, C, D, at the end.
Question: Move the ruler to measure the length of the twig to the nearest inch. The twig is about (_) inches long.
Choices:
(A) 3
(B) 1
(C) 2
(D) 4",C,False,2025-11-04 17:09:00.783,Lee,0,"What color dominates the logo seen on the wall?
 Options: A: Red, B: Black and White, C: Yellow, D: Blue",B
887,68,1068,math,numeric commonsense and calculation,"Hint: Please answer the question and provide the correct option letter, e.g., A, B, C, D, at the end.
Question: Move the ruler to measure the length of the twig to the nearest inch. The twig is about (_) inches long.
Choices:
(A) 3
(B) 1
(C) 2
(D) 4",C,False,2025-11-04 17:16:55.232,성민석,0,"What color dominates the logo seen on the wall?
 Options: A: Red, B: Black and White, C: Yellow, D: Blue",B
888,68,1068,math,numeric commonsense and calculation,"Hint: Please answer the question and provide the correct option letter, e.g., A, B, C, D, at the end.
Question: Move the ruler to measure the length of the twig to the nearest inch. The twig is about (_) inches long.
Choices:
(A) 3
(B) 1
(C) 2
(D) 4",C,False,2025-11-04 18:35:45.170,EJ,0,"What color dominates the logo seen on the wall?
 Options: A: Red, B: Black and White, C: Yellow, D: Blue",A
889,68,1068,math,numeric commonsense and calculation,"Hint: Please answer the question and provide the correct option letter, e.g., A, B, C, D, at the end.
Question: Move the ruler to measure the length of the twig to the nearest inch. The twig is about (_) inches long.
Choices:
(A) 3
(B) 1
(C) 2
(D) 4",C,False,2025-11-04 19:47:12.130,배재형,0,"What color dominates the logo seen on the wall?
 Options: A: Red, B: Black and White, C: Yellow, D: Blue",A
890,68,1068,math,numeric commonsense and calculation,"Hint: Please answer the question and provide the correct option letter, e.g., A, B, C, D, at the end.
Question: Move the ruler to measure the length of the twig to the nearest inch. The twig is about (_) inches long.
Choices:
(A) 3
(B) 1
(C) 2
(D) 4",C,True,2025-11-05 00:48:32.876,박지윤,0,"What color dominates the logo seen on the wall?
 Options: A: Red, B: Black and White, C: Yellow, D: Blue",C
891,68,1068,math,numeric commonsense and calculation,"Hint: Please answer the question and provide the correct option letter, e.g., A, B, C, D, at the end.
Question: Move the ruler to measure the length of the twig to the nearest inch. The twig is about (_) inches long.
Choices:
(A) 3
(B) 1
(C) 2
(D) 4",C,True,2025-11-05 01:48:20.004,박호조,0,"What color dominates the logo seen on the wall?
 Options: A: Red, B: Black and White, C: Yellow, D: Blue",C
892,68,1068,math,numeric commonsense and calculation,"Hint: Please answer the question and provide the correct option letter, e.g., A, B, C, D, at the end.
Question: Move the ruler to measure the length of the twig to the nearest inch. The twig is about (_) inches long.
Choices:
(A) 3
(B) 1
(C) 2
(D) 4",C,False,2025-11-10 18:47:19.220,J,0,"What color dominates the logo seen on the wall?
 Options: A: Red, B: Black and White, C: Yellow, D: Blue",B
893,68,1068,math,numeric commonsense and calculation,"Hint: Please answer the question and provide the correct option letter, e.g., A, B, C, D, at the end.
Question: Move the ruler to measure the length of the twig to the nearest inch. The twig is about (_) inches long.
Choices:
(A) 3
(B) 1
(C) 2
(D) 4",C,False,2025-11-11 15:27:53.412, KDY,0,"What color dominates the logo seen on the wall?
 Options: A: Red, B: Black and White, C: Yellow, D: Blue",A
894,68,1068,math,numeric commonsense and calculation,"Hint: Please answer the question and provide the correct option letter, e.g., A, B, C, D, at the end.
Question: Move the ruler to measure the length of the twig to the nearest inch. The twig is about (_) inches long.
Choices:
(A) 3
(B) 1
(C) 2
(D) 4",C,False,2025-11-11 20:35:43.975,Kathy,0,"What color dominates the logo seen on the wall?
 Options: A: Red, B: Black and White, C: Yellow, D: Blue",A
895,68,1068,math,numeric commonsense and calculation,"Hint: Please answer the question and provide the correct option letter, e.g., A, B, C, D, at the end.
Question: Move the ruler to measure the length of the twig to the nearest inch. The twig is about (_) inches long.
Choices:
(A) 3
(B) 1
(C) 2
(D) 4",C,False,2025-11-13 17:20:30.179,JMG,0,"What color dominates the logo seen on the wall?
 Options: A: Red, B: Black and White, C: Yellow, D: Blue",A
896,68,1068,math,numeric commonsense and calculation,"Hint: Please answer the question and provide the correct option letter, e.g., A, B, C, D, at the end.
Question: Move the ruler to measure the length of the twig to the nearest inch. The twig is about (_) inches long.
Choices:
(A) 3
(B) 1
(C) 2
(D) 4",C,False,2025-11-14 21:27:23.659,조희승,0,"What color dominates the logo seen on the wall?
 Options: A: Red, B: Black and White, C: Yellow, D: Blue",A
897,69,1336,science & technology,electronics & energy & mechanical eng.,"Compare the average kinetic energies of the particles in each sample. Which sample has the higher temperature?
Options: A: neither; the samples have the same temperature, B: sample A, C: sample B, D: nan",B,True,2025-11-04 16:37:21.079,Winnie,0,"What is the predominant feature in the image?
 Options: A: Houses, B: The Sky, C: Mountains, D: Trees",B
898,69,1336,science & technology,electronics & energy & mechanical eng.,"Compare the average kinetic energies of the particles in each sample. Which sample has the higher temperature?
Options: A: neither; the samples have the same temperature, B: sample A, C: sample B, D: nan",B,True,2025-11-04 16:55:47.964,JJH,0,"What is the predominant feature in the image?
 Options: A: Houses, B: The Sky, C: Mountains, D: Trees",B
899,69,1336,science & technology,electronics & energy & mechanical eng.,"Compare the average kinetic energies of the particles in each sample. Which sample has the higher temperature?
Options: A: neither; the samples have the same temperature, B: sample A, C: sample B, D: nan",B,True,2025-11-04 17:09:00.783,Lee,0,"What is the predominant feature in the image?
 Options: A: Houses, B: The Sky, C: Mountains, D: Trees",B
900,69,1336,science & technology,electronics & energy & mechanical eng.,"Compare the average kinetic energies of the particles in each sample. Which sample has the higher temperature?
Options: A: neither; the samples have the same temperature, B: sample A, C: sample B, D: nan",B,True,2025-11-04 17:16:55.232,성민석,0,"What is the predominant feature in the image?
 Options: A: Houses, B: The Sky, C: Mountains, D: Trees",B
901,69,1336,science & technology,electronics & energy & mechanical eng.,"Compare the average kinetic energies of the particles in each sample. Which sample has the higher temperature?
Options: A: neither; the samples have the same temperature, B: sample A, C: sample B, D: nan",B,False,2025-11-04 18:35:45.170,EJ,0,"What is the predominant feature in the image?
 Options: A: Houses, B: The Sky, C: Mountains, D: Trees",C
902,69,1336,science & technology,electronics & energy & mechanical eng.,"Compare the average kinetic energies of the particles in each sample. Which sample has the higher temperature?
Options: A: neither; the samples have the same temperature, B: sample A, C: sample B, D: nan",B,True,2025-11-04 19:47:12.130,배재형,0,"What is the predominant feature in the image?
 Options: A: Houses, B: The Sky, C: Mountains, D: Trees",B
903,69,1336,science & technology,electronics & energy & mechanical eng.,"Compare the average kinetic energies of the particles in each sample. Which sample has the higher temperature?
Options: A: neither; the samples have the same temperature, B: sample A, C: sample B, D: nan",B,False,2025-11-05 00:48:32.876,박지윤,0,"What is the predominant feature in the image?
 Options: A: Houses, B: The Sky, C: Mountains, D: Trees",A
904,69,1336,science & technology,electronics & energy & mechanical eng.,"Compare the average kinetic energies of the particles in each sample. Which sample has the higher temperature?
Options: A: neither; the samples have the same temperature, B: sample A, C: sample B, D: nan",B,False,2025-11-05 01:48:20.004,박호조,0,"What is the predominant feature in the image?
 Options: A: Houses, B: The Sky, C: Mountains, D: Trees",A
905,69,1336,science & technology,electronics & energy & mechanical eng.,"Compare the average kinetic energies of the particles in each sample. Which sample has the higher temperature?
Options: A: neither; the samples have the same temperature, B: sample A, C: sample B, D: nan",B,False,2025-11-10 18:47:19.220,J,0,"What is the predominant feature in the image?
 Options: A: Houses, B: The Sky, C: Mountains, D: Trees",A
906,69,1336,science & technology,electronics & energy & mechanical eng.,"Compare the average kinetic energies of the particles in each sample. Which sample has the higher temperature?
Options: A: neither; the samples have the same temperature, B: sample A, C: sample B, D: nan",B,False,2025-11-11 15:27:53.412, KDY,0,"What is the predominant feature in the image?
 Options: A: Houses, B: The Sky, C: Mountains, D: Trees",C
907,69,1336,science & technology,electronics & energy & mechanical eng.,"Compare the average kinetic energies of the particles in each sample. Which sample has the higher temperature?
Options: A: neither; the samples have the same temperature, B: sample A, C: sample B, D: nan",B,False,2025-11-11 20:35:43.975,Kathy,0,"What is the predominant feature in the image?
 Options: A: Houses, B: The Sky, C: Mountains, D: Trees",C
908,69,1336,science & technology,electronics & energy & mechanical eng.,"Compare the average kinetic energies of the particles in each sample. Which sample has the higher temperature?
Options: A: neither; the samples have the same temperature, B: sample A, C: sample B, D: nan",B,False,2025-11-13 17:20:30.179,JMG,0,"What is the predominant feature in the image?
 Options: A: Houses, B: The Sky, C: Mountains, D: Trees",C
909,69,1336,science & technology,electronics & energy & mechanical eng.,"Compare the average kinetic energies of the particles in each sample. Which sample has the higher temperature?
Options: A: neither; the samples have the same temperature, B: sample A, C: sample B, D: nan",B,False,2025-11-14 21:27:23.659,조희승,0,"What is the predominant feature in the image?
 Options: A: Houses, B: The Sky, C: Mountains, D: Trees",A
910,70,759,logical reasoning,common reasoning,"Hint: Please answer the question and provide the correct option letter, e.g., A, B, C, D, at the end.
Question: What time is shown? Answer by typing a time word, not a number. It is (_) past three.
Choices:
(A) half
(B) quarter
(C) o'clock
(D) quarter to",B,True,2025-11-04 16:37:21.079,Winnie,0,"What is the main feature in the background of the image?
 Options: A: A park bench near the water., B: A couple sitting on a bench., C: A body of water and the Golden Gate Bridge., D: A mountain in the distance.",B
911,70,759,logical reasoning,common reasoning,"Hint: Please answer the question and provide the correct option letter, e.g., A, B, C, D, at the end.
Question: What time is shown? Answer by typing a time word, not a number. It is (_) past three.
Choices:
(A) half
(B) quarter
(C) o'clock
(D) quarter to",B,False,2025-11-04 16:55:47.964,JJH,0,"What is the main feature in the background of the image?
 Options: A: A park bench near the water., B: A couple sitting on a bench., C: A body of water and the Golden Gate Bridge., D: A mountain in the distance.",D
912,70,759,logical reasoning,common reasoning,"Hint: Please answer the question and provide the correct option letter, e.g., A, B, C, D, at the end.
Question: What time is shown? Answer by typing a time word, not a number. It is (_) past three.
Choices:
(A) half
(B) quarter
(C) o'clock
(D) quarter to",B,False,2025-11-04 17:09:00.783,Lee,0,"What is the main feature in the background of the image?
 Options: A: A park bench near the water., B: A couple sitting on a bench., C: A body of water and the Golden Gate Bridge., D: A mountain in the distance.",A
913,70,759,logical reasoning,common reasoning,"Hint: Please answer the question and provide the correct option letter, e.g., A, B, C, D, at the end.
Question: What time is shown? Answer by typing a time word, not a number. It is (_) past three.
Choices:
(A) half
(B) quarter
(C) o'clock
(D) quarter to",B,True,2025-11-04 17:16:55.232,성민석,0,"What is the main feature in the background of the image?
 Options: A: A park bench near the water., B: A couple sitting on a bench., C: A body of water and the Golden Gate Bridge., D: A mountain in the distance.",B
914,70,759,logical reasoning,common reasoning,"Hint: Please answer the question and provide the correct option letter, e.g., A, B, C, D, at the end.
Question: What time is shown? Answer by typing a time word, not a number. It is (_) past three.
Choices:
(A) half
(B) quarter
(C) o'clock
(D) quarter to",B,False,2025-11-04 18:35:45.170,EJ,0,"What is the main feature in the background of the image?
 Options: A: A park bench near the water., B: A couple sitting on a bench., C: A body of water and the Golden Gate Bridge., D: A mountain in the distance.",A
915,70,759,logical reasoning,common reasoning,"Hint: Please answer the question and provide the correct option letter, e.g., A, B, C, D, at the end.
Question: What time is shown? Answer by typing a time word, not a number. It is (_) past three.
Choices:
(A) half
(B) quarter
(C) o'clock
(D) quarter to",B,False,2025-11-04 19:47:12.130,배재형,0,"What is the main feature in the background of the image?
 Options: A: A park bench near the water., B: A couple sitting on a bench., C: A body of water and the Golden Gate Bridge., D: A mountain in the distance.",C
916,70,759,logical reasoning,common reasoning,"Hint: Please answer the question and provide the correct option letter, e.g., A, B, C, D, at the end.
Question: What time is shown? Answer by typing a time word, not a number. It is (_) past three.
Choices:
(A) half
(B) quarter
(C) o'clock
(D) quarter to",B,False,2025-11-05 00:48:32.876,박지윤,0,"What is the main feature in the background of the image?
 Options: A: A park bench near the water., B: A couple sitting on a bench., C: A body of water and the Golden Gate Bridge., D: A mountain in the distance.",D
917,70,759,logical reasoning,common reasoning,"Hint: Please answer the question and provide the correct option letter, e.g., A, B, C, D, at the end.
Question: What time is shown? Answer by typing a time word, not a number. It is (_) past three.
Choices:
(A) half
(B) quarter
(C) o'clock
(D) quarter to",B,True,2025-11-05 01:48:20.004,박호조,0,"What is the main feature in the background of the image?
 Options: A: A park bench near the water., B: A couple sitting on a bench., C: A body of water and the Golden Gate Bridge., D: A mountain in the distance.",B
918,70,759,logical reasoning,common reasoning,"Hint: Please answer the question and provide the correct option letter, e.g., A, B, C, D, at the end.
Question: What time is shown? Answer by typing a time word, not a number. It is (_) past three.
Choices:
(A) half
(B) quarter
(C) o'clock
(D) quarter to",B,False,2025-11-10 18:47:19.220,J,0,"What is the main feature in the background of the image?
 Options: A: A park bench near the water., B: A couple sitting on a bench., C: A body of water and the Golden Gate Bridge., D: A mountain in the distance.",C
919,70,759,logical reasoning,common reasoning,"Hint: Please answer the question and provide the correct option letter, e.g., A, B, C, D, at the end.
Question: What time is shown? Answer by typing a time word, not a number. It is (_) past three.
Choices:
(A) half
(B) quarter
(C) o'clock
(D) quarter to",B,False,2025-11-11 15:27:53.412, KDY,0,"What is the main feature in the background of the image?
 Options: A: A park bench near the water., B: A couple sitting on a bench., C: A body of water and the Golden Gate Bridge., D: A mountain in the distance.",D
920,70,759,logical reasoning,common reasoning,"Hint: Please answer the question and provide the correct option letter, e.g., A, B, C, D, at the end.
Question: What time is shown? Answer by typing a time word, not a number. It is (_) past three.
Choices:
(A) half
(B) quarter
(C) o'clock
(D) quarter to",B,True,2025-11-11 20:35:43.975,Kathy,0,"What is the main feature in the background of the image?
 Options: A: A park bench near the water., B: A couple sitting on a bench., C: A body of water and the Golden Gate Bridge., D: A mountain in the distance.",B
921,70,759,logical reasoning,common reasoning,"Hint: Please answer the question and provide the correct option letter, e.g., A, B, C, D, at the end.
Question: What time is shown? Answer by typing a time word, not a number. It is (_) past three.
Choices:
(A) half
(B) quarter
(C) o'clock
(D) quarter to",B,False,2025-11-13 17:20:30.179,JMG,0,"What is the main feature in the background of the image?
 Options: A: A park bench near the water., B: A couple sitting on a bench., C: A body of water and the Golden Gate Bridge., D: A mountain in the distance.",A
922,70,759,logical reasoning,common reasoning,"Hint: Please answer the question and provide the correct option letter, e.g., A, B, C, D, at the end.
Question: What time is shown? Answer by typing a time word, not a number. It is (_) past three.
Choices:
(A) half
(B) quarter
(C) o'clock
(D) quarter to",B,True,2025-11-14 21:27:23.659,조희승,0,"What is the main feature in the background of the image?
 Options: A: A park bench near the water., B: A couple sitting on a bench., C: A body of water and the Golden Gate Bridge., D: A mountain in the distance.",B
923,71,1143,math,statistical reasoning,"Hint: Please answer the question and provide the correct option letter, e.g., A, B, C, D, at the end.
Question: What is the amplitude of this function?
Choices:
(A) 0
(B) 2
(C) 1
(D) 3",C,False,2025-11-04 16:37:21.079,Winnie,0,"What is the center of focus in the image?
 Options: A: A man writing in a book, B: A boy with his head in his hands surrounded by books, C: A cluttered desk with books and a pen, D: A stack of books covering a young man's face",A
924,71,1143,math,statistical reasoning,"Hint: Please answer the question and provide the correct option letter, e.g., A, B, C, D, at the end.
Question: What is the amplitude of this function?
Choices:
(A) 0
(B) 2
(C) 1
(D) 3",C,False,2025-11-04 16:55:47.964,JJH,0,"What is the center of focus in the image?
 Options: A: A man writing in a book, B: A boy with his head in his hands surrounded by books, C: A cluttered desk with books and a pen, D: A stack of books covering a young man's face",A
925,71,1143,math,statistical reasoning,"Hint: Please answer the question and provide the correct option letter, e.g., A, B, C, D, at the end.
Question: What is the amplitude of this function?
Choices:
(A) 0
(B) 2
(C) 1
(D) 3",C,False,2025-11-04 17:09:00.783,Lee,0,"What is the center of focus in the image?
 Options: A: A man writing in a book, B: A boy with his head in his hands surrounded by books, C: A cluttered desk with books and a pen, D: A stack of books covering a young man's face",A
926,71,1143,math,statistical reasoning,"Hint: Please answer the question and provide the correct option letter, e.g., A, B, C, D, at the end.
Question: What is the amplitude of this function?
Choices:
(A) 0
(B) 2
(C) 1
(D) 3",C,False,2025-11-04 17:16:55.232,성민석,0,"What is the center of focus in the image?
 Options: A: A man writing in a book, B: A boy with his head in his hands surrounded by books, C: A cluttered desk with books and a pen, D: A stack of books covering a young man's face",B
927,71,1143,math,statistical reasoning,"Hint: Please answer the question and provide the correct option letter, e.g., A, B, C, D, at the end.
Question: What is the amplitude of this function?
Choices:
(A) 0
(B) 2
(C) 1
(D) 3",C,True,2025-11-04 18:35:45.170,EJ,0,"What is the center of focus in the image?
 Options: A: A man writing in a book, B: A boy with his head in his hands surrounded by books, C: A cluttered desk with books and a pen, D: A stack of books covering a young man's face",C
928,71,1143,math,statistical reasoning,"Hint: Please answer the question and provide the correct option letter, e.g., A, B, C, D, at the end.
Question: What is the amplitude of this function?
Choices:
(A) 0
(B) 2
(C) 1
(D) 3",C,False,2025-11-04 19:47:12.130,배재형,0,"What is the center of focus in the image?
 Options: A: A man writing in a book, B: A boy with his head in his hands surrounded by books, C: A cluttered desk with books and a pen, D: A stack of books covering a young man's face",B
929,71,1143,math,statistical reasoning,"Hint: Please answer the question and provide the correct option letter, e.g., A, B, C, D, at the end.
Question: What is the amplitude of this function?
Choices:
(A) 0
(B) 2
(C) 1
(D) 3",C,True,2025-11-05 00:48:32.876,박지윤,0,"What is the center of focus in the image?
 Options: A: A man writing in a book, B: A boy with his head in his hands surrounded by books, C: A cluttered desk with books and a pen, D: A stack of books covering a young man's face",C
930,71,1143,math,statistical reasoning,"Hint: Please answer the question and provide the correct option letter, e.g., A, B, C, D, at the end.
Question: What is the amplitude of this function?
Choices:
(A) 0
(B) 2
(C) 1
(D) 3",C,False,2025-11-05 01:48:20.004,박호조,0,"What is the center of focus in the image?
 Options: A: A man writing in a book, B: A boy with his head in his hands surrounded by books, C: A cluttered desk with books and a pen, D: A stack of books covering a young man's face",D
931,71,1143,math,statistical reasoning,"Hint: Please answer the question and provide the correct option letter, e.g., A, B, C, D, at the end.
Question: What is the amplitude of this function?
Choices:
(A) 0
(B) 2
(C) 1
(D) 3",C,False,2025-11-10 18:47:19.220,J,0,"What is the center of focus in the image?
 Options: A: A man writing in a book, B: A boy with his head in his hands surrounded by books, C: A cluttered desk with books and a pen, D: A stack of books covering a young man's face",D
932,71,1143,math,statistical reasoning,"Hint: Please answer the question and provide the correct option letter, e.g., A, B, C, D, at the end.
Question: What is the amplitude of this function?
Choices:
(A) 0
(B) 2
(C) 1
(D) 3",C,True,2025-11-11 15:27:53.412, KDY,0,"What is the center of focus in the image?
 Options: A: A man writing in a book, B: A boy with his head in his hands surrounded by books, C: A cluttered desk with books and a pen, D: A stack of books covering a young man's face",C
933,71,1143,math,statistical reasoning,"Hint: Please answer the question and provide the correct option letter, e.g., A, B, C, D, at the end.
Question: What is the amplitude of this function?
Choices:
(A) 0
(B) 2
(C) 1
(D) 3",C,False,2025-11-11 20:35:43.975,Kathy,0,"What is the center of focus in the image?
 Options: A: A man writing in a book, B: A boy with his head in his hands surrounded by books, C: A cluttered desk with books and a pen, D: A stack of books covering a young man's face",D
934,71,1143,math,statistical reasoning,"Hint: Please answer the question and provide the correct option letter, e.g., A, B, C, D, at the end.
Question: What is the amplitude of this function?
Choices:
(A) 0
(B) 2
(C) 1
(D) 3",C,False,2025-11-13 17:20:30.179,JMG,0,"What is the center of focus in the image?
 Options: A: A man writing in a book, B: A boy with his head in his hands surrounded by books, C: A cluttered desk with books and a pen, D: A stack of books covering a young man's face",B
935,71,1143,math,statistical reasoning,"Hint: Please answer the question and provide the correct option letter, e.g., A, B, C, D, at the end.
Question: What is the amplitude of this function?
Choices:
(A) 0
(B) 2
(C) 1
(D) 3",C,False,2025-11-14 21:27:23.659,조희승,0,"What is the center of focus in the image?
 Options: A: A man writing in a book, B: A boy with his head in his hands surrounded by books, C: A cluttered desk with books and a pen, D: A stack of books covering a young man's face",D
936,72,1199,science & technology,biology & chemistry & physics,"Hint: Please answer the question and provide the correct option letter, e.g., A, B, C, D, at the end.
Question: One of the most dramatic videos on the web (but entirely fictitious) supposedly shows a man sliding along a long water slide and then being launched into the air to land in a water pool. Let's attach some reasonable numbers to such a flight to calculate the velocity with which the man would have hit the water. Figure indicates the launch and landing sites and includes a superimposed coordinate system with its origin conveniently located at the launch site. From the video we take the horizontal flight distance as $D=20.0 \mathrm{~m}$, the flight time as $t=2.50 \mathrm{~s}$, and the launch angle as $\theta_0=40.0^{\circ}$. Find the magnitude of the velocity at launch and at landing.
Choices:
(A) 14
(B) 10.44
(C) 44
(D) 1",B,False,2025-11-04 16:37:21.079,Winnie,0,"How many balls are on the table?
 Options: A: 6, B: 4, C: 5, D: 3",C
937,72,1199,science & technology,biology & chemistry & physics,"Hint: Please answer the question and provide the correct option letter, e.g., A, B, C, D, at the end.
Question: One of the most dramatic videos on the web (but entirely fictitious) supposedly shows a man sliding along a long water slide and then being launched into the air to land in a water pool. Let's attach some reasonable numbers to such a flight to calculate the velocity with which the man would have hit the water. Figure indicates the launch and landing sites and includes a superimposed coordinate system with its origin conveniently located at the launch site. From the video we take the horizontal flight distance as $D=20.0 \mathrm{~m}$, the flight time as $t=2.50 \mathrm{~s}$, and the launch angle as $\theta_0=40.0^{\circ}$. Find the magnitude of the velocity at launch and at landing.
Choices:
(A) 14
(B) 10.44
(C) 44
(D) 1",B,True,2025-11-04 16:55:47.964,JJH,0,"How many balls are on the table?
 Options: A: 6, B: 4, C: 5, D: 3",B
938,72,1199,science & technology,biology & chemistry & physics,"Hint: Please answer the question and provide the correct option letter, e.g., A, B, C, D, at the end.
Question: One of the most dramatic videos on the web (but entirely fictitious) supposedly shows a man sliding along a long water slide and then being launched into the air to land in a water pool. Let's attach some reasonable numbers to such a flight to calculate the velocity with which the man would have hit the water. Figure indicates the launch and landing sites and includes a superimposed coordinate system with its origin conveniently located at the launch site. From the video we take the horizontal flight distance as $D=20.0 \mathrm{~m}$, the flight time as $t=2.50 \mathrm{~s}$, and the launch angle as $\theta_0=40.0^{\circ}$. Find the magnitude of the velocity at launch and at landing.
Choices:
(A) 14
(B) 10.44
(C) 44
(D) 1",B,False,2025-11-04 17:09:00.783,Lee,0,"How many balls are on the table?
 Options: A: 6, B: 4, C: 5, D: 3",A
939,72,1199,science & technology,biology & chemistry & physics,"Hint: Please answer the question and provide the correct option letter, e.g., A, B, C, D, at the end.
Question: One of the most dramatic videos on the web (but entirely fictitious) supposedly shows a man sliding along a long water slide and then being launched into the air to land in a water pool. Let's attach some reasonable numbers to such a flight to calculate the velocity with which the man would have hit the water. Figure indicates the launch and landing sites and includes a superimposed coordinate system with its origin conveniently located at the launch site. From the video we take the horizontal flight distance as $D=20.0 \mathrm{~m}$, the flight time as $t=2.50 \mathrm{~s}$, and the launch angle as $\theta_0=40.0^{\circ}$. Find the magnitude of the velocity at launch and at landing.
Choices:
(A) 14
(B) 10.44
(C) 44
(D) 1",B,False,2025-11-04 17:16:55.232,성민석,0,"How many balls are on the table?
 Options: A: 6, B: 4, C: 5, D: 3",D
940,72,1199,science & technology,biology & chemistry & physics,"Hint: Please answer the question and provide the correct option letter, e.g., A, B, C, D, at the end.
Question: One of the most dramatic videos on the web (but entirely fictitious) supposedly shows a man sliding along a long water slide and then being launched into the air to land in a water pool. Let's attach some reasonable numbers to such a flight to calculate the velocity with which the man would have hit the water. Figure indicates the launch and landing sites and includes a superimposed coordinate system with its origin conveniently located at the launch site. From the video we take the horizontal flight distance as $D=20.0 \mathrm{~m}$, the flight time as $t=2.50 \mathrm{~s}$, and the launch angle as $\theta_0=40.0^{\circ}$. Find the magnitude of the velocity at launch and at landing.
Choices:
(A) 14
(B) 10.44
(C) 44
(D) 1",B,False,2025-11-04 18:35:45.170,EJ,0,"How many balls are on the table?
 Options: A: 6, B: 4, C: 5, D: 3",D
941,72,1199,science & technology,biology & chemistry & physics,"Hint: Please answer the question and provide the correct option letter, e.g., A, B, C, D, at the end.
Question: One of the most dramatic videos on the web (but entirely fictitious) supposedly shows a man sliding along a long water slide and then being launched into the air to land in a water pool. Let's attach some reasonable numbers to such a flight to calculate the velocity with which the man would have hit the water. Figure indicates the launch and landing sites and includes a superimposed coordinate system with its origin conveniently located at the launch site. From the video we take the horizontal flight distance as $D=20.0 \mathrm{~m}$, the flight time as $t=2.50 \mathrm{~s}$, and the launch angle as $\theta_0=40.0^{\circ}$. Find the magnitude of the velocity at launch and at landing.
Choices:
(A) 14
(B) 10.44
(C) 44
(D) 1",B,False,2025-11-04 19:47:12.130,배재형,0,"How many balls are on the table?
 Options: A: 6, B: 4, C: 5, D: 3",C
942,72,1199,science & technology,biology & chemistry & physics,"Hint: Please answer the question and provide the correct option letter, e.g., A, B, C, D, at the end.
Question: One of the most dramatic videos on the web (but entirely fictitious) supposedly shows a man sliding along a long water slide and then being launched into the air to land in a water pool. Let's attach some reasonable numbers to such a flight to calculate the velocity with which the man would have hit the water. Figure indicates the launch and landing sites and includes a superimposed coordinate system with its origin conveniently located at the launch site. From the video we take the horizontal flight distance as $D=20.0 \mathrm{~m}$, the flight time as $t=2.50 \mathrm{~s}$, and the launch angle as $\theta_0=40.0^{\circ}$. Find the magnitude of the velocity at launch and at landing.
Choices:
(A) 14
(B) 10.44
(C) 44
(D) 1",B,False,2025-11-05 00:48:32.876,박지윤,0,"How many balls are on the table?
 Options: A: 6, B: 4, C: 5, D: 3",C
943,72,1199,science & technology,biology & chemistry & physics,"Hint: Please answer the question and provide the correct option letter, e.g., A, B, C, D, at the end.
Question: One of the most dramatic videos on the web (but entirely fictitious) supposedly shows a man sliding along a long water slide and then being launched into the air to land in a water pool. Let's attach some reasonable numbers to such a flight to calculate the velocity with which the man would have hit the water. Figure indicates the launch and landing sites and includes a superimposed coordinate system with its origin conveniently located at the launch site. From the video we take the horizontal flight distance as $D=20.0 \mathrm{~m}$, the flight time as $t=2.50 \mathrm{~s}$, and the launch angle as $\theta_0=40.0^{\circ}$. Find the magnitude of the velocity at launch and at landing.
Choices:
(A) 14
(B) 10.44
(C) 44
(D) 1",B,False,2025-11-05 01:48:20.004,박호조,0,"How many balls are on the table?
 Options: A: 6, B: 4, C: 5, D: 3",D
944,72,1199,science & technology,biology & chemistry & physics,"Hint: Please answer the question and provide the correct option letter, e.g., A, B, C, D, at the end.
Question: One of the most dramatic videos on the web (but entirely fictitious) supposedly shows a man sliding along a long water slide and then being launched into the air to land in a water pool. Let's attach some reasonable numbers to such a flight to calculate the velocity with which the man would have hit the water. Figure indicates the launch and landing sites and includes a superimposed coordinate system with its origin conveniently located at the launch site. From the video we take the horizontal flight distance as $D=20.0 \mathrm{~m}$, the flight time as $t=2.50 \mathrm{~s}$, and the launch angle as $\theta_0=40.0^{\circ}$. Find the magnitude of the velocity at launch and at landing.
Choices:
(A) 14
(B) 10.44
(C) 44
(D) 1",B,False,2025-11-10 18:47:19.220,J,0,"How many balls are on the table?
 Options: A: 6, B: 4, C: 5, D: 3",D
945,72,1199,science & technology,biology & chemistry & physics,"Hint: Please answer the question and provide the correct option letter, e.g., A, B, C, D, at the end.
Question: One of the most dramatic videos on the web (but entirely fictitious) supposedly shows a man sliding along a long water slide and then being launched into the air to land in a water pool. Let's attach some reasonable numbers to such a flight to calculate the velocity with which the man would have hit the water. Figure indicates the launch and landing sites and includes a superimposed coordinate system with its origin conveniently located at the launch site. From the video we take the horizontal flight distance as $D=20.0 \mathrm{~m}$, the flight time as $t=2.50 \mathrm{~s}$, and the launch angle as $\theta_0=40.0^{\circ}$. Find the magnitude of the velocity at launch and at landing.
Choices:
(A) 14
(B) 10.44
(C) 44
(D) 1",B,False,2025-11-11 15:27:53.412, KDY,0,"How many balls are on the table?
 Options: A: 6, B: 4, C: 5, D: 3",D
946,72,1199,science & technology,biology & chemistry & physics,"Hint: Please answer the question and provide the correct option letter, e.g., A, B, C, D, at the end.
Question: One of the most dramatic videos on the web (but entirely fictitious) supposedly shows a man sliding along a long water slide and then being launched into the air to land in a water pool. Let's attach some reasonable numbers to such a flight to calculate the velocity with which the man would have hit the water. Figure indicates the launch and landing sites and includes a superimposed coordinate system with its origin conveniently located at the launch site. From the video we take the horizontal flight distance as $D=20.0 \mathrm{~m}$, the flight time as $t=2.50 \mathrm{~s}$, and the launch angle as $\theta_0=40.0^{\circ}$. Find the magnitude of the velocity at launch and at landing.
Choices:
(A) 14
(B) 10.44
(C) 44
(D) 1",B,False,2025-11-11 20:35:43.975,Kathy,0,"How many balls are on the table?
 Options: A: 6, B: 4, C: 5, D: 3",C
947,72,1199,science & technology,biology & chemistry & physics,"Hint: Please answer the question and provide the correct option letter, e.g., A, B, C, D, at the end.
Question: One of the most dramatic videos on the web (but entirely fictitious) supposedly shows a man sliding along a long water slide and then being launched into the air to land in a water pool. Let's attach some reasonable numbers to such a flight to calculate the velocity with which the man would have hit the water. Figure indicates the launch and landing sites and includes a superimposed coordinate system with its origin conveniently located at the launch site. From the video we take the horizontal flight distance as $D=20.0 \mathrm{~m}$, the flight time as $t=2.50 \mathrm{~s}$, and the launch angle as $\theta_0=40.0^{\circ}$. Find the magnitude of the velocity at launch and at landing.
Choices:
(A) 14
(B) 10.44
(C) 44
(D) 1",B,False,2025-11-13 17:20:30.179,JMG,0,"How many balls are on the table?
 Options: A: 6, B: 4, C: 5, D: 3",A
948,72,1199,science & technology,biology & chemistry & physics,"Hint: Please answer the question and provide the correct option letter, e.g., A, B, C, D, at the end.
Question: One of the most dramatic videos on the web (but entirely fictitious) supposedly shows a man sliding along a long water slide and then being launched into the air to land in a water pool. Let's attach some reasonable numbers to such a flight to calculate the velocity with which the man would have hit the water. Figure indicates the launch and landing sites and includes a superimposed coordinate system with its origin conveniently located at the launch site. From the video we take the horizontal flight distance as $D=20.0 \mathrm{~m}$, the flight time as $t=2.50 \mathrm{~s}$, and the launch angle as $\theta_0=40.0^{\circ}$. Find the magnitude of the velocity at launch and at landing.
Choices:
(A) 14
(B) 10.44
(C) 44
(D) 1",B,False,2025-11-14 21:27:23.659,조희승,0,"How many balls are on the table?
 Options: A: 6, B: 4, C: 5, D: 3",C
949,73,788,logical reasoning,common reasoning,"What is the most likely purpose of this poster?
Options: A: To celebrate New Year., B: To celebrate someone's birthday., C: To celebrate Christmas., D: To celebrate National Day.",C,False,2025-11-04 16:37:21.079,Winnie,0,"What color are the man's shoes?
 Options: A: Gray, B: Brown, C: Blue, D: Black",D
950,73,788,logical reasoning,common reasoning,"What is the most likely purpose of this poster?
Options: A: To celebrate New Year., B: To celebrate someone's birthday., C: To celebrate Christmas., D: To celebrate National Day.",C,False,2025-11-04 16:55:47.964,JJH,0,"What color are the man's shoes?
 Options: A: Gray, B: Brown, C: Blue, D: Black",A
951,73,788,logical reasoning,common reasoning,"What is the most likely purpose of this poster?
Options: A: To celebrate New Year., B: To celebrate someone's birthday., C: To celebrate Christmas., D: To celebrate National Day.",C,False,2025-11-04 17:09:00.783,Lee,0,"What color are the man's shoes?
 Options: A: Gray, B: Brown, C: Blue, D: Black",A
952,73,788,logical reasoning,common reasoning,"What is the most likely purpose of this poster?
Options: A: To celebrate New Year., B: To celebrate someone's birthday., C: To celebrate Christmas., D: To celebrate National Day.",C,False,2025-11-04 17:16:55.232,성민석,0,"What color are the man's shoes?
 Options: A: Gray, B: Brown, C: Blue, D: Black",B
953,73,788,logical reasoning,common reasoning,"What is the most likely purpose of this poster?
Options: A: To celebrate New Year., B: To celebrate someone's birthday., C: To celebrate Christmas., D: To celebrate National Day.",C,False,2025-11-04 18:35:45.170,EJ,0,"What color are the man's shoes?
 Options: A: Gray, B: Brown, C: Blue, D: Black",D
954,73,788,logical reasoning,common reasoning,"What is the most likely purpose of this poster?
Options: A: To celebrate New Year., B: To celebrate someone's birthday., C: To celebrate Christmas., D: To celebrate National Day.",C,False,2025-11-04 19:47:12.130,배재형,0,"What color are the man's shoes?
 Options: A: Gray, B: Brown, C: Blue, D: Black",A
955,73,788,logical reasoning,common reasoning,"What is the most likely purpose of this poster?
Options: A: To celebrate New Year., B: To celebrate someone's birthday., C: To celebrate Christmas., D: To celebrate National Day.",C,False,2025-11-05 00:48:32.876,박지윤,0,"What color are the man's shoes?
 Options: A: Gray, B: Brown, C: Blue, D: Black",B
956,73,788,logical reasoning,common reasoning,"What is the most likely purpose of this poster?
Options: A: To celebrate New Year., B: To celebrate someone's birthday., C: To celebrate Christmas., D: To celebrate National Day.",C,False,2025-11-05 01:48:20.004,박호조,0,"What color are the man's shoes?
 Options: A: Gray, B: Brown, C: Blue, D: Black",B
957,73,788,logical reasoning,common reasoning,"What is the most likely purpose of this poster?
Options: A: To celebrate New Year., B: To celebrate someone's birthday., C: To celebrate Christmas., D: To celebrate National Day.",C,False,2025-11-10 18:47:19.220,J,0,"What color are the man's shoes?
 Options: A: Gray, B: Brown, C: Blue, D: Black",B
958,73,788,logical reasoning,common reasoning,"What is the most likely purpose of this poster?
Options: A: To celebrate New Year., B: To celebrate someone's birthday., C: To celebrate Christmas., D: To celebrate National Day.",C,False,2025-11-11 15:27:53.412, KDY,0,"What color are the man's shoes?
 Options: A: Gray, B: Brown, C: Blue, D: Black",D
959,73,788,logical reasoning,common reasoning,"What is the most likely purpose of this poster?
Options: A: To celebrate New Year., B: To celebrate someone's birthday., C: To celebrate Christmas., D: To celebrate National Day.",C,False,2025-11-11 20:35:43.975,Kathy,0,"What color are the man's shoes?
 Options: A: Gray, B: Brown, C: Blue, D: Black",B
960,73,788,logical reasoning,common reasoning,"What is the most likely purpose of this poster?
Options: A: To celebrate New Year., B: To celebrate someone's birthday., C: To celebrate Christmas., D: To celebrate National Day.",C,False,2025-11-13 17:20:30.179,JMG,0,"What color are the man's shoes?
 Options: A: Gray, B: Brown, C: Blue, D: Black",D
961,73,788,logical reasoning,common reasoning,"What is the most likely purpose of this poster?
Options: A: To celebrate New Year., B: To celebrate someone's birthday., C: To celebrate Christmas., D: To celebrate National Day.",C,False,2025-11-14 21:27:23.659,조희승,0,"What color are the man's shoes?
 Options: A: Gray, B: Brown, C: Blue, D: Black",B
962,74,784,logical reasoning,common reasoning,"What is the intended outcome in this image?
Options: A: She will lose leg muscle, B: She will maintain her current leg muscle size, C: She will grow her leg muscle, D: She will undergo surgery to reduce leg muscle",C,True,2025-11-04 16:37:21.079,Winnie,0,"How many women are sitting at the table in the image?
 A: 1, B: 2, C: 4, D: 3",C
963,74,784,logical reasoning,common reasoning,"What is the intended outcome in this image?
Options: A: She will lose leg muscle, B: She will maintain her current leg muscle size, C: She will grow her leg muscle, D: She will undergo surgery to reduce leg muscle",C,False,2025-11-04 16:55:47.964,JJH,0,"How many women are sitting at the table in the image?
 A: 1, B: 2, C: 4, D: 3",D
964,74,784,logical reasoning,common reasoning,"What is the intended outcome in this image?
Options: A: She will lose leg muscle, B: She will maintain her current leg muscle size, C: She will grow her leg muscle, D: She will undergo surgery to reduce leg muscle",C,False,2025-11-04 17:09:00.783,Lee,0,"How many women are sitting at the table in the image?
 A: 1, B: 2, C: 4, D: 3",B
965,74,784,logical reasoning,common reasoning,"What is the intended outcome in this image?
Options: A: She will lose leg muscle, B: She will maintain her current leg muscle size, C: She will grow her leg muscle, D: She will undergo surgery to reduce leg muscle",C,False,2025-11-04 17:16:55.232,성민석,0,"How many women are sitting at the table in the image?
 A: 1, B: 2, C: 4, D: 3",B
966,74,784,logical reasoning,common reasoning,"What is the intended outcome in this image?
Options: A: She will lose leg muscle, B: She will maintain her current leg muscle size, C: She will grow her leg muscle, D: She will undergo surgery to reduce leg muscle",C,False,2025-11-04 18:35:45.170,EJ,0,"How many women are sitting at the table in the image?
 A: 1, B: 2, C: 4, D: 3",D
967,74,784,logical reasoning,common reasoning,"What is the intended outcome in this image?
Options: A: She will lose leg muscle, B: She will maintain her current leg muscle size, C: She will grow her leg muscle, D: She will undergo surgery to reduce leg muscle",C,False,2025-11-04 19:47:12.130,배재형,0,"How many women are sitting at the table in the image?
 A: 1, B: 2, C: 4, D: 3",B
968,74,784,logical reasoning,common reasoning,"What is the intended outcome in this image?
Options: A: She will lose leg muscle, B: She will maintain her current leg muscle size, C: She will grow her leg muscle, D: She will undergo surgery to reduce leg muscle",C,False,2025-11-05 00:48:32.876,박지윤,0,"How many women are sitting at the table in the image?
 A: 1, B: 2, C: 4, D: 3",D
969,74,784,logical reasoning,common reasoning,"What is the intended outcome in this image?
Options: A: She will lose leg muscle, B: She will maintain her current leg muscle size, C: She will grow her leg muscle, D: She will undergo surgery to reduce leg muscle",C,False,2025-11-05 01:48:20.004,박호조,0,"How many women are sitting at the table in the image?
 A: 1, B: 2, C: 4, D: 3",A
970,74,784,logical reasoning,common reasoning,"What is the intended outcome in this image?
Options: A: She will lose leg muscle, B: She will maintain her current leg muscle size, C: She will grow her leg muscle, D: She will undergo surgery to reduce leg muscle",C,True,2025-11-10 18:47:19.220,J,0,"How many women are sitting at the table in the image?
 A: 1, B: 2, C: 4, D: 3",C
971,74,784,logical reasoning,common reasoning,"What is the intended outcome in this image?
Options: A: She will lose leg muscle, B: She will maintain her current leg muscle size, C: She will grow her leg muscle, D: She will undergo surgery to reduce leg muscle",C,False,2025-11-11 15:27:53.412, KDY,0,"How many women are sitting at the table in the image?
 A: 1, B: 2, C: 4, D: 3",A
972,74,784,logical reasoning,common reasoning,"What is the intended outcome in this image?
Options: A: She will lose leg muscle, B: She will maintain her current leg muscle size, C: She will grow her leg muscle, D: She will undergo surgery to reduce leg muscle",C,False,2025-11-11 20:35:43.975,Kathy,0,"How many women are sitting at the table in the image?
 A: 1, B: 2, C: 4, D: 3",B
973,74,784,logical reasoning,common reasoning,"What is the intended outcome in this image?
Options: A: She will lose leg muscle, B: She will maintain her current leg muscle size, C: She will grow her leg muscle, D: She will undergo surgery to reduce leg muscle",C,True,2025-11-13 17:20:30.179,JMG,0,"How many women are sitting at the table in the image?
 A: 1, B: 2, C: 4, D: 3",C
974,74,784,logical reasoning,common reasoning,"What is the intended outcome in this image?
Options: A: She will lose leg muscle, B: She will maintain her current leg muscle size, C: She will grow her leg muscle, D: She will undergo surgery to reduce leg muscle",C,False,2025-11-14 21:27:23.659,조희승,0,"How many women are sitting at the table in the image?
 A: 1, B: 2, C: 4, D: 3",A
975,75,1023,math,geometry,"Hint: Please answer the question and provide the correct option letter, e.g., A, B, C, D, at the end.
Question: 如图，AB是⊙O的直径，C，D两点在⊙O上，∠BCD＝25°，则∠AOD的度数为（）
Choices:
(A) 120°
(B) 125°
(C) 130°
(D) 135°",C,False,2025-11-04 16:37:21.079,Winnie,0,"Is there a person walking in the image?
 Options: A: The image is too blurry to tell, B: No, C: There is more than one person walking, D: Yes",D
976,75,1023,math,geometry,"Hint: Please answer the question and provide the correct option letter, e.g., A, B, C, D, at the end.
Question: 如图，AB是⊙O的直径，C，D两点在⊙O上，∠BCD＝25°，则∠AOD的度数为（）
Choices:
(A) 120°
(B) 125°
(C) 130°
(D) 135°",C,False,2025-11-04 16:55:47.964,JJH,0,"Is there a person walking in the image?
 Options: A: The image is too blurry to tell, B: No, C: There is more than one person walking, D: Yes",D
977,75,1023,math,geometry,"Hint: Please answer the question and provide the correct option letter, e.g., A, B, C, D, at the end.
Question: 如图，AB是⊙O的直径，C，D两点在⊙O上，∠BCD＝25°，则∠AOD的度数为（）
Choices:
(A) 120°
(B) 125°
(C) 130°
(D) 135°",C,False,2025-11-04 17:09:00.783,Lee,0,"Is there a person walking in the image?
 Options: A: The image is too blurry to tell, B: No, C: There is more than one person walking, D: Yes",B
978,75,1023,math,geometry,"Hint: Please answer the question and provide the correct option letter, e.g., A, B, C, D, at the end.
Question: 如图，AB是⊙O的直径，C，D两点在⊙O上，∠BCD＝25°，则∠AOD的度数为（）
Choices:
(A) 120°
(B) 125°
(C) 130°
(D) 135°",C,False,2025-11-04 17:16:55.232,성민석,0,"Is there a person walking in the image?
 Options: A: The image is too blurry to tell, B: No, C: There is more than one person walking, D: Yes",A
979,75,1023,math,geometry,"Hint: Please answer the question and provide the correct option letter, e.g., A, B, C, D, at the end.
Question: 如图，AB是⊙O的直径，C，D两点在⊙O上，∠BCD＝25°，则∠AOD的度数为（）
Choices:
(A) 120°
(B) 125°
(C) 130°
(D) 135°",C,False,2025-11-04 18:35:45.170,EJ,0,"Is there a person walking in the image?
 Options: A: The image is too blurry to tell, B: No, C: There is more than one person walking, D: Yes",B
980,75,1023,math,geometry,"Hint: Please answer the question and provide the correct option letter, e.g., A, B, C, D, at the end.
Question: 如图，AB是⊙O的直径，C，D两点在⊙O上，∠BCD＝25°，则∠AOD的度数为（）
Choices:
(A) 120°
(B) 125°
(C) 130°
(D) 135°",C,True,2025-11-04 19:47:12.130,배재형,0,"Is there a person walking in the image?
 Options: A: The image is too blurry to tell, B: No, C: There is more than one person walking, D: Yes",C
981,75,1023,math,geometry,"Hint: Please answer the question and provide the correct option letter, e.g., A, B, C, D, at the end.
Question: 如图，AB是⊙O的直径，C，D两点在⊙O上，∠BCD＝25°，则∠AOD的度数为（）
Choices:
(A) 120°
(B) 125°
(C) 130°
(D) 135°",C,False,2025-11-05 00:48:32.876,박지윤,0,"Is there a person walking in the image?
 Options: A: The image is too blurry to tell, B: No, C: There is more than one person walking, D: Yes",A
982,75,1023,math,geometry,"Hint: Please answer the question and provide the correct option letter, e.g., A, B, C, D, at the end.
Question: 如图，AB是⊙O的直径，C，D两点在⊙O上，∠BCD＝25°，则∠AOD的度数为（）
Choices:
(A) 120°
(B) 125°
(C) 130°
(D) 135°",C,False,2025-11-05 01:48:20.004,박호조,0,"Is there a person walking in the image?
 Options: A: The image is too blurry to tell, B: No, C: There is more than one person walking, D: Yes",B
983,75,1023,math,geometry,"Hint: Please answer the question and provide the correct option letter, e.g., A, B, C, D, at the end.
Question: 如图，AB是⊙O的直径，C，D两点在⊙O上，∠BCD＝25°，则∠AOD的度数为（）
Choices:
(A) 120°
(B) 125°
(C) 130°
(D) 135°",C,True,2025-11-10 18:47:19.220,J,0,"Is there a person walking in the image?
 Options: A: The image is too blurry to tell, B: No, C: There is more than one person walking, D: Yes",C
984,75,1023,math,geometry,"Hint: Please answer the question and provide the correct option letter, e.g., A, B, C, D, at the end.
Question: 如图，AB是⊙O的直径，C，D两点在⊙O上，∠BCD＝25°，则∠AOD的度数为（）
Choices:
(A) 120°
(B) 125°
(C) 130°
(D) 135°",C,False,2025-11-11 15:27:53.412, KDY,0,"Is there a person walking in the image?
 Options: A: The image is too blurry to tell, B: No, C: There is more than one person walking, D: Yes",D
985,75,1023,math,geometry,"Hint: Please answer the question and provide the correct option letter, e.g., A, B, C, D, at the end.
Question: 如图，AB是⊙O的直径，C，D两点在⊙O上，∠BCD＝25°，则∠AOD的度数为（）
Choices:
(A) 120°
(B) 125°
(C) 130°
(D) 135°",C,False,2025-11-11 20:35:43.975,Kathy,0,"Is there a person walking in the image?
 Options: A: The image is too blurry to tell, B: No, C: There is more than one person walking, D: Yes",B
986,75,1023,math,geometry,"Hint: Please answer the question and provide the correct option letter, e.g., A, B, C, D, at the end.
Question: 如图，AB是⊙O的直径，C，D两点在⊙O上，∠BCD＝25°，则∠AOD的度数为（）
Choices:
(A) 120°
(B) 125°
(C) 130°
(D) 135°",C,True,2025-11-13 17:20:30.179,JMG,0,"Is there a person walking in the image?
 Options: A: The image is too blurry to tell, B: No, C: There is more than one person walking, D: Yes",C
987,75,1023,math,geometry,"Hint: Please answer the question and provide the correct option letter, e.g., A, B, C, D, at the end.
Question: 如图，AB是⊙O的直径，C，D两点在⊙O上，∠BCD＝25°，则∠AOD的度数为（）
Choices:
(A) 120°
(B) 125°
(C) 130°
(D) 135°",C,True,2025-11-14 21:27:23.659,조희승,0,"Is there a person walking in the image?
 Options: A: The image is too blurry to tell, B: No, C: There is more than one person walking, D: Yes",C
988,76,943,math,geometry,"Hint: Please answer the question and provide the correct option letter, e.g., A, B, C, D, at the end.
Question: As shown in the figure, AB is the diameter of ⊙O, point D is on the extended line of AB, passing point D is the tangent of ⊙O, and the tangent point is C, if ∠A = 25.0, then ∠D = ()
Choices:
(A) 25°
(B) 40°
(C) 50°
(D) 65°",B,False,2025-11-04 16:37:21.079,Winnie,0,"How many apples are there in the image? And how many bananas are there?
 Options: A: 4 apples and 2 bananas, B: 3 apples and 3 banana, C: 2 apples and 4 bananas, D: 4 apples and 1 bananas",A
989,76,943,math,geometry,"Hint: Please answer the question and provide the correct option letter, e.g., A, B, C, D, at the end.
Question: As shown in the figure, AB is the diameter of ⊙O, point D is on the extended line of AB, passing point D is the tangent of ⊙O, and the tangent point is C, if ∠A = 25.0, then ∠D = ()
Choices:
(A) 25°
(B) 40°
(C) 50°
(D) 65°",B,False,2025-11-04 16:55:47.964,JJH,0,"How many apples are there in the image? And how many bananas are there?
 Options: A: 4 apples and 2 bananas, B: 3 apples and 3 banana, C: 2 apples and 4 bananas, D: 4 apples and 1 bananas",C
990,76,943,math,geometry,"Hint: Please answer the question and provide the correct option letter, e.g., A, B, C, D, at the end.
Question: As shown in the figure, AB is the diameter of ⊙O, point D is on the extended line of AB, passing point D is the tangent of ⊙O, and the tangent point is C, if ∠A = 25.0, then ∠D = ()
Choices:
(A) 25°
(B) 40°
(C) 50°
(D) 65°",B,True,2025-11-04 17:09:00.783,Lee,0,"How many apples are there in the image? And how many bananas are there?
 Options: A: 4 apples and 2 bananas, B: 3 apples and 3 banana, C: 2 apples and 4 bananas, D: 4 apples and 1 bananas",B
991,76,943,math,geometry,"Hint: Please answer the question and provide the correct option letter, e.g., A, B, C, D, at the end.
Question: As shown in the figure, AB is the diameter of ⊙O, point D is on the extended line of AB, passing point D is the tangent of ⊙O, and the tangent point is C, if ∠A = 25.0, then ∠D = ()
Choices:
(A) 25°
(B) 40°
(C) 50°
(D) 65°",B,True,2025-11-04 17:16:55.232,성민석,0,"How many apples are there in the image? And how many bananas are there?
 Options: A: 4 apples and 2 bananas, B: 3 apples and 3 banana, C: 2 apples and 4 bananas, D: 4 apples and 1 bananas",B
992,76,943,math,geometry,"Hint: Please answer the question and provide the correct option letter, e.g., A, B, C, D, at the end.
Question: As shown in the figure, AB is the diameter of ⊙O, point D is on the extended line of AB, passing point D is the tangent of ⊙O, and the tangent point is C, if ∠A = 25.0, then ∠D = ()
Choices:
(A) 25°
(B) 40°
(C) 50°
(D) 65°",B,True,2025-11-04 18:35:45.170,EJ,0,"How many apples are there in the image? And how many bananas are there?
 Options: A: 4 apples and 2 bananas, B: 3 apples and 3 banana, C: 2 apples and 4 bananas, D: 4 apples and 1 bananas",B
993,76,943,math,geometry,"Hint: Please answer the question and provide the correct option letter, e.g., A, B, C, D, at the end.
Question: As shown in the figure, AB is the diameter of ⊙O, point D is on the extended line of AB, passing point D is the tangent of ⊙O, and the tangent point is C, if ∠A = 25.0, then ∠D = ()
Choices:
(A) 25°
(B) 40°
(C) 50°
(D) 65°",B,False,2025-11-04 19:47:12.130,배재형,0,"How many apples are there in the image? And how many bananas are there?
 Options: A: 4 apples and 2 bananas, B: 3 apples and 3 banana, C: 2 apples and 4 bananas, D: 4 apples and 1 bananas",C
994,76,943,math,geometry,"Hint: Please answer the question and provide the correct option letter, e.g., A, B, C, D, at the end.
Question: As shown in the figure, AB is the diameter of ⊙O, point D is on the extended line of AB, passing point D is the tangent of ⊙O, and the tangent point is C, if ∠A = 25.0, then ∠D = ()
Choices:
(A) 25°
(B) 40°
(C) 50°
(D) 65°",B,True,2025-11-05 00:48:32.876,박지윤,0,"How many apples are there in the image? And how many bananas are there?
 Options: A: 4 apples and 2 bananas, B: 3 apples and 3 banana, C: 2 apples and 4 bananas, D: 4 apples and 1 bananas",B
995,76,943,math,geometry,"Hint: Please answer the question and provide the correct option letter, e.g., A, B, C, D, at the end.
Question: As shown in the figure, AB is the diameter of ⊙O, point D is on the extended line of AB, passing point D is the tangent of ⊙O, and the tangent point is C, if ∠A = 25.0, then ∠D = ()
Choices:
(A) 25°
(B) 40°
(C) 50°
(D) 65°",B,True,2025-11-05 01:48:20.004,박호조,0,"How many apples are there in the image? And how many bananas are there?
 Options: A: 4 apples and 2 bananas, B: 3 apples and 3 banana, C: 2 apples and 4 bananas, D: 4 apples and 1 bananas",B
996,76,943,math,geometry,"Hint: Please answer the question and provide the correct option letter, e.g., A, B, C, D, at the end.
Question: As shown in the figure, AB is the diameter of ⊙O, point D is on the extended line of AB, passing point D is the tangent of ⊙O, and the tangent point is C, if ∠A = 25.0, then ∠D = ()
Choices:
(A) 25°
(B) 40°
(C) 50°
(D) 65°",B,False,2025-11-10 18:47:19.220,J,0,"How many apples are there in the image? And how many bananas are there?
 Options: A: 4 apples and 2 bananas, B: 3 apples and 3 banana, C: 2 apples and 4 bananas, D: 4 apples and 1 bananas",C
997,76,943,math,geometry,"Hint: Please answer the question and provide the correct option letter, e.g., A, B, C, D, at the end.
Question: As shown in the figure, AB is the diameter of ⊙O, point D is on the extended line of AB, passing point D is the tangent of ⊙O, and the tangent point is C, if ∠A = 25.0, then ∠D = ()
Choices:
(A) 25°
(B) 40°
(C) 50°
(D) 65°",B,True,2025-11-11 15:27:53.412, KDY,0,"How many apples are there in the image? And how many bananas are there?
 Options: A: 4 apples and 2 bananas, B: 3 apples and 3 banana, C: 2 apples and 4 bananas, D: 4 apples and 1 bananas",B
998,76,943,math,geometry,"Hint: Please answer the question and provide the correct option letter, e.g., A, B, C, D, at the end.
Question: As shown in the figure, AB is the diameter of ⊙O, point D is on the extended line of AB, passing point D is the tangent of ⊙O, and the tangent point is C, if ∠A = 25.0, then ∠D = ()
Choices:
(A) 25°
(B) 40°
(C) 50°
(D) 65°",B,False,2025-11-11 20:35:43.975,Kathy,0,"How many apples are there in the image? And how many bananas are there?
 Options: A: 4 apples and 2 bananas, B: 3 apples and 3 banana, C: 2 apples and 4 bananas, D: 4 apples and 1 bananas",C
999,76,943,math,geometry,"Hint: Please answer the question and provide the correct option letter, e.g., A, B, C, D, at the end.
Question: As shown in the figure, AB is the diameter of ⊙O, point D is on the extended line of AB, passing point D is the tangent of ⊙O, and the tangent point is C, if ∠A = 25.0, then ∠D = ()
Choices:
(A) 25°
(B) 40°
(C) 50°
(D) 65°",B,False,2025-11-13 17:20:30.179,JMG,0,"How many apples are there in the image? And how many bananas are there?
 Options: A: 4 apples and 2 bananas, B: 3 apples and 3 banana, C: 2 apples and 4 bananas, D: 4 apples and 1 bananas",C
1000,76,943,math,geometry,"Hint: Please answer the question and provide the correct option letter, e.g., A, B, C, D, at the end.
Question: As shown in the figure, AB is the diameter of ⊙O, point D is on the extended line of AB, passing point D is the tangent of ⊙O, and the tangent point is C, if ∠A = 25.0, then ∠D = ()
Choices:
(A) 25°
(B) 40°
(C) 50°
(D) 65°",B,True,2025-11-14 21:27:23.659,조희승,0,"How many apples are there in the image? And how many bananas are there?
 Options: A: 4 apples and 2 bananas, B: 3 apples and 3 banana, C: 2 apples and 4 bananas, D: 4 apples and 1 bananas",B
1001,77,934,math,geometry,"Hint: Please answer the question and provide the correct option letter, e.g., A, B, C, D, at the end.
Question: $a=14, b=48,$ and $c=50$ find $cosA$
Choices:
(A) 0.14
(B) 0.48
(C) 0.50
(D) 0.96",D,True,2025-11-04 16:37:21.079,Winnie,0,"What's the profession of the people in this picture?
 Options: A: trainer, B: chemist, C: musician, D: pianist",D
1002,77,934,math,geometry,"Hint: Please answer the question and provide the correct option letter, e.g., A, B, C, D, at the end.
Question: $a=14, b=48,$ and $c=50$ find $cosA$
Choices:
(A) 0.14
(B) 0.48
(C) 0.50
(D) 0.96",D,False,2025-11-04 16:55:47.964,JJH,0,"What's the profession of the people in this picture?
 Options: A: trainer, B: chemist, C: musician, D: pianist",B
1003,77,934,math,geometry,"Hint: Please answer the question and provide the correct option letter, e.g., A, B, C, D, at the end.
Question: $a=14, b=48,$ and $c=50$ find $cosA$
Choices:
(A) 0.14
(B) 0.48
(C) 0.50
(D) 0.96",D,False,2025-11-04 17:09:00.783,Lee,0,"What's the profession of the people in this picture?
 Options: A: trainer, B: chemist, C: musician, D: pianist",C
1004,77,934,math,geometry,"Hint: Please answer the question and provide the correct option letter, e.g., A, B, C, D, at the end.
Question: $a=14, b=48,$ and $c=50$ find $cosA$
Choices:
(A) 0.14
(B) 0.48
(C) 0.50
(D) 0.96",D,False,2025-11-04 17:16:55.232,성민석,0,"What's the profession of the people in this picture?
 Options: A: trainer, B: chemist, C: musician, D: pianist",A
1005,77,934,math,geometry,"Hint: Please answer the question and provide the correct option letter, e.g., A, B, C, D, at the end.
Question: $a=14, b=48,$ and $c=50$ find $cosA$
Choices:
(A) 0.14
(B) 0.48
(C) 0.50
(D) 0.96",D,False,2025-11-04 18:35:45.170,EJ,0,"What's the profession of the people in this picture?
 Options: A: trainer, B: chemist, C: musician, D: pianist",C
1006,77,934,math,geometry,"Hint: Please answer the question and provide the correct option letter, e.g., A, B, C, D, at the end.
Question: $a=14, b=48,$ and $c=50$ find $cosA$
Choices:
(A) 0.14
(B) 0.48
(C) 0.50
(D) 0.96",D,False,2025-11-04 19:47:12.130,배재형,0,"What's the profession of the people in this picture?
 Options: A: trainer, B: chemist, C: musician, D: pianist",C
1007,77,934,math,geometry,"Hint: Please answer the question and provide the correct option letter, e.g., A, B, C, D, at the end.
Question: $a=14, b=48,$ and $c=50$ find $cosA$
Choices:
(A) 0.14
(B) 0.48
(C) 0.50
(D) 0.96",D,False,2025-11-05 00:48:32.876,박지윤,0,"What's the profession of the people in this picture?
 Options: A: trainer, B: chemist, C: musician, D: pianist",B
1008,77,934,math,geometry,"Hint: Please answer the question and provide the correct option letter, e.g., A, B, C, D, at the end.
Question: $a=14, b=48,$ and $c=50$ find $cosA$
Choices:
(A) 0.14
(B) 0.48
(C) 0.50
(D) 0.96",D,False,2025-11-05 01:48:20.004,박호조,0,"What's the profession of the people in this picture?
 Options: A: trainer, B: chemist, C: musician, D: pianist",A
1009,77,934,math,geometry,"Hint: Please answer the question and provide the correct option letter, e.g., A, B, C, D, at the end.
Question: $a=14, b=48,$ and $c=50$ find $cosA$
Choices:
(A) 0.14
(B) 0.48
(C) 0.50
(D) 0.96",D,False,2025-11-10 18:47:19.220,J,0,"What's the profession of the people in this picture?
 Options: A: trainer, B: chemist, C: musician, D: pianist",C
1010,77,934,math,geometry,"Hint: Please answer the question and provide the correct option letter, e.g., A, B, C, D, at the end.
Question: $a=14, b=48,$ and $c=50$ find $cosA$
Choices:
(A) 0.14
(B) 0.48
(C) 0.50
(D) 0.96",D,True,2025-11-11 15:27:53.412, KDY,0,"What's the profession of the people in this picture?
 Options: A: trainer, B: chemist, C: musician, D: pianist",D
1011,77,934,math,geometry,"Hint: Please answer the question and provide the correct option letter, e.g., A, B, C, D, at the end.
Question: $a=14, b=48,$ and $c=50$ find $cosA$
Choices:
(A) 0.14
(B) 0.48
(C) 0.50
(D) 0.96",D,False,2025-11-11 20:35:43.975,Kathy,0,"What's the profession of the people in this picture?
 Options: A: trainer, B: chemist, C: musician, D: pianist",A
1012,77,934,math,geometry,"Hint: Please answer the question and provide the correct option letter, e.g., A, B, C, D, at the end.
Question: $a=14, b=48,$ and $c=50$ find $cosA$
Choices:
(A) 0.14
(B) 0.48
(C) 0.50
(D) 0.96",D,True,2025-11-13 17:20:30.179,JMG,0,"What's the profession of the people in this picture?
 Options: A: trainer, B: chemist, C: musician, D: pianist",D
1013,77,934,math,geometry,"Hint: Please answer the question and provide the correct option letter, e.g., A, B, C, D, at the end.
Question: $a=14, b=48,$ and $c=50$ find $cosA$
Choices:
(A) 0.14
(B) 0.48
(C) 0.50
(D) 0.96",D,False,2025-11-14 21:27:23.659,조희승,0,"What's the profession of the people in this picture?
 Options: A: trainer, B: chemist, C: musician, D: pianist",C
1014,78,997,math,geometry,"Hint: Please answer the question and provide the correct option letter, e.g., A, B, C, D, at the end.
Question: Line AB is tangent to circle O. If AB = 8 and OB = 10, find the diameter of the circle.
Choices:
(A) 4
(B) 6
(C) 12
(D) 10",C,False,2025-11-04 16:37:21.079,Winnie,0,"What is the occasion depicted in the image?
 Options: A: New Year's Eve celebration, B: Christmas Eve party, C: Birthday celebration, D: Wedding reception",B
1015,78,997,math,geometry,"Hint: Please answer the question and provide the correct option letter, e.g., A, B, C, D, at the end.
Question: Line AB is tangent to circle O. If AB = 8 and OB = 10, find the diameter of the circle.
Choices:
(A) 4
(B) 6
(C) 12
(D) 10",C,False,2025-11-04 16:55:47.964,JJH,0,"What is the occasion depicted in the image?
 Options: A: New Year's Eve celebration, B: Christmas Eve party, C: Birthday celebration, D: Wedding reception",A
1016,78,997,math,geometry,"Hint: Please answer the question and provide the correct option letter, e.g., A, B, C, D, at the end.
Question: Line AB is tangent to circle O. If AB = 8 and OB = 10, find the diameter of the circle.
Choices:
(A) 4
(B) 6
(C) 12
(D) 10",C,False,2025-11-04 17:09:00.783,Lee,0,"What is the occasion depicted in the image?
 Options: A: New Year's Eve celebration, B: Christmas Eve party, C: Birthday celebration, D: Wedding reception",D
1017,78,997,math,geometry,"Hint: Please answer the question and provide the correct option letter, e.g., A, B, C, D, at the end.
Question: Line AB is tangent to circle O. If AB = 8 and OB = 10, find the diameter of the circle.
Choices:
(A) 4
(B) 6
(C) 12
(D) 10",C,True,2025-11-04 17:16:55.232,성민석,0,"What is the occasion depicted in the image?
 Options: A: New Year's Eve celebration, B: Christmas Eve party, C: Birthday celebration, D: Wedding reception",C
1018,78,997,math,geometry,"Hint: Please answer the question and provide the correct option letter, e.g., A, B, C, D, at the end.
Question: Line AB is tangent to circle O. If AB = 8 and OB = 10, find the diameter of the circle.
Choices:
(A) 4
(B) 6
(C) 12
(D) 10",C,False,2025-11-04 18:35:45.170,EJ,0,"What is the occasion depicted in the image?
 Options: A: New Year's Eve celebration, B: Christmas Eve party, C: Birthday celebration, D: Wedding reception",B
1019,78,997,math,geometry,"Hint: Please answer the question and provide the correct option letter, e.g., A, B, C, D, at the end.
Question: Line AB is tangent to circle O. If AB = 8 and OB = 10, find the diameter of the circle.
Choices:
(A) 4
(B) 6
(C) 12
(D) 10",C,False,2025-11-04 19:47:12.130,배재형,0,"What is the occasion depicted in the image?
 Options: A: New Year's Eve celebration, B: Christmas Eve party, C: Birthday celebration, D: Wedding reception",B
1020,78,997,math,geometry,"Hint: Please answer the question and provide the correct option letter, e.g., A, B, C, D, at the end.
Question: Line AB is tangent to circle O. If AB = 8 and OB = 10, find the diameter of the circle.
Choices:
(A) 4
(B) 6
(C) 12
(D) 10",C,True,2025-11-05 00:48:32.876,박지윤,0,"What is the occasion depicted in the image?
 Options: A: New Year's Eve celebration, B: Christmas Eve party, C: Birthday celebration, D: Wedding reception",C
1021,78,997,math,geometry,"Hint: Please answer the question and provide the correct option letter, e.g., A, B, C, D, at the end.
Question: Line AB is tangent to circle O. If AB = 8 and OB = 10, find the diameter of the circle.
Choices:
(A) 4
(B) 6
(C) 12
(D) 10",C,True,2025-11-05 01:48:20.004,박호조,0,"What is the occasion depicted in the image?
 Options: A: New Year's Eve celebration, B: Christmas Eve party, C: Birthday celebration, D: Wedding reception",C
1022,78,997,math,geometry,"Hint: Please answer the question and provide the correct option letter, e.g., A, B, C, D, at the end.
Question: Line AB is tangent to circle O. If AB = 8 and OB = 10, find the diameter of the circle.
Choices:
(A) 4
(B) 6
(C) 12
(D) 10",C,False,2025-11-10 18:47:19.220,J,0,"What is the occasion depicted in the image?
 Options: A: New Year's Eve celebration, B: Christmas Eve party, C: Birthday celebration, D: Wedding reception",B
1023,78,997,math,geometry,"Hint: Please answer the question and provide the correct option letter, e.g., A, B, C, D, at the end.
Question: Line AB is tangent to circle O. If AB = 8 and OB = 10, find the diameter of the circle.
Choices:
(A) 4
(B) 6
(C) 12
(D) 10",C,False,2025-11-11 15:27:53.412, KDY,0,"What is the occasion depicted in the image?
 Options: A: New Year's Eve celebration, B: Christmas Eve party, C: Birthday celebration, D: Wedding reception",B
1024,78,997,math,geometry,"Hint: Please answer the question and provide the correct option letter, e.g., A, B, C, D, at the end.
Question: Line AB is tangent to circle O. If AB = 8 and OB = 10, find the diameter of the circle.
Choices:
(A) 4
(B) 6
(C) 12
(D) 10",C,False,2025-11-11 20:35:43.975,Kathy,0,"What is the occasion depicted in the image?
 Options: A: New Year's Eve celebration, B: Christmas Eve party, C: Birthday celebration, D: Wedding reception",B
1025,78,997,math,geometry,"Hint: Please answer the question and provide the correct option letter, e.g., A, B, C, D, at the end.
Question: Line AB is tangent to circle O. If AB = 8 and OB = 10, find the diameter of the circle.
Choices:
(A) 4
(B) 6
(C) 12
(D) 10",C,False,2025-11-13 17:20:30.179,JMG,0,"What is the occasion depicted in the image?
 Options: A: New Year's Eve celebration, B: Christmas Eve party, C: Birthday celebration, D: Wedding reception",D
1026,78,997,math,geometry,"Hint: Please answer the question and provide the correct option letter, e.g., A, B, C, D, at the end.
Question: Line AB is tangent to circle O. If AB = 8 and OB = 10, find the diameter of the circle.
Choices:
(A) 4
(B) 6
(C) 12
(D) 10",C,False,2025-11-14 21:27:23.659,조희승,0,"What is the occasion depicted in the image?
 Options: A: New Year's Eve celebration, B: Christmas Eve party, C: Birthday celebration, D: Wedding reception",D
1027,79,761,logical reasoning,common reasoning,"Hint: Please answer the question and provide the correct option letter, e.g., A, B, C, D, at the end.
Question: Which picture has the least leaves?
Choices:
(A) Both
(B) Compound
(C) Simple
(D) Neither",C,False,2025-11-04 16:37:21.079,Winnie,0,"What is the color of the shirt worn by the baseball player standing on the right side of the image?
 Options: A: Blue, B: White, C: Black, D: Gray",B
1028,79,761,logical reasoning,common reasoning,"Hint: Please answer the question and provide the correct option letter, e.g., A, B, C, D, at the end.
Question: Which picture has the least leaves?
Choices:
(A) Both
(B) Compound
(C) Simple
(D) Neither",C,True,2025-11-04 16:55:47.964,JJH,0,"What is the color of the shirt worn by the baseball player standing on the right side of the image?
 Options: A: Blue, B: White, C: Black, D: Gray",C
1029,79,761,logical reasoning,common reasoning,"Hint: Please answer the question and provide the correct option letter, e.g., A, B, C, D, at the end.
Question: Which picture has the least leaves?
Choices:
(A) Both
(B) Compound
(C) Simple
(D) Neither",C,False,2025-11-04 17:09:00.783,Lee,0,"What is the color of the shirt worn by the baseball player standing on the right side of the image?
 Options: A: Blue, B: White, C: Black, D: Gray",D
1030,79,761,logical reasoning,common reasoning,"Hint: Please answer the question and provide the correct option letter, e.g., A, B, C, D, at the end.
Question: Which picture has the least leaves?
Choices:
(A) Both
(B) Compound
(C) Simple
(D) Neither",C,False,2025-11-04 17:16:55.232,성민석,0,"What is the color of the shirt worn by the baseball player standing on the right side of the image?
 Options: A: Blue, B: White, C: Black, D: Gray",B
1031,79,761,logical reasoning,common reasoning,"Hint: Please answer the question and provide the correct option letter, e.g., A, B, C, D, at the end.
Question: Which picture has the least leaves?
Choices:
(A) Both
(B) Compound
(C) Simple
(D) Neither",C,False,2025-11-04 18:35:45.170,EJ,0,"What is the color of the shirt worn by the baseball player standing on the right side of the image?
 Options: A: Blue, B: White, C: Black, D: Gray",B
1032,79,761,logical reasoning,common reasoning,"Hint: Please answer the question and provide the correct option letter, e.g., A, B, C, D, at the end.
Question: Which picture has the least leaves?
Choices:
(A) Both
(B) Compound
(C) Simple
(D) Neither",C,False,2025-11-04 19:47:12.130,배재형,0,"What is the color of the shirt worn by the baseball player standing on the right side of the image?
 Options: A: Blue, B: White, C: Black, D: Gray",D
1033,79,761,logical reasoning,common reasoning,"Hint: Please answer the question and provide the correct option letter, e.g., A, B, C, D, at the end.
Question: Which picture has the least leaves?
Choices:
(A) Both
(B) Compound
(C) Simple
(D) Neither",C,False,2025-11-05 00:48:32.876,박지윤,0,"What is the color of the shirt worn by the baseball player standing on the right side of the image?
 Options: A: Blue, B: White, C: Black, D: Gray",B
1034,79,761,logical reasoning,common reasoning,"Hint: Please answer the question and provide the correct option letter, e.g., A, B, C, D, at the end.
Question: Which picture has the least leaves?
Choices:
(A) Both
(B) Compound
(C) Simple
(D) Neither",C,False,2025-11-05 01:48:20.004,박호조,0,"What is the color of the shirt worn by the baseball player standing on the right side of the image?
 Options: A: Blue, B: White, C: Black, D: Gray",D
1035,79,761,logical reasoning,common reasoning,"Hint: Please answer the question and provide the correct option letter, e.g., A, B, C, D, at the end.
Question: Which picture has the least leaves?
Choices:
(A) Both
(B) Compound
(C) Simple
(D) Neither",C,False,2025-11-10 18:47:19.220,J,0,"What is the color of the shirt worn by the baseball player standing on the right side of the image?
 Options: A: Blue, B: White, C: Black, D: Gray",A
1036,79,761,logical reasoning,common reasoning,"Hint: Please answer the question and provide the correct option letter, e.g., A, B, C, D, at the end.
Question: Which picture has the least leaves?
Choices:
(A) Both
(B) Compound
(C) Simple
(D) Neither",C,False,2025-11-11 15:27:53.412, KDY,0,"What is the color of the shirt worn by the baseball player standing on the right side of the image?
 Options: A: Blue, B: White, C: Black, D: Gray",A
1037,79,761,logical reasoning,common reasoning,"Hint: Please answer the question and provide the correct option letter, e.g., A, B, C, D, at the end.
Question: Which picture has the least leaves?
Choices:
(A) Both
(B) Compound
(C) Simple
(D) Neither",C,False,2025-11-11 20:35:43.975,Kathy,0,"What is the color of the shirt worn by the baseball player standing on the right side of the image?
 Options: A: Blue, B: White, C: Black, D: Gray",D
1038,79,761,logical reasoning,common reasoning,"Hint: Please answer the question and provide the correct option letter, e.g., A, B, C, D, at the end.
Question: Which picture has the least leaves?
Choices:
(A) Both
(B) Compound
(C) Simple
(D) Neither",C,False,2025-11-13 17:20:30.179,JMG,0,"What is the color of the shirt worn by the baseball player standing on the right side of the image?
 Options: A: Blue, B: White, C: Black, D: Gray",A
1039,79,761,logical reasoning,common reasoning,"Hint: Please answer the question and provide the correct option letter, e.g., A, B, C, D, at the end.
Question: Which picture has the least leaves?
Choices:
(A) Both
(B) Compound
(C) Simple
(D) Neither",C,False,2025-11-14 21:27:23.659,조희승,0,"What is the color of the shirt worn by the baseball player standing on the right side of the image?
 Options: A: Blue, B: White, C: Black, D: Gray",B
1040,80,1260,science & technology,biology & chemistry & physics,"What is the oxygen represented by in the diagram?
Options: A: D, B: C, C: B, D: none of the above",B,False,2025-11-04 16:37:21.079,Winnie,0,"What is the predominant feature of the forest in the image?
 Options: A: The ground is dry and covered in brown dirt, B: The trees are all tall and bare with no leaves, C: The trees are covered in green ivy and climbing vines, D: The bark on the trees is white and peeling",C
1041,80,1260,science & technology,biology & chemistry & physics,"What is the oxygen represented by in the diagram?
Options: A: D, B: C, C: B, D: none of the above",B,False,2025-11-04 16:55:47.964,JJH,0,"What is the predominant feature of the forest in the image?
 Options: A: The ground is dry and covered in brown dirt, B: The trees are all tall and bare with no leaves, C: The trees are covered in green ivy and climbing vines, D: The bark on the trees is white and peeling",C
1042,80,1260,science & technology,biology & chemistry & physics,"What is the oxygen represented by in the diagram?
Options: A: D, B: C, C: B, D: none of the above",B,True,2025-11-04 17:09:00.783,Lee,0,"What is the predominant feature of the forest in the image?
 Options: A: The ground is dry and covered in brown dirt, B: The trees are all tall and bare with no leaves, C: The trees are covered in green ivy and climbing vines, D: The bark on the trees is white and peeling",B
1043,80,1260,science & technology,biology & chemistry & physics,"What is the oxygen represented by in the diagram?
Options: A: D, B: C, C: B, D: none of the above",B,True,2025-11-04 17:16:55.232,성민석,0,"What is the predominant feature of the forest in the image?
 Options: A: The ground is dry and covered in brown dirt, B: The trees are all tall and bare with no leaves, C: The trees are covered in green ivy and climbing vines, D: The bark on the trees is white and peeling",B
1044,80,1260,science & technology,biology & chemistry & physics,"What is the oxygen represented by in the diagram?
Options: A: D, B: C, C: B, D: none of the above",B,False,2025-11-04 18:35:45.170,EJ,0,"What is the predominant feature of the forest in the image?
 Options: A: The ground is dry and covered in brown dirt, B: The trees are all tall and bare with no leaves, C: The trees are covered in green ivy and climbing vines, D: The bark on the trees is white and peeling",C
1045,80,1260,science & technology,biology & chemistry & physics,"What is the oxygen represented by in the diagram?
Options: A: D, B: C, C: B, D: none of the above",B,False,2025-11-04 19:47:12.130,배재형,0,"What is the predominant feature of the forest in the image?
 Options: A: The ground is dry and covered in brown dirt, B: The trees are all tall and bare with no leaves, C: The trees are covered in green ivy and climbing vines, D: The bark on the trees is white and peeling",C
1046,80,1260,science & technology,biology & chemistry & physics,"What is the oxygen represented by in the diagram?
Options: A: D, B: C, C: B, D: none of the above",B,False,2025-11-05 00:48:32.876,박지윤,0,"What is the predominant feature of the forest in the image?
 Options: A: The ground is dry and covered in brown dirt, B: The trees are all tall and bare with no leaves, C: The trees are covered in green ivy and climbing vines, D: The bark on the trees is white and peeling",C
1047,80,1260,science & technology,biology & chemistry & physics,"What is the oxygen represented by in the diagram?
Options: A: D, B: C, C: B, D: none of the above",B,False,2025-11-05 01:48:20.004,박호조,0,"What is the predominant feature of the forest in the image?
 Options: A: The ground is dry and covered in brown dirt, B: The trees are all tall and bare with no leaves, C: The trees are covered in green ivy and climbing vines, D: The bark on the trees is white and peeling",A
1048,80,1260,science & technology,biology & chemistry & physics,"What is the oxygen represented by in the diagram?
Options: A: D, B: C, C: B, D: none of the above",B,False,2025-11-10 18:47:19.220,J,0,"What is the predominant feature of the forest in the image?
 Options: A: The ground is dry and covered in brown dirt, B: The trees are all tall and bare with no leaves, C: The trees are covered in green ivy and climbing vines, D: The bark on the trees is white and peeling",A
1049,80,1260,science & technology,biology & chemistry & physics,"What is the oxygen represented by in the diagram?
Options: A: D, B: C, C: B, D: none of the above",B,False,2025-11-11 15:27:53.412, KDY,0,"What is the predominant feature of the forest in the image?
 Options: A: The ground is dry and covered in brown dirt, B: The trees are all tall and bare with no leaves, C: The trees are covered in green ivy and climbing vines, D: The bark on the trees is white and peeling",A
1050,80,1260,science & technology,biology & chemistry & physics,"What is the oxygen represented by in the diagram?
Options: A: D, B: C, C: B, D: none of the above",B,False,2025-11-11 20:35:43.975,Kathy,0,"What is the predominant feature of the forest in the image?
 Options: A: The ground is dry and covered in brown dirt, B: The trees are all tall and bare with no leaves, C: The trees are covered in green ivy and climbing vines, D: The bark on the trees is white and peeling",C
1051,80,1260,science & technology,biology & chemistry & physics,"What is the oxygen represented by in the diagram?
Options: A: D, B: C, C: B, D: none of the above",B,False,2025-11-13 17:20:30.179,JMG,0,"What is the predominant feature of the forest in the image?
 Options: A: The ground is dry and covered in brown dirt, B: The trees are all tall and bare with no leaves, C: The trees are covered in green ivy and climbing vines, D: The bark on the trees is white and peeling",A
1052,80,1260,science & technology,biology & chemistry & physics,"What is the oxygen represented by in the diagram?
Options: A: D, B: C, C: B, D: none of the above",B,False,2025-11-14 21:27:23.659,조희승,0,"What is the predominant feature of the forest in the image?
 Options: A: The ground is dry and covered in brown dirt, B: The trees are all tall and bare with no leaves, C: The trees are covered in green ivy and climbing vines, D: The bark on the trees is white and peeling",C
1053,81,865,logical reasoning,diagram reasoning,"Hint: Please answer the question and provide the correct option letter, e.g., A, B, C, D, at the end.
Question: What is the value of the largest bar?
Choices:
(A) 1000
(B) 10000
(C) 100
(D) 100000",B,False,2025-11-04 16:37:21.079,Winnie,0,"What is the relative position of the man and the child in this image?
 Options: A: The man and the child are out of frame, B: The man is standing next to the child, C: The man is holding the child, D: The man is standing apart from the child",C
1054,81,865,logical reasoning,diagram reasoning,"Hint: Please answer the question and provide the correct option letter, e.g., A, B, C, D, at the end.
Question: What is the value of the largest bar?
Choices:
(A) 1000
(B) 10000
(C) 100
(D) 100000",B,False,2025-11-04 16:55:47.964,JJH,0,"What is the relative position of the man and the child in this image?
 Options: A: The man and the child are out of frame, B: The man is standing next to the child, C: The man is holding the child, D: The man is standing apart from the child",C
1055,81,865,logical reasoning,diagram reasoning,"Hint: Please answer the question and provide the correct option letter, e.g., A, B, C, D, at the end.
Question: What is the value of the largest bar?
Choices:
(A) 1000
(B) 10000
(C) 100
(D) 100000",B,True,2025-11-04 17:09:00.783,Lee,0,"What is the relative position of the man and the child in this image?
 Options: A: The man and the child are out of frame, B: The man is standing next to the child, C: The man is holding the child, D: The man is standing apart from the child",B
1056,81,865,logical reasoning,diagram reasoning,"Hint: Please answer the question and provide the correct option letter, e.g., A, B, C, D, at the end.
Question: What is the value of the largest bar?
Choices:
(A) 1000
(B) 10000
(C) 100
(D) 100000",B,False,2025-11-04 17:16:55.232,성민석,0,"What is the relative position of the man and the child in this image?
 Options: A: The man and the child are out of frame, B: The man is standing next to the child, C: The man is holding the child, D: The man is standing apart from the child",C
1057,81,865,logical reasoning,diagram reasoning,"Hint: Please answer the question and provide the correct option letter, e.g., A, B, C, D, at the end.
Question: What is the value of the largest bar?
Choices:
(A) 1000
(B) 10000
(C) 100
(D) 100000",B,False,2025-11-04 18:35:45.170,EJ,0,"What is the relative position of the man and the child in this image?
 Options: A: The man and the child are out of frame, B: The man is standing next to the child, C: The man is holding the child, D: The man is standing apart from the child",C
1058,81,865,logical reasoning,diagram reasoning,"Hint: Please answer the question and provide the correct option letter, e.g., A, B, C, D, at the end.
Question: What is the value of the largest bar?
Choices:
(A) 1000
(B) 10000
(C) 100
(D) 100000",B,True,2025-11-04 19:47:12.130,배재형,0,"What is the relative position of the man and the child in this image?
 Options: A: The man and the child are out of frame, B: The man is standing next to the child, C: The man is holding the child, D: The man is standing apart from the child",B
1059,81,865,logical reasoning,diagram reasoning,"Hint: Please answer the question and provide the correct option letter, e.g., A, B, C, D, at the end.
Question: What is the value of the largest bar?
Choices:
(A) 1000
(B) 10000
(C) 100
(D) 100000",B,False,2025-11-05 00:48:32.876,박지윤,0,"What is the relative position of the man and the child in this image?
 Options: A: The man and the child are out of frame, B: The man is standing next to the child, C: The man is holding the child, D: The man is standing apart from the child",C
1060,81,865,logical reasoning,diagram reasoning,"Hint: Please answer the question and provide the correct option letter, e.g., A, B, C, D, at the end.
Question: What is the value of the largest bar?
Choices:
(A) 1000
(B) 10000
(C) 100
(D) 100000",B,False,2025-11-05 01:48:20.004,박호조,0,"What is the relative position of the man and the child in this image?
 Options: A: The man and the child are out of frame, B: The man is standing next to the child, C: The man is holding the child, D: The man is standing apart from the child",C
1061,81,865,logical reasoning,diagram reasoning,"Hint: Please answer the question and provide the correct option letter, e.g., A, B, C, D, at the end.
Question: What is the value of the largest bar?
Choices:
(A) 1000
(B) 10000
(C) 100
(D) 100000",B,False,2025-11-10 18:47:19.220,J,0,"What is the relative position of the man and the child in this image?
 Options: A: The man and the child are out of frame, B: The man is standing next to the child, C: The man is holding the child, D: The man is standing apart from the child",C
1062,81,865,logical reasoning,diagram reasoning,"Hint: Please answer the question and provide the correct option letter, e.g., A, B, C, D, at the end.
Question: What is the value of the largest bar?
Choices:
(A) 1000
(B) 10000
(C) 100
(D) 100000",B,False,2025-11-11 15:27:53.412, KDY,0,"What is the relative position of the man and the child in this image?
 Options: A: The man and the child are out of frame, B: The man is standing next to the child, C: The man is holding the child, D: The man is standing apart from the child",C
1063,81,865,logical reasoning,diagram reasoning,"Hint: Please answer the question and provide the correct option letter, e.g., A, B, C, D, at the end.
Question: What is the value of the largest bar?
Choices:
(A) 1000
(B) 10000
(C) 100
(D) 100000",B,False,2025-11-11 20:35:43.975,Kathy,0,"What is the relative position of the man and the child in this image?
 Options: A: The man and the child are out of frame, B: The man is standing next to the child, C: The man is holding the child, D: The man is standing apart from the child",C
1064,81,865,logical reasoning,diagram reasoning,"Hint: Please answer the question and provide the correct option letter, e.g., A, B, C, D, at the end.
Question: What is the value of the largest bar?
Choices:
(A) 1000
(B) 10000
(C) 100
(D) 100000",B,False,2025-11-13 17:20:30.179,JMG,0,"What is the relative position of the man and the child in this image?
 Options: A: The man and the child are out of frame, B: The man is standing next to the child, C: The man is holding the child, D: The man is standing apart from the child",C
1065,81,865,logical reasoning,diagram reasoning,"Hint: Please answer the question and provide the correct option letter, e.g., A, B, C, D, at the end.
Question: What is the value of the largest bar?
Choices:
(A) 1000
(B) 10000
(C) 100
(D) 100000",B,True,2025-11-14 21:27:23.659,조희승,0,"What is the relative position of the man and the child in this image?
 Options: A: The man and the child are out of frame, B: The man is standing next to the child, C: The man is holding the child, D: The man is standing apart from the child",B
1066,82,832,logical reasoning,diagram reasoning,"Hint: Please answer the question and provide the correct option letter, e.g., A, B, C, D, at the end.
Question: How many bars have value below 40?
Choices:
(A) 5
(B) 3
(C) 2
(D) 4",B,False,2025-11-04 16:37:21.079,Winnie,0,"Which of the following captions best describes this image?
 Options: A: A group of people sitting around a campfire, B: A person kayaking on a lake, C: A family having a picnic in a park, D: A person hiking on a mountain trail",D
1067,82,832,logical reasoning,diagram reasoning,"Hint: Please answer the question and provide the correct option letter, e.g., A, B, C, D, at the end.
Question: How many bars have value below 40?
Choices:
(A) 5
(B) 3
(C) 2
(D) 4",B,False,2025-11-04 16:55:47.964,JJH,0,"Which of the following captions best describes this image?
 Options: A: A group of people sitting around a campfire, B: A person kayaking on a lake, C: A family having a picnic in a park, D: A person hiking on a mountain trail",D
1068,82,832,logical reasoning,diagram reasoning,"Hint: Please answer the question and provide the correct option letter, e.g., A, B, C, D, at the end.
Question: How many bars have value below 40?
Choices:
(A) 5
(B) 3
(C) 2
(D) 4",B,False,2025-11-04 17:09:00.783,Lee,0,"Which of the following captions best describes this image?
 Options: A: A group of people sitting around a campfire, B: A person kayaking on a lake, C: A family having a picnic in a park, D: A person hiking on a mountain trail",C
1069,82,832,logical reasoning,diagram reasoning,"Hint: Please answer the question and provide the correct option letter, e.g., A, B, C, D, at the end.
Question: How many bars have value below 40?
Choices:
(A) 5
(B) 3
(C) 2
(D) 4",B,False,2025-11-04 17:16:55.232,성민석,0,"Which of the following captions best describes this image?
 Options: A: A group of people sitting around a campfire, B: A person kayaking on a lake, C: A family having a picnic in a park, D: A person hiking on a mountain trail",D
1070,82,832,logical reasoning,diagram reasoning,"Hint: Please answer the question and provide the correct option letter, e.g., A, B, C, D, at the end.
Question: How many bars have value below 40?
Choices:
(A) 5
(B) 3
(C) 2
(D) 4",B,False,2025-11-04 18:35:45.170,EJ,0,"Which of the following captions best describes this image?
 Options: A: A group of people sitting around a campfire, B: A person kayaking on a lake, C: A family having a picnic in a park, D: A person hiking on a mountain trail",C
1071,82,832,logical reasoning,diagram reasoning,"Hint: Please answer the question and provide the correct option letter, e.g., A, B, C, D, at the end.
Question: How many bars have value below 40?
Choices:
(A) 5
(B) 3
(C) 2
(D) 4",B,False,2025-11-04 19:47:12.130,배재형,0,"Which of the following captions best describes this image?
 Options: A: A group of people sitting around a campfire, B: A person kayaking on a lake, C: A family having a picnic in a park, D: A person hiking on a mountain trail",D
1072,82,832,logical reasoning,diagram reasoning,"Hint: Please answer the question and provide the correct option letter, e.g., A, B, C, D, at the end.
Question: How many bars have value below 40?
Choices:
(A) 5
(B) 3
(C) 2
(D) 4",B,True,2025-11-05 00:48:32.876,박지윤,0,"Which of the following captions best describes this image?
 Options: A: A group of people sitting around a campfire, B: A person kayaking on a lake, C: A family having a picnic in a park, D: A person hiking on a mountain trail",B
1073,82,832,logical reasoning,diagram reasoning,"Hint: Please answer the question and provide the correct option letter, e.g., A, B, C, D, at the end.
Question: How many bars have value below 40?
Choices:
(A) 5
(B) 3
(C) 2
(D) 4",B,True,2025-11-05 01:48:20.004,박호조,0,"Which of the following captions best describes this image?
 Options: A: A group of people sitting around a campfire, B: A person kayaking on a lake, C: A family having a picnic in a park, D: A person hiking on a mountain trail",B
1074,82,832,logical reasoning,diagram reasoning,"Hint: Please answer the question and provide the correct option letter, e.g., A, B, C, D, at the end.
Question: How many bars have value below 40?
Choices:
(A) 5
(B) 3
(C) 2
(D) 4",B,False,2025-11-10 18:47:19.220,J,0,"Which of the following captions best describes this image?
 Options: A: A group of people sitting around a campfire, B: A person kayaking on a lake, C: A family having a picnic in a park, D: A person hiking on a mountain trail",C
1075,82,832,logical reasoning,diagram reasoning,"Hint: Please answer the question and provide the correct option letter, e.g., A, B, C, D, at the end.
Question: How many bars have value below 40?
Choices:
(A) 5
(B) 3
(C) 2
(D) 4",B,False,2025-11-11 15:27:53.412, KDY,0,"Which of the following captions best describes this image?
 Options: A: A group of people sitting around a campfire, B: A person kayaking on a lake, C: A family having a picnic in a park, D: A person hiking on a mountain trail",A
1076,82,832,logical reasoning,diagram reasoning,"Hint: Please answer the question and provide the correct option letter, e.g., A, B, C, D, at the end.
Question: How many bars have value below 40?
Choices:
(A) 5
(B) 3
(C) 2
(D) 4",B,True,2025-11-11 20:35:43.975,Kathy,0,"Which of the following captions best describes this image?
 Options: A: A group of people sitting around a campfire, B: A person kayaking on a lake, C: A family having a picnic in a park, D: A person hiking on a mountain trail",B
1077,82,832,logical reasoning,diagram reasoning,"Hint: Please answer the question and provide the correct option letter, e.g., A, B, C, D, at the end.
Question: How many bars have value below 40?
Choices:
(A) 5
(B) 3
(C) 2
(D) 4",B,False,2025-11-13 17:20:30.179,JMG,0,"Which of the following captions best describes this image?
 Options: A: A group of people sitting around a campfire, B: A person kayaking on a lake, C: A family having a picnic in a park, D: A person hiking on a mountain trail",A
1078,82,832,logical reasoning,diagram reasoning,"Hint: Please answer the question and provide the correct option letter, e.g., A, B, C, D, at the end.
Question: How many bars have value below 40?
Choices:
(A) 5
(B) 3
(C) 2
(D) 4",B,False,2025-11-14 21:27:23.659,조희승,0,"Which of the following captions best describes this image?
 Options: A: A group of people sitting around a campfire, B: A person kayaking on a lake, C: A family having a picnic in a park, D: A person hiking on a mountain trail",C
1079,83,1024,math,geometry,"Hint: Please answer the question and provide the correct option letter, e.g., A, B, C, D, at the end.
Question: 如图，AB是⊙O的直径，EF，EB是⊙O的弦，点E是FEB的中点，EF与AB交于点C，连接OF，若∠AOF＝40°，则∠F的度数是（）
Choices:
(A) 20°
(B) 35°
(C) 40°
(D) 55°",B,False,2025-11-04 16:37:21.079,Winnie,0,"What is the color of the watch worn by a person in the image?
 Options: A: White, B: Black, C: Silver, D: Gold",C
1080,83,1024,math,geometry,"Hint: Please answer the question and provide the correct option letter, e.g., A, B, C, D, at the end.
Question: 如图，AB是⊙O的直径，EF，EB是⊙O的弦，点E是FEB的中点，EF与AB交于点C，连接OF，若∠AOF＝40°，则∠F的度数是（）
Choices:
(A) 20°
(B) 35°
(C) 40°
(D) 55°",B,False,2025-11-04 16:55:47.964,JJH,0,"What is the color of the watch worn by a person in the image?
 Options: A: White, B: Black, C: Silver, D: Gold",C
1081,83,1024,math,geometry,"Hint: Please answer the question and provide the correct option letter, e.g., A, B, C, D, at the end.
Question: 如图，AB是⊙O的直径，EF，EB是⊙O的弦，点E是FEB的中点，EF与AB交于点C，连接OF，若∠AOF＝40°，则∠F的度数是（）
Choices:
(A) 20°
(B) 35°
(C) 40°
(D) 55°",B,False,2025-11-04 17:09:00.783,Lee,0,"What is the color of the watch worn by a person in the image?
 Options: A: White, B: Black, C: Silver, D: Gold",A
1082,83,1024,math,geometry,"Hint: Please answer the question and provide the correct option letter, e.g., A, B, C, D, at the end.
Question: 如图，AB是⊙O的直径，EF，EB是⊙O的弦，点E是FEB的中点，EF与AB交于点C，连接OF，若∠AOF＝40°，则∠F的度数是（）
Choices:
(A) 20°
(B) 35°
(C) 40°
(D) 55°",B,False,2025-11-04 17:16:55.232,성민석,0,"What is the color of the watch worn by a person in the image?
 Options: A: White, B: Black, C: Silver, D: Gold",D
1083,83,1024,math,geometry,"Hint: Please answer the question and provide the correct option letter, e.g., A, B, C, D, at the end.
Question: 如图，AB是⊙O的直径，EF，EB是⊙O的弦，点E是FEB的中点，EF与AB交于点C，连接OF，若∠AOF＝40°，则∠F的度数是（）
Choices:
(A) 20°
(B) 35°
(C) 40°
(D) 55°",B,False,2025-11-04 18:35:45.170,EJ,0,"What is the color of the watch worn by a person in the image?
 Options: A: White, B: Black, C: Silver, D: Gold",C
1084,83,1024,math,geometry,"Hint: Please answer the question and provide the correct option letter, e.g., A, B, C, D, at the end.
Question: 如图，AB是⊙O的直径，EF，EB是⊙O的弦，点E是FEB的中点，EF与AB交于点C，连接OF，若∠AOF＝40°，则∠F的度数是（）
Choices:
(A) 20°
(B) 35°
(C) 40°
(D) 55°",B,False,2025-11-04 19:47:12.130,배재형,0,"What is the color of the watch worn by a person in the image?
 Options: A: White, B: Black, C: Silver, D: Gold",C
1085,83,1024,math,geometry,"Hint: Please answer the question and provide the correct option letter, e.g., A, B, C, D, at the end.
Question: 如图，AB是⊙O的直径，EF，EB是⊙O的弦，点E是FEB的中点，EF与AB交于点C，连接OF，若∠AOF＝40°，则∠F的度数是（）
Choices:
(A) 20°
(B) 35°
(C) 40°
(D) 55°",B,False,2025-11-05 00:48:32.876,박지윤,0,"What is the color of the watch worn by a person in the image?
 Options: A: White, B: Black, C: Silver, D: Gold",D
1086,83,1024,math,geometry,"Hint: Please answer the question and provide the correct option letter, e.g., A, B, C, D, at the end.
Question: 如图，AB是⊙O的直径，EF，EB是⊙O的弦，点E是FEB的中点，EF与AB交于点C，连接OF，若∠AOF＝40°，则∠F的度数是（）
Choices:
(A) 20°
(B) 35°
(C) 40°
(D) 55°",B,False,2025-11-05 01:48:20.004,박호조,0,"What is the color of the watch worn by a person in the image?
 Options: A: White, B: Black, C: Silver, D: Gold",A
1087,83,1024,math,geometry,"Hint: Please answer the question and provide the correct option letter, e.g., A, B, C, D, at the end.
Question: 如图，AB是⊙O的直径，EF，EB是⊙O的弦，点E是FEB的中点，EF与AB交于点C，连接OF，若∠AOF＝40°，则∠F的度数是（）
Choices:
(A) 20°
(B) 35°
(C) 40°
(D) 55°",B,False,2025-11-10 18:47:19.220,J,0,"What is the color of the watch worn by a person in the image?
 Options: A: White, B: Black, C: Silver, D: Gold",C
1088,83,1024,math,geometry,"Hint: Please answer the question and provide the correct option letter, e.g., A, B, C, D, at the end.
Question: 如图，AB是⊙O的直径，EF，EB是⊙O的弦，点E是FEB的中点，EF与AB交于点C，连接OF，若∠AOF＝40°，则∠F的度数是（）
Choices:
(A) 20°
(B) 35°
(C) 40°
(D) 55°",B,False,2025-11-11 15:27:53.412, KDY,0,"What is the color of the watch worn by a person in the image?
 Options: A: White, B: Black, C: Silver, D: Gold",C
1089,83,1024,math,geometry,"Hint: Please answer the question and provide the correct option letter, e.g., A, B, C, D, at the end.
Question: 如图，AB是⊙O的直径，EF，EB是⊙O的弦，点E是FEB的中点，EF与AB交于点C，连接OF，若∠AOF＝40°，则∠F的度数是（）
Choices:
(A) 20°
(B) 35°
(C) 40°
(D) 55°",B,True,2025-11-11 20:35:43.975,Kathy,0,"What is the color of the watch worn by a person in the image?
 Options: A: White, B: Black, C: Silver, D: Gold",B
1090,83,1024,math,geometry,"Hint: Please answer the question and provide the correct option letter, e.g., A, B, C, D, at the end.
Question: 如图，AB是⊙O的直径，EF，EB是⊙O的弦，点E是FEB的中点，EF与AB交于点C，连接OF，若∠AOF＝40°，则∠F的度数是（）
Choices:
(A) 20°
(B) 35°
(C) 40°
(D) 55°",B,False,2025-11-13 17:20:30.179,JMG,0,"What is the color of the watch worn by a person in the image?
 Options: A: White, B: Black, C: Silver, D: Gold",C
1091,83,1024,math,geometry,"Hint: Please answer the question and provide the correct option letter, e.g., A, B, C, D, at the end.
Question: 如图，AB是⊙O的直径，EF，EB是⊙O的弦，点E是FEB的中点，EF与AB交于点C，连接OF，若∠AOF＝40°，则∠F的度数是（）
Choices:
(A) 20°
(B) 35°
(C) 40°
(D) 55°",B,False,2025-11-14 21:27:23.659,조희승,0,"What is the color of the watch worn by a person in the image?
 Options: A: White, B: Black, C: Silver, D: Gold",C
1092,84,818,logical reasoning,common reasoning,"Which two teams will take part in this game?
Options: A: Team A and Team B., B: Team A and Team C., C: Team B and Team C., D: Team A and Team D.",A,True,2025-11-04 16:37:21.079,Winnie,0,"What color is the microphone in the image?
 Options: A: Silver, B: White, C: Black, D: Red",A
1093,84,818,logical reasoning,common reasoning,"Which two teams will take part in this game?
Options: A: Team A and Team B., B: Team A and Team C., C: Team B and Team C., D: Team A and Team D.",A,True,2025-11-04 16:55:47.964,JJH,0,"What color is the microphone in the image?
 Options: A: Silver, B: White, C: Black, D: Red",A
1094,84,818,logical reasoning,common reasoning,"Which two teams will take part in this game?
Options: A: Team A and Team B., B: Team A and Team C., C: Team B and Team C., D: Team A and Team D.",A,False,2025-11-04 17:09:00.783,Lee,0,"What color is the microphone in the image?
 Options: A: Silver, B: White, C: Black, D: Red",C
1095,84,818,logical reasoning,common reasoning,"Which two teams will take part in this game?
Options: A: Team A and Team B., B: Team A and Team C., C: Team B and Team C., D: Team A and Team D.",A,True,2025-11-04 17:16:55.232,성민석,0,"What color is the microphone in the image?
 Options: A: Silver, B: White, C: Black, D: Red",A
1096,84,818,logical reasoning,common reasoning,"Which two teams will take part in this game?
Options: A: Team A and Team B., B: Team A and Team C., C: Team B and Team C., D: Team A and Team D.",A,True,2025-11-04 18:35:45.170,EJ,0,"What color is the microphone in the image?
 Options: A: Silver, B: White, C: Black, D: Red",A
1097,84,818,logical reasoning,common reasoning,"Which two teams will take part in this game?
Options: A: Team A and Team B., B: Team A and Team C., C: Team B and Team C., D: Team A and Team D.",A,False,2025-11-04 19:47:12.130,배재형,0,"What color is the microphone in the image?
 Options: A: Silver, B: White, C: Black, D: Red",C
1098,84,818,logical reasoning,common reasoning,"Which two teams will take part in this game?
Options: A: Team A and Team B., B: Team A and Team C., C: Team B and Team C., D: Team A and Team D.",A,True,2025-11-05 00:48:32.876,박지윤,0,"What color is the microphone in the image?
 Options: A: Silver, B: White, C: Black, D: Red",A
1099,84,818,logical reasoning,common reasoning,"Which two teams will take part in this game?
Options: A: Team A and Team B., B: Team A and Team C., C: Team B and Team C., D: Team A and Team D.",A,False,2025-11-05 01:48:20.004,박호조,0,"What color is the microphone in the image?
 Options: A: Silver, B: White, C: Black, D: Red",D
1100,84,818,logical reasoning,common reasoning,"Which two teams will take part in this game?
Options: A: Team A and Team B., B: Team A and Team C., C: Team B and Team C., D: Team A and Team D.",A,True,2025-11-10 18:47:19.220,J,0,"What color is the microphone in the image?
 Options: A: Silver, B: White, C: Black, D: Red",A
1101,84,818,logical reasoning,common reasoning,"Which two teams will take part in this game?
Options: A: Team A and Team B., B: Team A and Team C., C: Team B and Team C., D: Team A and Team D.",A,True,2025-11-11 15:27:53.412, KDY,0,"What color is the microphone in the image?
 Options: A: Silver, B: White, C: Black, D: Red",A
1102,84,818,logical reasoning,common reasoning,"Which two teams will take part in this game?
Options: A: Team A and Team B., B: Team A and Team C., C: Team B and Team C., D: Team A and Team D.",A,True,2025-11-11 20:35:43.975,Kathy,0,"What color is the microphone in the image?
 Options: A: Silver, B: White, C: Black, D: Red",A
1103,84,818,logical reasoning,common reasoning,"Which two teams will take part in this game?
Options: A: Team A and Team B., B: Team A and Team C., C: Team B and Team C., D: Team A and Team D.",A,True,2025-11-13 17:20:30.179,JMG,0,"What color is the microphone in the image?
 Options: A: Silver, B: White, C: Black, D: Red",A
1104,84,818,logical reasoning,common reasoning,"Which two teams will take part in this game?
Options: A: Team A and Team B., B: Team A and Team C., C: Team B and Team C., D: Team A and Team D.",A,True,2025-11-14 21:27:23.659,조희승,0,"What color is the microphone in the image?
 Options: A: Silver, B: White, C: Black, D: Red",A
1105,85,1098,math,statistical reasoning,"A new company started production. Job 1 was completed, and Job 2 remains in production. Here is the information from the job cost sheets from their first and only jobs so far: <image 1> Using the information provided, what is the balance in finished goods inventory?
Options: A: $10,208, B: $10,308, C: $10,408, D: $10,508",B,True,2025-11-04 16:37:21.079,Winnie,0,"How many tables are there in the room?
 Options: A: Four tables, B: Two tables, C: Three tables, D: One table",B
1106,85,1098,math,statistical reasoning,"A new company started production. Job 1 was completed, and Job 2 remains in production. Here is the information from the job cost sheets from their first and only jobs so far: <image 1> Using the information provided, what is the balance in finished goods inventory?
Options: A: $10,208, B: $10,308, C: $10,408, D: $10,508",B,False,2025-11-04 16:55:47.964,JJH,0,"How many tables are there in the room?
 Options: A: Four tables, B: Two tables, C: Three tables, D: One table",D
1107,85,1098,math,statistical reasoning,"A new company started production. Job 1 was completed, and Job 2 remains in production. Here is the information from the job cost sheets from their first and only jobs so far: <image 1> Using the information provided, what is the balance in finished goods inventory?
Options: A: $10,208, B: $10,308, C: $10,408, D: $10,508",B,False,2025-11-04 17:09:00.783,Lee,0,"How many tables are there in the room?
 Options: A: Four tables, B: Two tables, C: Three tables, D: One table",C
1108,85,1098,math,statistical reasoning,"A new company started production. Job 1 was completed, and Job 2 remains in production. Here is the information from the job cost sheets from their first and only jobs so far: <image 1> Using the information provided, what is the balance in finished goods inventory?
Options: A: $10,208, B: $10,308, C: $10,408, D: $10,508",B,True,2025-11-04 17:16:55.232,성민석,0,"How many tables are there in the room?
 Options: A: Four tables, B: Two tables, C: Three tables, D: One table",B
1109,85,1098,math,statistical reasoning,"A new company started production. Job 1 was completed, and Job 2 remains in production. Here is the information from the job cost sheets from their first and only jobs so far: <image 1> Using the information provided, what is the balance in finished goods inventory?
Options: A: $10,208, B: $10,308, C: $10,408, D: $10,508",B,True,2025-11-04 18:35:45.170,EJ,0,"How many tables are there in the room?
 Options: A: Four tables, B: Two tables, C: Three tables, D: One table",B
1110,85,1098,math,statistical reasoning,"A new company started production. Job 1 was completed, and Job 2 remains in production. Here is the information from the job cost sheets from their first and only jobs so far: <image 1> Using the information provided, what is the balance in finished goods inventory?
Options: A: $10,208, B: $10,308, C: $10,408, D: $10,508",B,False,2025-11-04 19:47:12.130,배재형,0,"How many tables are there in the room?
 Options: A: Four tables, B: Two tables, C: Three tables, D: One table",D
1111,85,1098,math,statistical reasoning,"A new company started production. Job 1 was completed, and Job 2 remains in production. Here is the information from the job cost sheets from their first and only jobs so far: <image 1> Using the information provided, what is the balance in finished goods inventory?
Options: A: $10,208, B: $10,308, C: $10,408, D: $10,508",B,True,2025-11-05 00:48:32.876,박지윤,0,"How many tables are there in the room?
 Options: A: Four tables, B: Two tables, C: Three tables, D: One table",B
1112,85,1098,math,statistical reasoning,"A new company started production. Job 1 was completed, and Job 2 remains in production. Here is the information from the job cost sheets from their first and only jobs so far: <image 1> Using the information provided, what is the balance in finished goods inventory?
Options: A: $10,208, B: $10,308, C: $10,408, D: $10,508",B,False,2025-11-05 01:48:20.004,박호조,0,"How many tables are there in the room?
 Options: A: Four tables, B: Two tables, C: Three tables, D: One table",A
1113,85,1098,math,statistical reasoning,"A new company started production. Job 1 was completed, and Job 2 remains in production. Here is the information from the job cost sheets from their first and only jobs so far: <image 1> Using the information provided, what is the balance in finished goods inventory?
Options: A: $10,208, B: $10,308, C: $10,408, D: $10,508",B,False,2025-11-10 18:47:19.220,J,0,"How many tables are there in the room?
 Options: A: Four tables, B: Two tables, C: Three tables, D: One table",A
1114,85,1098,math,statistical reasoning,"A new company started production. Job 1 was completed, and Job 2 remains in production. Here is the information from the job cost sheets from their first and only jobs so far: <image 1> Using the information provided, what is the balance in finished goods inventory?
Options: A: $10,208, B: $10,308, C: $10,408, D: $10,508",B,False,2025-11-11 15:27:53.412, KDY,0,"How many tables are there in the room?
 Options: A: Four tables, B: Two tables, C: Three tables, D: One table",D
1115,85,1098,math,statistical reasoning,"A new company started production. Job 1 was completed, and Job 2 remains in production. Here is the information from the job cost sheets from their first and only jobs so far: <image 1> Using the information provided, what is the balance in finished goods inventory?
Options: A: $10,208, B: $10,308, C: $10,408, D: $10,508",B,False,2025-11-11 20:35:43.975,Kathy,0,"How many tables are there in the room?
 Options: A: Four tables, B: Two tables, C: Three tables, D: One table",C
1116,85,1098,math,statistical reasoning,"A new company started production. Job 1 was completed, and Job 2 remains in production. Here is the information from the job cost sheets from their first and only jobs so far: <image 1> Using the information provided, what is the balance in finished goods inventory?
Options: A: $10,208, B: $10,308, C: $10,408, D: $10,508",B,False,2025-11-13 17:20:30.179,JMG,0,"How many tables are there in the room?
 Options: A: Four tables, B: Two tables, C: Three tables, D: One table",C
1117,85,1098,math,statistical reasoning,"A new company started production. Job 1 was completed, and Job 2 remains in production. Here is the information from the job cost sheets from their first and only jobs so far: <image 1> Using the information provided, what is the balance in finished goods inventory?
Options: A: $10,208, B: $10,308, C: $10,408, D: $10,508",B,False,2025-11-14 21:27:23.659,조희승,0,"How many tables are there in the room?
 Options: A: Four tables, B: Two tables, C: Three tables, D: One table",D
1118,86,1028,math,geometry,"Hint: Please answer the question and provide the correct option letter, e.g., A, B, C, D, at the end.
Question: 如图，PA是⊙O的切线，切点为A，OP＝4，∠APO＝30°，则⊙O的半径长为（）
Choices:
(A) 1
(B) √{3}
(C) 2
(D) 3",C,False,2025-11-04 16:37:21.079,Winnie,0,"How many pillows can be seen in the bedroom?
 Options: A: 5, B: 4, C: 3, D: 6",B
1119,86,1028,math,geometry,"Hint: Please answer the question and provide the correct option letter, e.g., A, B, C, D, at the end.
Question: 如图，PA是⊙O的切线，切点为A，OP＝4，∠APO＝30°，则⊙O的半径长为（）
Choices:
(A) 1
(B) √{3}
(C) 2
(D) 3",C,True,2025-11-04 16:55:47.964,JJH,0,"How many pillows can be seen in the bedroom?
 Options: A: 5, B: 4, C: 3, D: 6",C
1120,86,1028,math,geometry,"Hint: Please answer the question and provide the correct option letter, e.g., A, B, C, D, at the end.
Question: 如图，PA是⊙O的切线，切点为A，OP＝4，∠APO＝30°，则⊙O的半径长为（）
Choices:
(A) 1
(B) √{3}
(C) 2
(D) 3",C,False,2025-11-04 17:09:00.783,Lee,0,"How many pillows can be seen in the bedroom?
 Options: A: 5, B: 4, C: 3, D: 6",B
1121,86,1028,math,geometry,"Hint: Please answer the question and provide the correct option letter, e.g., A, B, C, D, at the end.
Question: 如图，PA是⊙O的切线，切点为A，OP＝4，∠APO＝30°，则⊙O的半径长为（）
Choices:
(A) 1
(B) √{3}
(C) 2
(D) 3",C,False,2025-11-04 17:16:55.232,성민석,0,"How many pillows can be seen in the bedroom?
 Options: A: 5, B: 4, C: 3, D: 6",B
1122,86,1028,math,geometry,"Hint: Please answer the question and provide the correct option letter, e.g., A, B, C, D, at the end.
Question: 如图，PA是⊙O的切线，切点为A，OP＝4，∠APO＝30°，则⊙O的半径长为（）
Choices:
(A) 1
(B) √{3}
(C) 2
(D) 3",C,True,2025-11-04 18:35:45.170,EJ,0,"How many pillows can be seen in the bedroom?
 Options: A: 5, B: 4, C: 3, D: 6",C
1123,86,1028,math,geometry,"Hint: Please answer the question and provide the correct option letter, e.g., A, B, C, D, at the end.
Question: 如图，PA是⊙O的切线，切点为A，OP＝4，∠APO＝30°，则⊙O的半径长为（）
Choices:
(A) 1
(B) √{3}
(C) 2
(D) 3",C,False,2025-11-04 19:47:12.130,배재형,0,"How many pillows can be seen in the bedroom?
 Options: A: 5, B: 4, C: 3, D: 6",B
1124,86,1028,math,geometry,"Hint: Please answer the question and provide the correct option letter, e.g., A, B, C, D, at the end.
Question: 如图，PA是⊙O的切线，切点为A，OP＝4，∠APO＝30°，则⊙O的半径长为（）
Choices:
(A) 1
(B) √{3}
(C) 2
(D) 3",C,True,2025-11-05 00:48:32.876,박지윤,0,"How many pillows can be seen in the bedroom?
 Options: A: 5, B: 4, C: 3, D: 6",C
1125,86,1028,math,geometry,"Hint: Please answer the question and provide the correct option letter, e.g., A, B, C, D, at the end.
Question: 如图，PA是⊙O的切线，切点为A，OP＝4，∠APO＝30°，则⊙O的半径长为（）
Choices:
(A) 1
(B) √{3}
(C) 2
(D) 3",C,True,2025-11-05 01:48:20.004,박호조,0,"How many pillows can be seen in the bedroom?
 Options: A: 5, B: 4, C: 3, D: 6",C
1126,86,1028,math,geometry,"Hint: Please answer the question and provide the correct option letter, e.g., A, B, C, D, at the end.
Question: 如图，PA是⊙O的切线，切点为A，OP＝4，∠APO＝30°，则⊙O的半径长为（）
Choices:
(A) 1
(B) √{3}
(C) 2
(D) 3",C,True,2025-11-10 18:47:19.220,J,0,"How many pillows can be seen in the bedroom?
 Options: A: 5, B: 4, C: 3, D: 6",C
1127,86,1028,math,geometry,"Hint: Please answer the question and provide the correct option letter, e.g., A, B, C, D, at the end.
Question: 如图，PA是⊙O的切线，切点为A，OP＝4，∠APO＝30°，则⊙O的半径长为（）
Choices:
(A) 1
(B) √{3}
(C) 2
(D) 3",C,False,2025-11-11 15:27:53.412, KDY,0,"How many pillows can be seen in the bedroom?
 Options: A: 5, B: 4, C: 3, D: 6",B
1128,86,1028,math,geometry,"Hint: Please answer the question and provide the correct option letter, e.g., A, B, C, D, at the end.
Question: 如图，PA是⊙O的切线，切点为A，OP＝4，∠APO＝30°，则⊙O的半径长为（）
Choices:
(A) 1
(B) √{3}
(C) 2
(D) 3",C,False,2025-11-11 20:35:43.975,Kathy,0,"How many pillows can be seen in the bedroom?
 Options: A: 5, B: 4, C: 3, D: 6",B
1129,86,1028,math,geometry,"Hint: Please answer the question and provide the correct option letter, e.g., A, B, C, D, at the end.
Question: 如图，PA是⊙O的切线，切点为A，OP＝4，∠APO＝30°，则⊙O的半径长为（）
Choices:
(A) 1
(B) √{3}
(C) 2
(D) 3",C,False,2025-11-13 17:20:30.179,JMG,0,"How many pillows can be seen in the bedroom?
 Options: A: 5, B: 4, C: 3, D: 6",D
1130,86,1028,math,geometry,"Hint: Please answer the question and provide the correct option letter, e.g., A, B, C, D, at the end.
Question: 如图，PA是⊙O的切线，切点为A，OP＝4，∠APO＝30°，则⊙O的半径长为（）
Choices:
(A) 1
(B) √{3}
(C) 2
(D) 3",C,True,2025-11-14 21:27:23.659,조희승,0,"How many pillows can be seen in the bedroom?
 Options: A: 5, B: 4, C: 3, D: 6",C
1131,87,1029,math,geometry,"Hint: Please answer the question and provide the correct option letter, e.g., A, B, C, D, at the end.
Question: 如图，△ABC中，AD平分∠BAC，AD交BC于点D，DE⊥AB，垂足为E，若DE＝3，AC＝4，则△ADC的面积为（）
Choices:
(A) 3
(B) 4
(C) 5
(D) 6",D,False,2025-11-04 16:37:21.079,Winnie,0,"How many colors are the eyes of the depicted animals?
 Options: A: 2, B: 1, C: 3, D: 4",C
1132,87,1029,math,geometry,"Hint: Please answer the question and provide the correct option letter, e.g., A, B, C, D, at the end.
Question: 如图，△ABC中，AD平分∠BAC，AD交BC于点D，DE⊥AB，垂足为E，若DE＝3，AC＝4，则△ADC的面积为（）
Choices:
(A) 3
(B) 4
(C) 5
(D) 6",D,False,2025-11-04 16:55:47.964,JJH,0,"How many colors are the eyes of the depicted animals?
 Options: A: 2, B: 1, C: 3, D: 4",A
1133,87,1029,math,geometry,"Hint: Please answer the question and provide the correct option letter, e.g., A, B, C, D, at the end.
Question: 如图，△ABC中，AD平分∠BAC，AD交BC于点D，DE⊥AB，垂足为E，若DE＝3，AC＝4，则△ADC的面积为（）
Choices:
(A) 3
(B) 4
(C) 5
(D) 6",D,False,2025-11-04 17:09:00.783,Lee,0,"How many colors are the eyes of the depicted animals?
 Options: A: 2, B: 1, C: 3, D: 4",C
1134,87,1029,math,geometry,"Hint: Please answer the question and provide the correct option letter, e.g., A, B, C, D, at the end.
Question: 如图，△ABC中，AD平分∠BAC，AD交BC于点D，DE⊥AB，垂足为E，若DE＝3，AC＝4，则△ADC的面积为（）
Choices:
(A) 3
(B) 4
(C) 5
(D) 6",D,False,2025-11-04 17:16:55.232,성민석,0,"How many colors are the eyes of the depicted animals?
 Options: A: 2, B: 1, C: 3, D: 4",A
1135,87,1029,math,geometry,"Hint: Please answer the question and provide the correct option letter, e.g., A, B, C, D, at the end.
Question: 如图，△ABC中，AD平分∠BAC，AD交BC于点D，DE⊥AB，垂足为E，若DE＝3，AC＝4，则△ADC的面积为（）
Choices:
(A) 3
(B) 4
(C) 5
(D) 6",D,False,2025-11-04 18:35:45.170,EJ,0,"How many colors are the eyes of the depicted animals?
 Options: A: 2, B: 1, C: 3, D: 4",A
1136,87,1029,math,geometry,"Hint: Please answer the question and provide the correct option letter, e.g., A, B, C, D, at the end.
Question: 如图，△ABC中，AD平分∠BAC，AD交BC于点D，DE⊥AB，垂足为E，若DE＝3，AC＝4，则△ADC的面积为（）
Choices:
(A) 3
(B) 4
(C) 5
(D) 6",D,False,2025-11-04 19:47:12.130,배재형,0,"How many colors are the eyes of the depicted animals?
 Options: A: 2, B: 1, C: 3, D: 4",A
1137,87,1029,math,geometry,"Hint: Please answer the question and provide the correct option letter, e.g., A, B, C, D, at the end.
Question: 如图，△ABC中，AD平分∠BAC，AD交BC于点D，DE⊥AB，垂足为E，若DE＝3，AC＝4，则△ADC的面积为（）
Choices:
(A) 3
(B) 4
(C) 5
(D) 6",D,False,2025-11-05 00:48:32.876,박지윤,0,"How many colors are the eyes of the depicted animals?
 Options: A: 2, B: 1, C: 3, D: 4",A
1138,87,1029,math,geometry,"Hint: Please answer the question and provide the correct option letter, e.g., A, B, C, D, at the end.
Question: 如图，△ABC中，AD平分∠BAC，AD交BC于点D，DE⊥AB，垂足为E，若DE＝3，AC＝4，则△ADC的面积为（）
Choices:
(A) 3
(B) 4
(C) 5
(D) 6",D,False,2025-11-05 01:48:20.004,박호조,0,"How many colors are the eyes of the depicted animals?
 Options: A: 2, B: 1, C: 3, D: 4",A
1139,87,1029,math,geometry,"Hint: Please answer the question and provide the correct option letter, e.g., A, B, C, D, at the end.
Question: 如图，△ABC中，AD平分∠BAC，AD交BC于点D，DE⊥AB，垂足为E，若DE＝3，AC＝4，则△ADC的面积为（）
Choices:
(A) 3
(B) 4
(C) 5
(D) 6",D,False,2025-11-10 18:47:19.220,J,0,"How many colors are the eyes of the depicted animals?
 Options: A: 2, B: 1, C: 3, D: 4",B
1140,87,1029,math,geometry,"Hint: Please answer the question and provide the correct option letter, e.g., A, B, C, D, at the end.
Question: 如图，△ABC中，AD平分∠BAC，AD交BC于点D，DE⊥AB，垂足为E，若DE＝3，AC＝4，则△ADC的面积为（）
Choices:
(A) 3
(B) 4
(C) 5
(D) 6",D,True,2025-11-11 15:27:53.412, KDY,0,"How many colors are the eyes of the depicted animals?
 Options: A: 2, B: 1, C: 3, D: 4",D
1141,87,1029,math,geometry,"Hint: Please answer the question and provide the correct option letter, e.g., A, B, C, D, at the end.
Question: 如图，△ABC中，AD平分∠BAC，AD交BC于点D，DE⊥AB，垂足为E，若DE＝3，AC＝4，则△ADC的面积为（）
Choices:
(A) 3
(B) 4
(C) 5
(D) 6",D,False,2025-11-11 20:35:43.975,Kathy,0,"How many colors are the eyes of the depicted animals?
 Options: A: 2, B: 1, C: 3, D: 4",A
1142,87,1029,math,geometry,"Hint: Please answer the question and provide the correct option letter, e.g., A, B, C, D, at the end.
Question: 如图，△ABC中，AD平分∠BAC，AD交BC于点D，DE⊥AB，垂足为E，若DE＝3，AC＝4，则△ADC的面积为（）
Choices:
(A) 3
(B) 4
(C) 5
(D) 6",D,False,2025-11-13 17:20:30.179,JMG,0,"How many colors are the eyes of the depicted animals?
 Options: A: 2, B: 1, C: 3, D: 4",C
1143,87,1029,math,geometry,"Hint: Please answer the question and provide the correct option letter, e.g., A, B, C, D, at the end.
Question: 如图，△ABC中，AD平分∠BAC，AD交BC于点D，DE⊥AB，垂足为E，若DE＝3，AC＝4，则△ADC的面积为（）
Choices:
(A) 3
(B) 4
(C) 5
(D) 6",D,False,2025-11-14 21:27:23.659,조희승,0,"How many colors are the eyes of the depicted animals?
 Options: A: 2, B: 1, C: 3, D: 4",B
1144,88,695,logical reasoning,code & sequence reasoning,"Hint: Please answer the question and provide the correct option letter, e.g., A, B, C, D, at the end.
Question: What number is shown?
Choices:
(A) 9333
(B) 9335
(C) 935
(D) 335",B,False,2025-11-04 16:37:21.079,Winnie,0,"What type of ball is being held by the player?
 Options: A: A tennis ball, B: A basketball, C: A volleyball, D: A soccer ball",A
1145,88,695,logical reasoning,code & sequence reasoning,"Hint: Please answer the question and provide the correct option letter, e.g., A, B, C, D, at the end.
Question: What number is shown?
Choices:
(A) 9333
(B) 9335
(C) 935
(D) 335",B,False,2025-11-04 16:55:47.964,JJH,0,"What type of ball is being held by the player?
 Options: A: A tennis ball, B: A basketball, C: A volleyball, D: A soccer ball",C
1146,88,695,logical reasoning,code & sequence reasoning,"Hint: Please answer the question and provide the correct option letter, e.g., A, B, C, D, at the end.
Question: What number is shown?
Choices:
(A) 9333
(B) 9335
(C) 935
(D) 335",B,False,2025-11-04 17:09:00.783,Lee,0,"What type of ball is being held by the player?
 Options: A: A tennis ball, B: A basketball, C: A volleyball, D: A soccer ball",C
1147,88,695,logical reasoning,code & sequence reasoning,"Hint: Please answer the question and provide the correct option letter, e.g., A, B, C, D, at the end.
Question: What number is shown?
Choices:
(A) 9333
(B) 9335
(C) 935
(D) 335",B,True,2025-11-04 17:16:55.232,성민석,0,"What type of ball is being held by the player?
 Options: A: A tennis ball, B: A basketball, C: A volleyball, D: A soccer ball",B
1148,88,695,logical reasoning,code & sequence reasoning,"Hint: Please answer the question and provide the correct option letter, e.g., A, B, C, D, at the end.
Question: What number is shown?
Choices:
(A) 9333
(B) 9335
(C) 935
(D) 335",B,True,2025-11-04 18:35:45.170,EJ,0,"What type of ball is being held by the player?
 Options: A: A tennis ball, B: A basketball, C: A volleyball, D: A soccer ball",B
1149,88,695,logical reasoning,code & sequence reasoning,"Hint: Please answer the question and provide the correct option letter, e.g., A, B, C, D, at the end.
Question: What number is shown?
Choices:
(A) 9333
(B) 9335
(C) 935
(D) 335",B,True,2025-11-04 19:47:12.130,배재형,0,"What type of ball is being held by the player?
 Options: A: A tennis ball, B: A basketball, C: A volleyball, D: A soccer ball",B
1150,88,695,logical reasoning,code & sequence reasoning,"Hint: Please answer the question and provide the correct option letter, e.g., A, B, C, D, at the end.
Question: What number is shown?
Choices:
(A) 9333
(B) 9335
(C) 935
(D) 335",B,False,2025-11-05 00:48:32.876,박지윤,0,"What type of ball is being held by the player?
 Options: A: A tennis ball, B: A basketball, C: A volleyball, D: A soccer ball",D
1151,88,695,logical reasoning,code & sequence reasoning,"Hint: Please answer the question and provide the correct option letter, e.g., A, B, C, D, at the end.
Question: What number is shown?
Choices:
(A) 9333
(B) 9335
(C) 935
(D) 335",B,True,2025-11-05 01:48:20.004,박호조,0,"What type of ball is being held by the player?
 Options: A: A tennis ball, B: A basketball, C: A volleyball, D: A soccer ball",B
1152,88,695,logical reasoning,code & sequence reasoning,"Hint: Please answer the question and provide the correct option letter, e.g., A, B, C, D, at the end.
Question: What number is shown?
Choices:
(A) 9333
(B) 9335
(C) 935
(D) 335",B,False,2025-11-10 18:47:19.220,J,0,"What type of ball is being held by the player?
 Options: A: A tennis ball, B: A basketball, C: A volleyball, D: A soccer ball",D
1153,88,695,logical reasoning,code & sequence reasoning,"Hint: Please answer the question and provide the correct option letter, e.g., A, B, C, D, at the end.
Question: What number is shown?
Choices:
(A) 9333
(B) 9335
(C) 935
(D) 335",B,True,2025-11-11 15:27:53.412, KDY,0,"What type of ball is being held by the player?
 Options: A: A tennis ball, B: A basketball, C: A volleyball, D: A soccer ball",B
1154,88,695,logical reasoning,code & sequence reasoning,"Hint: Please answer the question and provide the correct option letter, e.g., A, B, C, D, at the end.
Question: What number is shown?
Choices:
(A) 9333
(B) 9335
(C) 935
(D) 335",B,False,2025-11-11 20:35:43.975,Kathy,0,"What type of ball is being held by the player?
 Options: A: A tennis ball, B: A basketball, C: A volleyball, D: A soccer ball",C
1155,88,695,logical reasoning,code & sequence reasoning,"Hint: Please answer the question and provide the correct option letter, e.g., A, B, C, D, at the end.
Question: What number is shown?
Choices:
(A) 9333
(B) 9335
(C) 935
(D) 335",B,True,2025-11-13 17:20:30.179,JMG,0,"What type of ball is being held by the player?
 Options: A: A tennis ball, B: A basketball, C: A volleyball, D: A soccer ball",B
1156,88,695,logical reasoning,code & sequence reasoning,"Hint: Please answer the question and provide the correct option letter, e.g., A, B, C, D, at the end.
Question: What number is shown?
Choices:
(A) 9333
(B) 9335
(C) 935
(D) 335",B,True,2025-11-14 21:27:23.659,조희승,0,"What type of ball is being held by the player?
 Options: A: A tennis ball, B: A basketball, C: A volleyball, D: A soccer ball",B
1157,89,1026,math,geometry,"Hint: Please answer the question and provide the correct option letter, e.g., A, B, C, D, at the end.
Question: 如图，AD是△ABC的中线，E为AD的中点，△ABE的面积为2，则△ABC的面积为（）
Choices:
(A) 5
(B) 6
(C) 7
(D) 8",D,False,2025-11-04 16:37:21.079,Winnie,0,"What is the position of the person on stage?
 Options: A: Standing on the left side, B: Seated in the center, C: Sitting on the floor in front, D: Leaning on the guitar on the right side",A
1158,89,1026,math,geometry,"Hint: Please answer the question and provide the correct option letter, e.g., A, B, C, D, at the end.
Question: 如图，AD是△ABC的中线，E为AD的中点，△ABE的面积为2，则△ABC的面积为（）
Choices:
(A) 5
(B) 6
(C) 7
(D) 8",D,False,2025-11-04 16:55:47.964,JJH,0,"What is the position of the person on stage?
 Options: A: Standing on the left side, B: Seated in the center, C: Sitting on the floor in front, D: Leaning on the guitar on the right side",A
1159,89,1026,math,geometry,"Hint: Please answer the question and provide the correct option letter, e.g., A, B, C, D, at the end.
Question: 如图，AD是△ABC的中线，E为AD的中点，△ABE的面积为2，则△ABC的面积为（）
Choices:
(A) 5
(B) 6
(C) 7
(D) 8",D,False,2025-11-04 17:09:00.783,Lee,0,"What is the position of the person on stage?
 Options: A: Standing on the left side, B: Seated in the center, C: Sitting on the floor in front, D: Leaning on the guitar on the right side",C
1160,89,1026,math,geometry,"Hint: Please answer the question and provide the correct option letter, e.g., A, B, C, D, at the end.
Question: 如图，AD是△ABC的中线，E为AD的中点，△ABE的面积为2，则△ABC的面积为（）
Choices:
(A) 5
(B) 6
(C) 7
(D) 8",D,False,2025-11-04 17:16:55.232,성민석,0,"What is the position of the person on stage?
 Options: A: Standing on the left side, B: Seated in the center, C: Sitting on the floor in front, D: Leaning on the guitar on the right side",C
1161,89,1026,math,geometry,"Hint: Please answer the question and provide the correct option letter, e.g., A, B, C, D, at the end.
Question: 如图，AD是△ABC的中线，E为AD的中点，△ABE的面积为2，则△ABC的面积为（）
Choices:
(A) 5
(B) 6
(C) 7
(D) 8",D,False,2025-11-04 18:35:45.170,EJ,0,"What is the position of the person on stage?
 Options: A: Standing on the left side, B: Seated in the center, C: Sitting on the floor in front, D: Leaning on the guitar on the right side",A
1162,89,1026,math,geometry,"Hint: Please answer the question and provide the correct option letter, e.g., A, B, C, D, at the end.
Question: 如图，AD是△ABC的中线，E为AD的中点，△ABE的面积为2，则△ABC的面积为（）
Choices:
(A) 5
(B) 6
(C) 7
(D) 8",D,False,2025-11-04 19:47:12.130,배재형,0,"What is the position of the person on stage?
 Options: A: Standing on the left side, B: Seated in the center, C: Sitting on the floor in front, D: Leaning on the guitar on the right side",B
1163,89,1026,math,geometry,"Hint: Please answer the question and provide the correct option letter, e.g., A, B, C, D, at the end.
Question: 如图，AD是△ABC的中线，E为AD的中点，△ABE的面积为2，则△ABC的面积为（）
Choices:
(A) 5
(B) 6
(C) 7
(D) 8",D,False,2025-11-05 00:48:32.876,박지윤,0,"What is the position of the person on stage?
 Options: A: Standing on the left side, B: Seated in the center, C: Sitting on the floor in front, D: Leaning on the guitar on the right side",B
1164,89,1026,math,geometry,"Hint: Please answer the question and provide the correct option letter, e.g., A, B, C, D, at the end.
Question: 如图，AD是△ABC的中线，E为AD的中点，△ABE的面积为2，则△ABC的面积为（）
Choices:
(A) 5
(B) 6
(C) 7
(D) 8",D,False,2025-11-05 01:48:20.004,박호조,0,"What is the position of the person on stage?
 Options: A: Standing on the left side, B: Seated in the center, C: Sitting on the floor in front, D: Leaning on the guitar on the right side",A
1165,89,1026,math,geometry,"Hint: Please answer the question and provide the correct option letter, e.g., A, B, C, D, at the end.
Question: 如图，AD是△ABC的中线，E为AD的中点，△ABE的面积为2，则△ABC的面积为（）
Choices:
(A) 5
(B) 6
(C) 7
(D) 8",D,True,2025-11-10 18:47:19.220,J,0,"What is the position of the person on stage?
 Options: A: Standing on the left side, B: Seated in the center, C: Sitting on the floor in front, D: Leaning on the guitar on the right side",D
1166,89,1026,math,geometry,"Hint: Please answer the question and provide the correct option letter, e.g., A, B, C, D, at the end.
Question: 如图，AD是△ABC的中线，E为AD的中点，△ABE的面积为2，则△ABC的面积为（）
Choices:
(A) 5
(B) 6
(C) 7
(D) 8",D,False,2025-11-11 15:27:53.412, KDY,0,"What is the position of the person on stage?
 Options: A: Standing on the left side, B: Seated in the center, C: Sitting on the floor in front, D: Leaning on the guitar on the right side",B
1167,89,1026,math,geometry,"Hint: Please answer the question and provide the correct option letter, e.g., A, B, C, D, at the end.
Question: 如图，AD是△ABC的中线，E为AD的中点，△ABE的面积为2，则△ABC的面积为（）
Choices:
(A) 5
(B) 6
(C) 7
(D) 8",D,False,2025-11-11 20:35:43.975,Kathy,0,"What is the position of the person on stage?
 Options: A: Standing on the left side, B: Seated in the center, C: Sitting on the floor in front, D: Leaning on the guitar on the right side",B
1168,89,1026,math,geometry,"Hint: Please answer the question and provide the correct option letter, e.g., A, B, C, D, at the end.
Question: 如图，AD是△ABC的中线，E为AD的中点，△ABE的面积为2，则△ABC的面积为（）
Choices:
(A) 5
(B) 6
(C) 7
(D) 8",D,False,2025-11-13 17:20:30.179,JMG,0,"What is the position of the person on stage?
 Options: A: Standing on the left side, B: Seated in the center, C: Sitting on the floor in front, D: Leaning on the guitar on the right side",B
1169,89,1026,math,geometry,"Hint: Please answer the question and provide the correct option letter, e.g., A, B, C, D, at the end.
Question: 如图，AD是△ABC的中线，E为AD的中点，△ABE的面积为2，则△ABC的面积为（）
Choices:
(A) 5
(B) 6
(C) 7
(D) 8",D,False,2025-11-14 21:27:23.659,조희승,0,"What is the position of the person on stage?
 Options: A: Standing on the left side, B: Seated in the center, C: Sitting on the floor in front, D: Leaning on the guitar on the right side",A
1170,90,1025,math,geometry,"Hint: Please answer the question and provide the correct option letter, e.g., A, B, C, D, at the end.
Question: 如图，AC，BD是菱形ABCD的对角线，BH⊥AD于点H，若AC＝4，BD＝3，则BH的长为（）
Choices:
(A) 2.4
(B) 2.5
(C) 4.8
(D) 5",A,True,2025-11-04 16:37:21.079,Winnie,0,"Where is it?
 Options: A: Shanghai, B: Xi'an, C: Wuhan, D: Nanjing",A
1171,90,1025,math,geometry,"Hint: Please answer the question and provide the correct option letter, e.g., A, B, C, D, at the end.
Question: 如图，AC，BD是菱形ABCD的对角线，BH⊥AD于点H，若AC＝4，BD＝3，则BH的长为（）
Choices:
(A) 2.4
(B) 2.5
(C) 4.8
(D) 5",A,True,2025-11-04 16:55:47.964,JJH,0,"Where is it?
 Options: A: Shanghai, B: Xi'an, C: Wuhan, D: Nanjing",A
1172,90,1025,math,geometry,"Hint: Please answer the question and provide the correct option letter, e.g., A, B, C, D, at the end.
Question: 如图，AC，BD是菱形ABCD的对角线，BH⊥AD于点H，若AC＝4，BD＝3，则BH的长为（）
Choices:
(A) 2.4
(B) 2.5
(C) 4.8
(D) 5",A,False,2025-11-04 17:09:00.783,Lee,0,"Where is it?
 Options: A: Shanghai, B: Xi'an, C: Wuhan, D: Nanjing",C
1173,90,1025,math,geometry,"Hint: Please answer the question and provide the correct option letter, e.g., A, B, C, D, at the end.
Question: 如图，AC，BD是菱形ABCD的对角线，BH⊥AD于点H，若AC＝4，BD＝3，则BH的长为（）
Choices:
(A) 2.4
(B) 2.5
(C) 4.8
(D) 5",A,True,2025-11-04 17:16:55.232,성민석,0,"Where is it?
 Options: A: Shanghai, B: Xi'an, C: Wuhan, D: Nanjing",A
1174,90,1025,math,geometry,"Hint: Please answer the question and provide the correct option letter, e.g., A, B, C, D, at the end.
Question: 如图，AC，BD是菱形ABCD的对角线，BH⊥AD于点H，若AC＝4，BD＝3，则BH的长为（）
Choices:
(A) 2.4
(B) 2.5
(C) 4.8
(D) 5",A,True,2025-11-04 18:35:45.170,EJ,0,"Where is it?
 Options: A: Shanghai, B: Xi'an, C: Wuhan, D: Nanjing",A
1175,90,1025,math,geometry,"Hint: Please answer the question and provide the correct option letter, e.g., A, B, C, D, at the end.
Question: 如图，AC，BD是菱形ABCD的对角线，BH⊥AD于点H，若AC＝4，BD＝3，则BH的长为（）
Choices:
(A) 2.4
(B) 2.5
(C) 4.8
(D) 5",A,True,2025-11-04 19:47:12.130,배재형,0,"Where is it?
 Options: A: Shanghai, B: Xi'an, C: Wuhan, D: Nanjing",A
1176,90,1025,math,geometry,"Hint: Please answer the question and provide the correct option letter, e.g., A, B, C, D, at the end.
Question: 如图，AC，BD是菱形ABCD的对角线，BH⊥AD于点H，若AC＝4，BD＝3，则BH的长为（）
Choices:
(A) 2.4
(B) 2.5
(C) 4.8
(D) 5",A,True,2025-11-05 00:48:32.876,박지윤,0,"Where is it?
 Options: A: Shanghai, B: Xi'an, C: Wuhan, D: Nanjing",A
1177,90,1025,math,geometry,"Hint: Please answer the question and provide the correct option letter, e.g., A, B, C, D, at the end.
Question: 如图，AC，BD是菱形ABCD的对角线，BH⊥AD于点H，若AC＝4，BD＝3，则BH的长为（）
Choices:
(A) 2.4
(B) 2.5
(C) 4.8
(D) 5",A,False,2025-11-05 01:48:20.004,박호조,0,"Where is it?
 Options: A: Shanghai, B: Xi'an, C: Wuhan, D: Nanjing",C
1178,90,1025,math,geometry,"Hint: Please answer the question and provide the correct option letter, e.g., A, B, C, D, at the end.
Question: 如图，AC，BD是菱形ABCD的对角线，BH⊥AD于点H，若AC＝4，BD＝3，则BH的长为（）
Choices:
(A) 2.4
(B) 2.5
(C) 4.8
(D) 5",A,True,2025-11-10 18:47:19.220,J,0,"Where is it?
 Options: A: Shanghai, B: Xi'an, C: Wuhan, D: Nanjing",A
1179,90,1025,math,geometry,"Hint: Please answer the question and provide the correct option letter, e.g., A, B, C, D, at the end.
Question: 如图，AC，BD是菱形ABCD的对角线，BH⊥AD于点H，若AC＝4，BD＝3，则BH的长为（）
Choices:
(A) 2.4
(B) 2.5
(C) 4.8
(D) 5",A,True,2025-11-11 15:27:53.412, KDY,0,"Where is it?
 Options: A: Shanghai, B: Xi'an, C: Wuhan, D: Nanjing",A
1180,90,1025,math,geometry,"Hint: Please answer the question and provide the correct option letter, e.g., A, B, C, D, at the end.
Question: 如图，AC，BD是菱形ABCD的对角线，BH⊥AD于点H，若AC＝4，BD＝3，则BH的长为（）
Choices:
(A) 2.4
(B) 2.5
(C) 4.8
(D) 5",A,False,2025-11-11 20:35:43.975,Kathy,0,"Where is it?
 Options: A: Shanghai, B: Xi'an, C: Wuhan, D: Nanjing",D
1181,90,1025,math,geometry,"Hint: Please answer the question and provide the correct option letter, e.g., A, B, C, D, at the end.
Question: 如图，AC，BD是菱形ABCD的对角线，BH⊥AD于点H，若AC＝4，BD＝3，则BH的长为（）
Choices:
(A) 2.4
(B) 2.5
(C) 4.8
(D) 5",A,False,2025-11-13 17:20:30.179,JMG,0,"Where is it?
 Options: A: Shanghai, B: Xi'an, C: Wuhan, D: Nanjing",D
1182,90,1025,math,geometry,"Hint: Please answer the question and provide the correct option letter, e.g., A, B, C, D, at the end.
Question: 如图，AC，BD是菱形ABCD的对角线，BH⊥AD于点H，若AC＝4，BD＝3，则BH的长为（）
Choices:
(A) 2.4
(B) 2.5
(C) 4.8
(D) 5",A,True,2025-11-14 21:27:23.659,조희승,0,"Where is it?
 Options: A: Shanghai, B: Xi'an, C: Wuhan, D: Nanjing",A
1183,91,963,math,geometry,"Hint: Please answer the question and provide the correct option letter, e.g., A, B, C, D, at the end.
Question: As shown in the figure, the straight line a ∥ b, the point B is on the straight line b, and AB ⊥ BC, ∠2 = 65.0, then the degree of ∠1 is ()
Choices:
(A) 65°
(B) 25°
(C) 35°
(D) 45°",B,False,2025-11-04 16:37:21.079,Winnie,0,"What is the color of the number on the red and blue jersey in the image?
 Options: A: Blue, B: Red, C: Orange, D: Black",A
1184,91,963,math,geometry,"Hint: Please answer the question and provide the correct option letter, e.g., A, B, C, D, at the end.
Question: As shown in the figure, the straight line a ∥ b, the point B is on the straight line b, and AB ⊥ BC, ∠2 = 65.0, then the degree of ∠1 is ()
Choices:
(A) 65°
(B) 25°
(C) 35°
(D) 45°",B,False,2025-11-04 16:55:47.964,JJH,0,"What is the color of the number on the red and blue jersey in the image?
 Options: A: Blue, B: Red, C: Orange, D: Black",A
1185,91,963,math,geometry,"Hint: Please answer the question and provide the correct option letter, e.g., A, B, C, D, at the end.
Question: As shown in the figure, the straight line a ∥ b, the point B is on the straight line b, and AB ⊥ BC, ∠2 = 65.0, then the degree of ∠1 is ()
Choices:
(A) 65°
(B) 25°
(C) 35°
(D) 45°",B,True,2025-11-04 17:09:00.783,Lee,0,"What is the color of the number on the red and blue jersey in the image?
 Options: A: Blue, B: Red, C: Orange, D: Black",B
1186,91,963,math,geometry,"Hint: Please answer the question and provide the correct option letter, e.g., A, B, C, D, at the end.
Question: As shown in the figure, the straight line a ∥ b, the point B is on the straight line b, and AB ⊥ BC, ∠2 = 65.0, then the degree of ∠1 is ()
Choices:
(A) 65°
(B) 25°
(C) 35°
(D) 45°",B,True,2025-11-04 17:16:55.232,성민석,0,"What is the color of the number on the red and blue jersey in the image?
 Options: A: Blue, B: Red, C: Orange, D: Black",B
1187,91,963,math,geometry,"Hint: Please answer the question and provide the correct option letter, e.g., A, B, C, D, at the end.
Question: As shown in the figure, the straight line a ∥ b, the point B is on the straight line b, and AB ⊥ BC, ∠2 = 65.0, then the degree of ∠1 is ()
Choices:
(A) 65°
(B) 25°
(C) 35°
(D) 45°",B,True,2025-11-04 18:35:45.170,EJ,0,"What is the color of the number on the red and blue jersey in the image?
 Options: A: Blue, B: Red, C: Orange, D: Black",B
1188,91,963,math,geometry,"Hint: Please answer the question and provide the correct option letter, e.g., A, B, C, D, at the end.
Question: As shown in the figure, the straight line a ∥ b, the point B is on the straight line b, and AB ⊥ BC, ∠2 = 65.0, then the degree of ∠1 is ()
Choices:
(A) 65°
(B) 25°
(C) 35°
(D) 45°",B,False,2025-11-04 19:47:12.130,배재형,0,"What is the color of the number on the red and blue jersey in the image?
 Options: A: Blue, B: Red, C: Orange, D: Black",D
1189,91,963,math,geometry,"Hint: Please answer the question and provide the correct option letter, e.g., A, B, C, D, at the end.
Question: As shown in the figure, the straight line a ∥ b, the point B is on the straight line b, and AB ⊥ BC, ∠2 = 65.0, then the degree of ∠1 is ()
Choices:
(A) 65°
(B) 25°
(C) 35°
(D) 45°",B,False,2025-11-05 00:48:32.876,박지윤,0,"What is the color of the number on the red and blue jersey in the image?
 Options: A: Blue, B: Red, C: Orange, D: Black",C
1190,91,963,math,geometry,"Hint: Please answer the question and provide the correct option letter, e.g., A, B, C, D, at the end.
Question: As shown in the figure, the straight line a ∥ b, the point B is on the straight line b, and AB ⊥ BC, ∠2 = 65.0, then the degree of ∠1 is ()
Choices:
(A) 65°
(B) 25°
(C) 35°
(D) 45°",B,False,2025-11-05 01:48:20.004,박호조,0,"What is the color of the number on the red and blue jersey in the image?
 Options: A: Blue, B: Red, C: Orange, D: Black",A
1191,91,963,math,geometry,"Hint: Please answer the question and provide the correct option letter, e.g., A, B, C, D, at the end.
Question: As shown in the figure, the straight line a ∥ b, the point B is on the straight line b, and AB ⊥ BC, ∠2 = 65.0, then the degree of ∠1 is ()
Choices:
(A) 65°
(B) 25°
(C) 35°
(D) 45°",B,False,2025-11-10 18:47:19.220,J,0,"What is the color of the number on the red and blue jersey in the image?
 Options: A: Blue, B: Red, C: Orange, D: Black",D
1192,91,963,math,geometry,"Hint: Please answer the question and provide the correct option letter, e.g., A, B, C, D, at the end.
Question: As shown in the figure, the straight line a ∥ b, the point B is on the straight line b, and AB ⊥ BC, ∠2 = 65.0, then the degree of ∠1 is ()
Choices:
(A) 65°
(B) 25°
(C) 35°
(D) 45°",B,True,2025-11-11 15:27:53.412, KDY,0,"What is the color of the number on the red and blue jersey in the image?
 Options: A: Blue, B: Red, C: Orange, D: Black",B
1193,91,963,math,geometry,"Hint: Please answer the question and provide the correct option letter, e.g., A, B, C, D, at the end.
Question: As shown in the figure, the straight line a ∥ b, the point B is on the straight line b, and AB ⊥ BC, ∠2 = 65.0, then the degree of ∠1 is ()
Choices:
(A) 65°
(B) 25°
(C) 35°
(D) 45°",B,False,2025-11-11 20:35:43.975,Kathy,0,"What is the color of the number on the red and blue jersey in the image?
 Options: A: Blue, B: Red, C: Orange, D: Black",A
1194,91,963,math,geometry,"Hint: Please answer the question and provide the correct option letter, e.g., A, B, C, D, at the end.
Question: As shown in the figure, the straight line a ∥ b, the point B is on the straight line b, and AB ⊥ BC, ∠2 = 65.0, then the degree of ∠1 is ()
Choices:
(A) 65°
(B) 25°
(C) 35°
(D) 45°",B,False,2025-11-13 17:20:30.179,JMG,0,"What is the color of the number on the red and blue jersey in the image?
 Options: A: Blue, B: Red, C: Orange, D: Black",D
1195,91,963,math,geometry,"Hint: Please answer the question and provide the correct option letter, e.g., A, B, C, D, at the end.
Question: As shown in the figure, the straight line a ∥ b, the point B is on the straight line b, and AB ⊥ BC, ∠2 = 65.0, then the degree of ∠1 is ()
Choices:
(A) 65°
(B) 25°
(C) 35°
(D) 45°",B,False,2025-11-14 21:27:23.659,조희승,0,"What is the color of the number on the red and blue jersey in the image?
 Options: A: Blue, B: Red, C: Orange, D: Black",D
1196,92,962,math,geometry,"Hint: Please answer the question and provide the correct option letter, e.g., A, B, C, D, at the end.
Question: As shown in the figure, the parallel lines a and b are intercepted by the straight line c. If ∠1 = 50.0, then the degree of ∠2 is ()
Choices:
(A) 150°
(B) 130°
(C) 110°
(D) 100°",B,False,2025-11-04 16:37:21.079,Winnie,0,"How many wooden objects are in the image?
 Options: A: 1, B: 2, C: 3, D: 4",C
1197,92,962,math,geometry,"Hint: Please answer the question and provide the correct option letter, e.g., A, B, C, D, at the end.
Question: As shown in the figure, the parallel lines a and b are intercepted by the straight line c. If ∠1 = 50.0, then the degree of ∠2 is ()
Choices:
(A) 150°
(B) 130°
(C) 110°
(D) 100°",B,False,2025-11-04 16:55:47.964,JJH,0,"How many wooden objects are in the image?
 Options: A: 1, B: 2, C: 3, D: 4",D
1198,92,962,math,geometry,"Hint: Please answer the question and provide the correct option letter, e.g., A, B, C, D, at the end.
Question: As shown in the figure, the parallel lines a and b are intercepted by the straight line c. If ∠1 = 50.0, then the degree of ∠2 is ()
Choices:
(A) 150°
(B) 130°
(C) 110°
(D) 100°",B,False,2025-11-04 17:09:00.783,Lee,0,"How many wooden objects are in the image?
 Options: A: 1, B: 2, C: 3, D: 4",C
1199,92,962,math,geometry,"Hint: Please answer the question and provide the correct option letter, e.g., A, B, C, D, at the end.
Question: As shown in the figure, the parallel lines a and b are intercepted by the straight line c. If ∠1 = 50.0, then the degree of ∠2 is ()
Choices:
(A) 150°
(B) 130°
(C) 110°
(D) 100°",B,True,2025-11-04 17:16:55.232,성민석,0,"How many wooden objects are in the image?
 Options: A: 1, B: 2, C: 3, D: 4",B
1200,92,962,math,geometry,"Hint: Please answer the question and provide the correct option letter, e.g., A, B, C, D, at the end.
Question: As shown in the figure, the parallel lines a and b are intercepted by the straight line c. If ∠1 = 50.0, then the degree of ∠2 is ()
Choices:
(A) 150°
(B) 130°
(C) 110°
(D) 100°",B,False,2025-11-04 18:35:45.170,EJ,0,"How many wooden objects are in the image?
 Options: A: 1, B: 2, C: 3, D: 4",C
1201,92,962,math,geometry,"Hint: Please answer the question and provide the correct option letter, e.g., A, B, C, D, at the end.
Question: As shown in the figure, the parallel lines a and b are intercepted by the straight line c. If ∠1 = 50.0, then the degree of ∠2 is ()
Choices:
(A) 150°
(B) 130°
(C) 110°
(D) 100°",B,False,2025-11-04 19:47:12.130,배재형,0,"How many wooden objects are in the image?
 Options: A: 1, B: 2, C: 3, D: 4",C
1202,92,962,math,geometry,"Hint: Please answer the question and provide the correct option letter, e.g., A, B, C, D, at the end.
Question: As shown in the figure, the parallel lines a and b are intercepted by the straight line c. If ∠1 = 50.0, then the degree of ∠2 is ()
Choices:
(A) 150°
(B) 130°
(C) 110°
(D) 100°",B,False,2025-11-05 00:48:32.876,박지윤,0,"How many wooden objects are in the image?
 Options: A: 1, B: 2, C: 3, D: 4",A
1203,92,962,math,geometry,"Hint: Please answer the question and provide the correct option letter, e.g., A, B, C, D, at the end.
Question: As shown in the figure, the parallel lines a and b are intercepted by the straight line c. If ∠1 = 50.0, then the degree of ∠2 is ()
Choices:
(A) 150°
(B) 130°
(C) 110°
(D) 100°",B,False,2025-11-05 01:48:20.004,박호조,0,"How many wooden objects are in the image?
 Options: A: 1, B: 2, C: 3, D: 4",C
1204,92,962,math,geometry,"Hint: Please answer the question and provide the correct option letter, e.g., A, B, C, D, at the end.
Question: As shown in the figure, the parallel lines a and b are intercepted by the straight line c. If ∠1 = 50.0, then the degree of ∠2 is ()
Choices:
(A) 150°
(B) 130°
(C) 110°
(D) 100°",B,True,2025-11-10 18:47:19.220,J,0,"How many wooden objects are in the image?
 Options: A: 1, B: 2, C: 3, D: 4",B
1205,92,962,math,geometry,"Hint: Please answer the question and provide the correct option letter, e.g., A, B, C, D, at the end.
Question: As shown in the figure, the parallel lines a and b are intercepted by the straight line c. If ∠1 = 50.0, then the degree of ∠2 is ()
Choices:
(A) 150°
(B) 130°
(C) 110°
(D) 100°",B,False,2025-11-11 15:27:53.412, KDY,0,"How many wooden objects are in the image?
 Options: A: 1, B: 2, C: 3, D: 4",C
1206,92,962,math,geometry,"Hint: Please answer the question and provide the correct option letter, e.g., A, B, C, D, at the end.
Question: As shown in the figure, the parallel lines a and b are intercepted by the straight line c. If ∠1 = 50.0, then the degree of ∠2 is ()
Choices:
(A) 150°
(B) 130°
(C) 110°
(D) 100°",B,True,2025-11-11 20:35:43.975,Kathy,0,"How many wooden objects are in the image?
 Options: A: 1, B: 2, C: 3, D: 4",B
1207,92,962,math,geometry,"Hint: Please answer the question and provide the correct option letter, e.g., A, B, C, D, at the end.
Question: As shown in the figure, the parallel lines a and b are intercepted by the straight line c. If ∠1 = 50.0, then the degree of ∠2 is ()
Choices:
(A) 150°
(B) 130°
(C) 110°
(D) 100°",B,False,2025-11-13 17:20:30.179,JMG,0,"How many wooden objects are in the image?
 Options: A: 1, B: 2, C: 3, D: 4",D
1208,92,962,math,geometry,"Hint: Please answer the question and provide the correct option letter, e.g., A, B, C, D, at the end.
Question: As shown in the figure, the parallel lines a and b are intercepted by the straight line c. If ∠1 = 50.0, then the degree of ∠2 is ()
Choices:
(A) 150°
(B) 130°
(C) 110°
(D) 100°",B,True,2025-11-14 21:27:23.659,조희승,0,"How many wooden objects are in the image?
 Options: A: 1, B: 2, C: 3, D: 4",B
1209,93,887,logical reasoning,diagram reasoning,"Think about the magnetic force between the magnets in each pair. Which of the following statements is true?
Options: A: The magnitude of the magnetic force is greater in Pair 2., B: The magnitude of the magnetic force is greater in Pair 1., C: The magnitude of the magnetic force is the same in both pairs., D: nan",B,False,2025-11-04 16:37:21.079,Winnie,0,"How many tires can be seen in the image?
A: 4, B: 3, C: 5, D: 6",A
1210,93,887,logical reasoning,diagram reasoning,"Think about the magnetic force between the magnets in each pair. Which of the following statements is true?
Options: A: The magnitude of the magnetic force is greater in Pair 2., B: The magnitude of the magnetic force is greater in Pair 1., C: The magnitude of the magnetic force is the same in both pairs., D: nan",B,False,2025-11-04 16:55:47.964,JJH,0,"How many tires can be seen in the image?
A: 4, B: 3, C: 5, D: 6",A
1211,93,887,logical reasoning,diagram reasoning,"Think about the magnetic force between the magnets in each pair. Which of the following statements is true?
Options: A: The magnitude of the magnetic force is greater in Pair 2., B: The magnitude of the magnetic force is greater in Pair 1., C: The magnitude of the magnetic force is the same in both pairs., D: nan",B,False,2025-11-04 17:09:00.783,Lee,0,"How many tires can be seen in the image?
A: 4, B: 3, C: 5, D: 6",A
1212,93,887,logical reasoning,diagram reasoning,"Think about the magnetic force between the magnets in each pair. Which of the following statements is true?
Options: A: The magnitude of the magnetic force is greater in Pair 2., B: The magnitude of the magnetic force is greater in Pair 1., C: The magnitude of the magnetic force is the same in both pairs., D: nan",B,True,2025-11-04 17:16:55.232,성민석,0,"How many tires can be seen in the image?
A: 4, B: 3, C: 5, D: 6",B
1213,93,887,logical reasoning,diagram reasoning,"Think about the magnetic force between the magnets in each pair. Which of the following statements is true?
Options: A: The magnitude of the magnetic force is greater in Pair 2., B: The magnitude of the magnetic force is greater in Pair 1., C: The magnitude of the magnetic force is the same in both pairs., D: nan",B,False,2025-11-04 18:35:45.170,EJ,0,"How many tires can be seen in the image?
A: 4, B: 3, C: 5, D: 6",A
1214,93,887,logical reasoning,diagram reasoning,"Think about the magnetic force between the magnets in each pair. Which of the following statements is true?
Options: A: The magnitude of the magnetic force is greater in Pair 2., B: The magnitude of the magnetic force is greater in Pair 1., C: The magnitude of the magnetic force is the same in both pairs., D: nan",B,False,2025-11-04 19:47:12.130,배재형,0,"How many tires can be seen in the image?
A: 4, B: 3, C: 5, D: 6",A
1215,93,887,logical reasoning,diagram reasoning,"Think about the magnetic force between the magnets in each pair. Which of the following statements is true?
Options: A: The magnitude of the magnetic force is greater in Pair 2., B: The magnitude of the magnetic force is greater in Pair 1., C: The magnitude of the magnetic force is the same in both pairs., D: nan",B,True,2025-11-05 00:48:32.876,박지윤,0,"How many tires can be seen in the image?
A: 4, B: 3, C: 5, D: 6",B
1216,93,887,logical reasoning,diagram reasoning,"Think about the magnetic force between the magnets in each pair. Which of the following statements is true?
Options: A: The magnitude of the magnetic force is greater in Pair 2., B: The magnitude of the magnetic force is greater in Pair 1., C: The magnitude of the magnetic force is the same in both pairs., D: nan",B,False,2025-11-05 01:48:20.004,박호조,0,"How many tires can be seen in the image?
A: 4, B: 3, C: 5, D: 6",C
1217,93,887,logical reasoning,diagram reasoning,"Think about the magnetic force between the magnets in each pair. Which of the following statements is true?
Options: A: The magnitude of the magnetic force is greater in Pair 2., B: The magnitude of the magnetic force is greater in Pair 1., C: The magnitude of the magnetic force is the same in both pairs., D: nan",B,False,2025-11-10 18:47:19.220,J,0,"How many tires can be seen in the image?
A: 4, B: 3, C: 5, D: 6",A
1218,93,887,logical reasoning,diagram reasoning,"Think about the magnetic force between the magnets in each pair. Which of the following statements is true?
Options: A: The magnitude of the magnetic force is greater in Pair 2., B: The magnitude of the magnetic force is greater in Pair 1., C: The magnitude of the magnetic force is the same in both pairs., D: nan",B,False,2025-11-11 15:27:53.412, KDY,0,"How many tires can be seen in the image?
A: 4, B: 3, C: 5, D: 6",A
1219,93,887,logical reasoning,diagram reasoning,"Think about the magnetic force between the magnets in each pair. Which of the following statements is true?
Options: A: The magnitude of the magnetic force is greater in Pair 2., B: The magnitude of the magnetic force is greater in Pair 1., C: The magnitude of the magnetic force is the same in both pairs., D: nan",B,False,2025-11-11 20:35:43.975,Kathy,0,"How many tires can be seen in the image?
A: 4, B: 3, C: 5, D: 6",A
1220,93,887,logical reasoning,diagram reasoning,"Think about the magnetic force between the magnets in each pair. Which of the following statements is true?
Options: A: The magnitude of the magnetic force is greater in Pair 2., B: The magnitude of the magnetic force is greater in Pair 1., C: The magnitude of the magnetic force is the same in both pairs., D: nan",B,False,2025-11-13 17:20:30.179,JMG,0,"How many tires can be seen in the image?
A: 4, B: 3, C: 5, D: 6",C
1221,93,887,logical reasoning,diagram reasoning,"Think about the magnetic force between the magnets in each pair. Which of the following statements is true?
Options: A: The magnitude of the magnetic force is greater in Pair 2., B: The magnitude of the magnetic force is greater in Pair 1., C: The magnitude of the magnetic force is the same in both pairs., D: nan",B,False,2025-11-14 21:27:23.659,조희승,0,"How many tires can be seen in the image?
A: 4, B: 3, C: 5, D: 6",A
1222,94,945,math,geometry,"Hint: Please answer the question and provide the correct option letter, e.g., A, B, C, D, at the end.
Question: As shown in the figure, E is any point in ▱ABCD, if S~quadrilateral ABCD~ = 6.0, then the area of ​​the shaded part in the figure is ()
Choices:
(A) 2
(B) 3
(C) 4
(D) 5",B,False,2025-11-04 16:37:21.079,Winnie,0,"Who is the person in this image?
 Options: A: Kobe Bryant, B: Jing Wu, C: Morgan Freeman, D: Jay Chou",A
1223,94,945,math,geometry,"Hint: Please answer the question and provide the correct option letter, e.g., A, B, C, D, at the end.
Question: As shown in the figure, E is any point in ▱ABCD, if S~quadrilateral ABCD~ = 6.0, then the area of ​​the shaded part in the figure is ()
Choices:
(A) 2
(B) 3
(C) 4
(D) 5",B,False,2025-11-04 16:55:47.964,JJH,0,"Who is the person in this image?
 Options: A: Kobe Bryant, B: Jing Wu, C: Morgan Freeman, D: Jay Chou",C
1224,94,945,math,geometry,"Hint: Please answer the question and provide the correct option letter, e.g., A, B, C, D, at the end.
Question: As shown in the figure, E is any point in ▱ABCD, if S~quadrilateral ABCD~ = 6.0, then the area of ​​the shaded part in the figure is ()
Choices:
(A) 2
(B) 3
(C) 4
(D) 5",B,False,2025-11-04 17:09:00.783,Lee,0,"Who is the person in this image?
 Options: A: Kobe Bryant, B: Jing Wu, C: Morgan Freeman, D: Jay Chou",A
1225,94,945,math,geometry,"Hint: Please answer the question and provide the correct option letter, e.g., A, B, C, D, at the end.
Question: As shown in the figure, E is any point in ▱ABCD, if S~quadrilateral ABCD~ = 6.0, then the area of ​​the shaded part in the figure is ()
Choices:
(A) 2
(B) 3
(C) 4
(D) 5",B,False,2025-11-04 17:16:55.232,성민석,0,"Who is the person in this image?
 Options: A: Kobe Bryant, B: Jing Wu, C: Morgan Freeman, D: Jay Chou",C
1226,94,945,math,geometry,"Hint: Please answer the question and provide the correct option letter, e.g., A, B, C, D, at the end.
Question: As shown in the figure, E is any point in ▱ABCD, if S~quadrilateral ABCD~ = 6.0, then the area of ​​the shaded part in the figure is ()
Choices:
(A) 2
(B) 3
(C) 4
(D) 5",B,False,2025-11-04 18:35:45.170,EJ,0,"Who is the person in this image?
 Options: A: Kobe Bryant, B: Jing Wu, C: Morgan Freeman, D: Jay Chou",A
1227,94,945,math,geometry,"Hint: Please answer the question and provide the correct option letter, e.g., A, B, C, D, at the end.
Question: As shown in the figure, E is any point in ▱ABCD, if S~quadrilateral ABCD~ = 6.0, then the area of ​​the shaded part in the figure is ()
Choices:
(A) 2
(B) 3
(C) 4
(D) 5",B,True,2025-11-04 19:47:12.130,배재형,0,"Who is the person in this image?
 Options: A: Kobe Bryant, B: Jing Wu, C: Morgan Freeman, D: Jay Chou",B
1228,94,945,math,geometry,"Hint: Please answer the question and provide the correct option letter, e.g., A, B, C, D, at the end.
Question: As shown in the figure, E is any point in ▱ABCD, if S~quadrilateral ABCD~ = 6.0, then the area of ​​the shaded part in the figure is ()
Choices:
(A) 2
(B) 3
(C) 4
(D) 5",B,False,2025-11-05 00:48:32.876,박지윤,0,"Who is the person in this image?
 Options: A: Kobe Bryant, B: Jing Wu, C: Morgan Freeman, D: Jay Chou",A
1229,94,945,math,geometry,"Hint: Please answer the question and provide the correct option letter, e.g., A, B, C, D, at the end.
Question: As shown in the figure, E is any point in ▱ABCD, if S~quadrilateral ABCD~ = 6.0, then the area of ​​the shaded part in the figure is ()
Choices:
(A) 2
(B) 3
(C) 4
(D) 5",B,False,2025-11-05 01:48:20.004,박호조,0,"Who is the person in this image?
 Options: A: Kobe Bryant, B: Jing Wu, C: Morgan Freeman, D: Jay Chou",A
1230,94,945,math,geometry,"Hint: Please answer the question and provide the correct option letter, e.g., A, B, C, D, at the end.
Question: As shown in the figure, E is any point in ▱ABCD, if S~quadrilateral ABCD~ = 6.0, then the area of ​​the shaded part in the figure is ()
Choices:
(A) 2
(B) 3
(C) 4
(D) 5",B,False,2025-11-10 18:47:19.220,J,0,"Who is the person in this image?
 Options: A: Kobe Bryant, B: Jing Wu, C: Morgan Freeman, D: Jay Chou",A
1231,94,945,math,geometry,"Hint: Please answer the question and provide the correct option letter, e.g., A, B, C, D, at the end.
Question: As shown in the figure, E is any point in ▱ABCD, if S~quadrilateral ABCD~ = 6.0, then the area of ​​the shaded part in the figure is ()
Choices:
(A) 2
(B) 3
(C) 4
(D) 5",B,False,2025-11-11 15:27:53.412, KDY,0,"Who is the person in this image?
 Options: A: Kobe Bryant, B: Jing Wu, C: Morgan Freeman, D: Jay Chou",A
1232,94,945,math,geometry,"Hint: Please answer the question and provide the correct option letter, e.g., A, B, C, D, at the end.
Question: As shown in the figure, E is any point in ▱ABCD, if S~quadrilateral ABCD~ = 6.0, then the area of ​​the shaded part in the figure is ()
Choices:
(A) 2
(B) 3
(C) 4
(D) 5",B,False,2025-11-11 20:35:43.975,Kathy,0,"Who is the person in this image?
 Options: A: Kobe Bryant, B: Jing Wu, C: Morgan Freeman, D: Jay Chou",C
1233,94,945,math,geometry,"Hint: Please answer the question and provide the correct option letter, e.g., A, B, C, D, at the end.
Question: As shown in the figure, E is any point in ▱ABCD, if S~quadrilateral ABCD~ = 6.0, then the area of ​​the shaded part in the figure is ()
Choices:
(A) 2
(B) 3
(C) 4
(D) 5",B,False,2025-11-13 17:20:30.179,JMG,0,"Who is the person in this image?
 Options: A: Kobe Bryant, B: Jing Wu, C: Morgan Freeman, D: Jay Chou",C
1234,94,945,math,geometry,"Hint: Please answer the question and provide the correct option letter, e.g., A, B, C, D, at the end.
Question: As shown in the figure, E is any point in ▱ABCD, if S~quadrilateral ABCD~ = 6.0, then the area of ​​the shaded part in the figure is ()
Choices:
(A) 2
(B) 3
(C) 4
(D) 5",B,False,2025-11-14 21:27:23.659,조희승,0,"Who is the person in this image?
 Options: A: Kobe Bryant, B: Jing Wu, C: Morgan Freeman, D: Jay Chou",C
1235,95,1019,math,geometry,"Hint: Please answer the question and provide the correct option letter, e.g., A, B, C, D, at the end.
Question: f(-1) is ____ f(0).
Choices:
(A) larger than
(B) equal to
(C) smaller than
(D) nan",C,False,2025-11-04 16:37:21.079,Winnie,0,"Which scene category matches this image the best?
 Options: A: forest_path, B: museum/indoor, C: storage_room, D: alley",B
1236,95,1019,math,geometry,"Hint: Please answer the question and provide the correct option letter, e.g., A, B, C, D, at the end.
Question: f(-1) is ____ f(0).
Choices:
(A) larger than
(B) equal to
(C) smaller than
(D) nan",C,False,2025-11-04 16:55:47.964,JJH,0,"Which scene category matches this image the best?
 Options: A: forest_path, B: museum/indoor, C: storage_room, D: alley",A
1237,95,1019,math,geometry,"Hint: Please answer the question and provide the correct option letter, e.g., A, B, C, D, at the end.
Question: f(-1) is ____ f(0).
Choices:
(A) larger than
(B) equal to
(C) smaller than
(D) nan",C,True,2025-11-04 17:09:00.783,Lee,0,"Which scene category matches this image the best?
 Options: A: forest_path, B: museum/indoor, C: storage_room, D: alley",C
1238,95,1019,math,geometry,"Hint: Please answer the question and provide the correct option letter, e.g., A, B, C, D, at the end.
Question: f(-1) is ____ f(0).
Choices:
(A) larger than
(B) equal to
(C) smaller than
(D) nan",C,False,2025-11-04 17:16:55.232,성민석,0,"Which scene category matches this image the best?
 Options: A: forest_path, B: museum/indoor, C: storage_room, D: alley",D
1239,95,1019,math,geometry,"Hint: Please answer the question and provide the correct option letter, e.g., A, B, C, D, at the end.
Question: f(-1) is ____ f(0).
Choices:
(A) larger than
(B) equal to
(C) smaller than
(D) nan",C,False,2025-11-04 18:35:45.170,EJ,0,"Which scene category matches this image the best?
 Options: A: forest_path, B: museum/indoor, C: storage_room, D: alley",A
1240,95,1019,math,geometry,"Hint: Please answer the question and provide the correct option letter, e.g., A, B, C, D, at the end.
Question: f(-1) is ____ f(0).
Choices:
(A) larger than
(B) equal to
(C) smaller than
(D) nan",C,False,2025-11-04 19:47:12.130,배재형,0,"Which scene category matches this image the best?
 Options: A: forest_path, B: museum/indoor, C: storage_room, D: alley",A
1241,95,1019,math,geometry,"Hint: Please answer the question and provide the correct option letter, e.g., A, B, C, D, at the end.
Question: f(-1) is ____ f(0).
Choices:
(A) larger than
(B) equal to
(C) smaller than
(D) nan",C,True,2025-11-05 00:48:32.876,박지윤,0,"Which scene category matches this image the best?
 Options: A: forest_path, B: museum/indoor, C: storage_room, D: alley",C
1242,95,1019,math,geometry,"Hint: Please answer the question and provide the correct option letter, e.g., A, B, C, D, at the end.
Question: f(-1) is ____ f(0).
Choices:
(A) larger than
(B) equal to
(C) smaller than
(D) nan",C,False,2025-11-05 01:48:20.004,박호조,0,"Which scene category matches this image the best?
 Options: A: forest_path, B: museum/indoor, C: storage_room, D: alley",D
1243,95,1019,math,geometry,"Hint: Please answer the question and provide the correct option letter, e.g., A, B, C, D, at the end.
Question: f(-1) is ____ f(0).
Choices:
(A) larger than
(B) equal to
(C) smaller than
(D) nan",C,False,2025-11-10 18:47:19.220,J,0,"Which scene category matches this image the best?
 Options: A: forest_path, B: museum/indoor, C: storage_room, D: alley",B
1244,95,1019,math,geometry,"Hint: Please answer the question and provide the correct option letter, e.g., A, B, C, D, at the end.
Question: f(-1) is ____ f(0).
Choices:
(A) larger than
(B) equal to
(C) smaller than
(D) nan",C,False,2025-11-11 15:27:53.412, KDY,0,"Which scene category matches this image the best?
 Options: A: forest_path, B: museum/indoor, C: storage_room, D: alley",D
1245,95,1019,math,geometry,"Hint: Please answer the question and provide the correct option letter, e.g., A, B, C, D, at the end.
Question: f(-1) is ____ f(0).
Choices:
(A) larger than
(B) equal to
(C) smaller than
(D) nan",C,False,2025-11-11 20:35:43.975,Kathy,0,"Which scene category matches this image the best?
 Options: A: forest_path, B: museum/indoor, C: storage_room, D: alley",A
1246,95,1019,math,geometry,"Hint: Please answer the question and provide the correct option letter, e.g., A, B, C, D, at the end.
Question: f(-1) is ____ f(0).
Choices:
(A) larger than
(B) equal to
(C) smaller than
(D) nan",C,False,2025-11-13 17:20:30.179,JMG,0,"Which scene category matches this image the best?
 Options: A: forest_path, B: museum/indoor, C: storage_room, D: alley",A
1247,95,1019,math,geometry,"Hint: Please answer the question and provide the correct option letter, e.g., A, B, C, D, at the end.
Question: f(-1) is ____ f(0).
Choices:
(A) larger than
(B) equal to
(C) smaller than
(D) nan",C,False,2025-11-14 21:27:23.659,조희승,0,"Which scene category matches this image the best?
 Options: A: forest_path, B: museum/indoor, C: storage_room, D: alley",A
1248,96,232,fine-grained perception,localization,"Where is the woman located in the picture?
Options: A: left, B: right, C: top, D: bottom",B,False,2025-11-04 16:37:21.079,Winnie,0,"What is the color of the lettering on the green sign in the image?
 Options: A: Black, B: Blue, C: Yellow, D: White",C
1249,96,232,fine-grained perception,localization,"Where is the woman located in the picture?
Options: A: left, B: right, C: top, D: bottom",B,False,2025-11-04 16:55:47.964,JJH,0,"What is the color of the lettering on the green sign in the image?
 Options: A: Black, B: Blue, C: Yellow, D: White",D
1250,96,232,fine-grained perception,localization,"Where is the woman located in the picture?
Options: A: left, B: right, C: top, D: bottom",B,True,2025-11-04 17:09:00.783,Lee,0,"What is the color of the lettering on the green sign in the image?
 Options: A: Black, B: Blue, C: Yellow, D: White",B
1251,96,232,fine-grained perception,localization,"Where is the woman located in the picture?
Options: A: left, B: right, C: top, D: bottom",B,False,2025-11-04 17:16:55.232,성민석,0,"What is the color of the lettering on the green sign in the image?
 Options: A: Black, B: Blue, C: Yellow, D: White",C
1252,96,232,fine-grained perception,localization,"Where is the woman located in the picture?
Options: A: left, B: right, C: top, D: bottom",B,False,2025-11-04 18:35:45.170,EJ,0,"What is the color of the lettering on the green sign in the image?
 Options: A: Black, B: Blue, C: Yellow, D: White",D
1253,96,232,fine-grained perception,localization,"Where is the woman located in the picture?
Options: A: left, B: right, C: top, D: bottom",B,False,2025-11-04 19:47:12.130,배재형,0,"What is the color of the lettering on the green sign in the image?
 Options: A: Black, B: Blue, C: Yellow, D: White",C
1254,96,232,fine-grained perception,localization,"Where is the woman located in the picture?
Options: A: left, B: right, C: top, D: bottom",B,False,2025-11-05 00:48:32.876,박지윤,0,"What is the color of the lettering on the green sign in the image?
 Options: A: Black, B: Blue, C: Yellow, D: White",C
1255,96,232,fine-grained perception,localization,"Where is the woman located in the picture?
Options: A: left, B: right, C: top, D: bottom",B,False,2025-11-05 01:48:20.004,박호조,0,"What is the color of the lettering on the green sign in the image?
 Options: A: Black, B: Blue, C: Yellow, D: White",C
1256,96,232,fine-grained perception,localization,"Where is the woman located in the picture?
Options: A: left, B: right, C: top, D: bottom",B,False,2025-11-10 18:47:19.220,J,0,"What is the color of the lettering on the green sign in the image?
 Options: A: Black, B: Blue, C: Yellow, D: White",A
1257,96,232,fine-grained perception,localization,"Where is the woman located in the picture?
Options: A: left, B: right, C: top, D: bottom",B,False,2025-11-11 15:27:53.412, KDY,0,"What is the color of the lettering on the green sign in the image?
 Options: A: Black, B: Blue, C: Yellow, D: White",D
1258,96,232,fine-grained perception,localization,"Where is the woman located in the picture?
Options: A: left, B: right, C: top, D: bottom",B,False,2025-11-11 20:35:43.975,Kathy,0,"What is the color of the lettering on the green sign in the image?
 Options: A: Black, B: Blue, C: Yellow, D: White",D
1259,96,232,fine-grained perception,localization,"Where is the woman located in the picture?
Options: A: left, B: right, C: top, D: bottom",B,False,2025-11-13 17:20:30.179,JMG,0,"What is the color of the lettering on the green sign in the image?
 Options: A: Black, B: Blue, C: Yellow, D: White",D
1260,96,232,fine-grained perception,localization,"Where is the woman located in the picture?
Options: A: left, B: right, C: top, D: bottom",B,False,2025-11-14 21:27:23.659,조희승,0,"What is the color of the lettering on the green sign in the image?
 Options: A: Black, B: Blue, C: Yellow, D: White",D
1261,97,317,fine-grained perception,object counting,"How many teddy bears are in the picture?
Options: A: Two, B: One, C: Three, D: Four",B,True,2025-11-04 16:37:21.079,Winnie,0,"What is the color of the couch in the image?
 Options: A: Beige, B: Brown, C: Tan, D: Gray",B
1262,97,317,fine-grained perception,object counting,"How many teddy bears are in the picture?
Options: A: Two, B: One, C: Three, D: Four",B,True,2025-11-04 16:55:47.964,JJH,0,"What is the color of the couch in the image?
 Options: A: Beige, B: Brown, C: Tan, D: Gray",B
1263,97,317,fine-grained perception,object counting,"How many teddy bears are in the picture?
Options: A: Two, B: One, C: Three, D: Four",B,False,2025-11-04 17:09:00.783,Lee,0,"What is the color of the couch in the image?
 Options: A: Beige, B: Brown, C: Tan, D: Gray",C
1264,97,317,fine-grained perception,object counting,"How many teddy bears are in the picture?
Options: A: Two, B: One, C: Three, D: Four",B,False,2025-11-04 17:16:55.232,성민석,0,"What is the color of the couch in the image?
 Options: A: Beige, B: Brown, C: Tan, D: Gray",C
1265,97,317,fine-grained perception,object counting,"How many teddy bears are in the picture?
Options: A: Two, B: One, C: Three, D: Four",B,True,2025-11-04 18:35:45.170,EJ,0,"What is the color of the couch in the image?
 Options: A: Beige, B: Brown, C: Tan, D: Gray",B
1266,97,317,fine-grained perception,object counting,"How many teddy bears are in the picture?
Options: A: Two, B: One, C: Three, D: Four",B,True,2025-11-04 19:47:12.130,배재형,0,"What is the color of the couch in the image?
 Options: A: Beige, B: Brown, C: Tan, D: Gray",B
1267,97,317,fine-grained perception,object counting,"How many teddy bears are in the picture?
Options: A: Two, B: One, C: Three, D: Four",B,False,2025-11-05 00:48:32.876,박지윤,0,"What is the color of the couch in the image?
 Options: A: Beige, B: Brown, C: Tan, D: Gray",A
1268,97,317,fine-grained perception,object counting,"How many teddy bears are in the picture?
Options: A: Two, B: One, C: Three, D: Four",B,False,2025-11-05 01:48:20.004,박호조,0,"What is the color of the couch in the image?
 Options: A: Beige, B: Brown, C: Tan, D: Gray",A
1269,97,317,fine-grained perception,object counting,"How many teddy bears are in the picture?
Options: A: Two, B: One, C: Three, D: Four",B,False,2025-11-10 18:47:19.220,J,0,"What is the color of the couch in the image?
 Options: A: Beige, B: Brown, C: Tan, D: Gray",A
1270,97,317,fine-grained perception,object counting,"How many teddy bears are in the picture?
Options: A: Two, B: One, C: Three, D: Four",B,True,2025-11-11 15:27:53.412, KDY,0,"What is the color of the couch in the image?
 Options: A: Beige, B: Brown, C: Tan, D: Gray",B
1271,97,317,fine-grained perception,object counting,"How many teddy bears are in the picture?
Options: A: Two, B: One, C: Three, D: Four",B,False,2025-11-11 20:35:43.975,Kathy,0,"What is the color of the couch in the image?
 Options: A: Beige, B: Brown, C: Tan, D: Gray",C
1272,97,317,fine-grained perception,object counting,"How many teddy bears are in the picture?
Options: A: Two, B: One, C: Three, D: Four",B,False,2025-11-13 17:20:30.179,JMG,0,"What is the color of the couch in the image?
 Options: A: Beige, B: Brown, C: Tan, D: Gray",D
1273,97,317,fine-grained perception,object counting,"How many teddy bears are in the picture?
Options: A: Two, B: One, C: Three, D: Four",B,True,2025-11-14 21:27:23.659,조희승,0,"What is the color of the couch in the image?
 Options: A: Beige, B: Brown, C: Tan, D: Gray",B
1274,98,160,coarse perception,image scene and topic,"is this place crowded?
Options: A: yes, B: no, C: nan, D: nan",B,True,2025-11-04 16:37:21.079,Winnie,0,"How many people are present in the image?
 Options: A: One, B: Three, C: Two, D: Four",B
1275,98,160,coarse perception,image scene and topic,"is this place crowded?
Options: A: yes, B: no, C: nan, D: nan",B,True,2025-11-04 16:55:47.964,JJH,0,"How many people are present in the image?
 Options: A: One, B: Three, C: Two, D: Four",B
1276,98,160,coarse perception,image scene and topic,"is this place crowded?
Options: A: yes, B: no, C: nan, D: nan",B,False,2025-11-04 17:09:00.783,Lee,0,"How many people are present in the image?
 Options: A: One, B: Three, C: Two, D: Four",A
1277,98,160,coarse perception,image scene and topic,"is this place crowded?
Options: A: yes, B: no, C: nan, D: nan",B,False,2025-11-04 17:16:55.232,성민석,0,"How many people are present in the image?
 Options: A: One, B: Three, C: Two, D: Four",C
1278,98,160,coarse perception,image scene and topic,"is this place crowded?
Options: A: yes, B: no, C: nan, D: nan",B,False,2025-11-04 18:35:45.170,EJ,0,"How many people are present in the image?
 Options: A: One, B: Three, C: Two, D: Four",C
1279,98,160,coarse perception,image scene and topic,"is this place crowded?
Options: A: yes, B: no, C: nan, D: nan",B,False,2025-11-04 19:47:12.130,배재형,0,"How many people are present in the image?
 Options: A: One, B: Three, C: Two, D: Four",D
1280,98,160,coarse perception,image scene and topic,"is this place crowded?
Options: A: yes, B: no, C: nan, D: nan",B,True,2025-11-05 00:48:32.876,박지윤,0,"How many people are present in the image?
 Options: A: One, B: Three, C: Two, D: Four",B
1281,98,160,coarse perception,image scene and topic,"is this place crowded?
Options: A: yes, B: no, C: nan, D: nan",B,False,2025-11-05 01:48:20.004,박호조,0,"How many people are present in the image?
 Options: A: One, B: Three, C: Two, D: Four",C
1282,98,160,coarse perception,image scene and topic,"is this place crowded?
Options: A: yes, B: no, C: nan, D: nan",B,False,2025-11-10 18:47:19.220,J,0,"How many people are present in the image?
 Options: A: One, B: Three, C: Two, D: Four",D
1283,98,160,coarse perception,image scene and topic,"is this place crowded?
Options: A: yes, B: no, C: nan, D: nan",B,False,2025-11-11 15:27:53.412, KDY,0,"How many people are present in the image?
 Options: A: One, B: Three, C: Two, D: Four",A
1284,98,160,coarse perception,image scene and topic,"is this place crowded?
Options: A: yes, B: no, C: nan, D: nan",B,False,2025-11-11 20:35:43.975,Kathy,0,"How many people are present in the image?
 Options: A: One, B: Three, C: Two, D: Four",C
1285,98,160,coarse perception,image scene and topic,"is this place crowded?
Options: A: yes, B: no, C: nan, D: nan",B,True,2025-11-13 17:20:30.179,JMG,0,"How many people are present in the image?
 Options: A: One, B: Three, C: Two, D: Four",B
1286,98,160,coarse perception,image scene and topic,"is this place crowded?
Options: A: yes, B: no, C: nan, D: nan",B,True,2025-11-14 21:27:23.659,조희승,0,"How many people are present in the image?
 Options: A: One, B: Three, C: Two, D: Four",B
1287,99,357,fine-grained perception,recognition,"What color is the building in the foreground?
Options: A: Blue, B: Grey, C: White, D: Black",B,False,2025-11-04 16:37:21.079,Winnie,0,"What is the color scheme of the costumes worn by the men in the parade?
 Options: A: Yellow, red, and gold, B: Red, blue, and black, C: Green, orange, and white, D: Black, white, and gray",A
1288,99,357,fine-grained perception,recognition,"What color is the building in the foreground?
Options: A: Blue, B: Grey, C: White, D: Black",B,False,2025-11-04 16:55:47.964,JJH,0,"What is the color scheme of the costumes worn by the men in the parade?
 Options: A: Yellow, red, and gold, B: Red, blue, and black, C: Green, orange, and white, D: Black, white, and gray",A
1289,99,357,fine-grained perception,recognition,"What color is the building in the foreground?
Options: A: Blue, B: Grey, C: White, D: Black",B,False,2025-11-04 17:09:00.783,Lee,0,"What is the color scheme of the costumes worn by the men in the parade?
 Options: A: Yellow, red, and gold, B: Red, blue, and black, C: Green, orange, and white, D: Black, white, and gray",A
1290,99,357,fine-grained perception,recognition,"What color is the building in the foreground?
Options: A: Blue, B: Grey, C: White, D: Black",B,True,2025-11-04 17:16:55.232,성민석,0,"What is the color scheme of the costumes worn by the men in the parade?
 Options: A: Yellow, red, and gold, B: Red, blue, and black, C: Green, orange, and white, D: Black, white, and gray",B
1291,99,357,fine-grained perception,recognition,"What color is the building in the foreground?
Options: A: Blue, B: Grey, C: White, D: Black",B,False,2025-11-04 18:35:45.170,EJ,0,"What is the color scheme of the costumes worn by the men in the parade?
 Options: A: Yellow, red, and gold, B: Red, blue, and black, C: Green, orange, and white, D: Black, white, and gray",C
1292,99,357,fine-grained perception,recognition,"What color is the building in the foreground?
Options: A: Blue, B: Grey, C: White, D: Black",B,False,2025-11-04 19:47:12.130,배재형,0,"What is the color scheme of the costumes worn by the men in the parade?
 Options: A: Yellow, red, and gold, B: Red, blue, and black, C: Green, orange, and white, D: Black, white, and gray",A
1293,99,357,fine-grained perception,recognition,"What color is the building in the foreground?
Options: A: Blue, B: Grey, C: White, D: Black",B,False,2025-11-05 00:48:32.876,박지윤,0,"What is the color scheme of the costumes worn by the men in the parade?
 Options: A: Yellow, red, and gold, B: Red, blue, and black, C: Green, orange, and white, D: Black, white, and gray",C
1294,99,357,fine-grained perception,recognition,"What color is the building in the foreground?
Options: A: Blue, B: Grey, C: White, D: Black",B,True,2025-11-05 01:48:20.004,박호조,0,"What is the color scheme of the costumes worn by the men in the parade?
 Options: A: Yellow, red, and gold, B: Red, blue, and black, C: Green, orange, and white, D: Black, white, and gray",B
1295,99,357,fine-grained perception,recognition,"What color is the building in the foreground?
Options: A: Blue, B: Grey, C: White, D: Black",B,True,2025-11-10 18:47:19.220,J,0,"What is the color scheme of the costumes worn by the men in the parade?
 Options: A: Yellow, red, and gold, B: Red, blue, and black, C: Green, orange, and white, D: Black, white, and gray",B
1296,99,357,fine-grained perception,recognition,"What color is the building in the foreground?
Options: A: Blue, B: Grey, C: White, D: Black",B,True,2025-11-11 15:27:53.412, KDY,0,"What is the color scheme of the costumes worn by the men in the parade?
 Options: A: Yellow, red, and gold, B: Red, blue, and black, C: Green, orange, and white, D: Black, white, and gray",B
1297,99,357,fine-grained perception,recognition,"What color is the building in the foreground?
Options: A: Blue, B: Grey, C: White, D: Black",B,False,2025-11-11 20:35:43.975,Kathy,0,"What is the color scheme of the costumes worn by the men in the parade?
 Options: A: Yellow, red, and gold, B: Red, blue, and black, C: Green, orange, and white, D: Black, white, and gray",A
1298,99,357,fine-grained perception,recognition,"What color is the building in the foreground?
Options: A: Blue, B: Grey, C: White, D: Black",B,True,2025-11-13 17:20:30.179,JMG,0,"What is the color scheme of the costumes worn by the men in the parade?
 Options: A: Yellow, red, and gold, B: Red, blue, and black, C: Green, orange, and white, D: Black, white, and gray",B
1299,99,357,fine-grained perception,recognition,"What color is the building in the foreground?
Options: A: Blue, B: Grey, C: White, D: Black",B,False,2025-11-14 21:27:23.659,조희승,0,"What is the color scheme of the costumes worn by the men in the parade?
 Options: A: Yellow, red, and gold, B: Red, blue, and black, C: Green, orange, and white, D: Black, white, and gray",A
