,core_attributes,spurious_attributes,spurious_correlation_type,question,choices,answer,image,answer_type,qid
0,"['small size', 'detailed features', 'solid structure']","['orange color', 'fabric background', 'patterned fabric', 'bright colors']","['Background', 'Colorization']",Which feature best indicates the identity of the orange object on the fabric?,"['A. The patterned fabric', 'B. The fabric background', ""C. The object's detailed features"", 'D. The orange color']",C,000456.png,choice,s456
1,"['charging prongs', 'rectangular body', 'charging port']","['small size', 'rectangular shape', 'on countertop', 'near blue object']","['Relative Size', 'Shape']",Which feature best indicates the identity of the small rectangular object on the countertop?,"['A. The blue object nearby', ""B. The object's charging prongs"", ""C. The object's small size"", 'D. The countertop pattern']",B,000102.png,choice,s102
2,"['strap', 'buckle', 'held in hand']","['tiled wall', 'toilet', 'bathroom setting', 'held orientation']","['Background', 'Orientation']",Which feature best indicates the identity of the object held in hand?,"['A. The toilet', 'B. The tiled wall', 'C. The bathroom setting', ""D. The object's strap""]",D,001126.png,choice,s1126
3,"['handles', 'large size', 'fabric material']","['shiny texture', 'carpet pattern', 'reflective surface', 'colorful background']","['Background', 'Texture and Noise']",Which feature best indicates the identity of the shiny object on the carpet?,"['A. The colorful background', 'B. The carpet pattern', 'C. The handles', 'D. The shiny texture']",C,001003.png,choice,s1003
4,"['porous texture', 'dual-colored surface', 'flexible structure']","['bathroom items', 'grooming products', 'countertop', 'hand holding']","['Co-occurring Objects', 'Background']",Which feature best indicates the identity of the object being held on the countertop?,"['A. The grooming products', 'B. The hand holding', 'C. The countertop', 'D. The porous texture']",D,000914.png,choice,s914
5,"['metal blades', 'plastic handle', 'razor head']","['blue handle', 'soap residue', 'close-up view', 'white background']","['Colorization', 'Perspective and Angle']",Which feature best indicates the identity of the object with a blue handle?,"['A. The presence of soap residue', 'B. The metal blades', 'C. The object is white', 'D. The close-up view']",B,000571.png,choice,s571
6,"['rectangular shape', 'yellow color', 'textured surface']","['cleaning items', 'washing machine', 'detergents']","['Co-occurring Objects', 'Background']",Which feature best indicates the identity of the object being held near cleaning items?,"['A. The cleaning spray bottle', 'B. The detergents', 'C. The washing machine', ""D. The object's yellow color""]",D,000419.png,choice,s419
7,"['long ears', 'short legs', 'dense coat']","['human figure', 'outdoor scene', 'tree', 'gun']","['Background', 'Co-occurring Objects']",Which feature best indicates the identity of the animal next to the human figure?,"['A. The tree', ""B. The animal's long ears"", 'C. The human figure', 'D. The outdoor scene']",B,002233.png,choice,s2233
8,"['wheels', 'colorful design', 'small size', 'toy car shape']","['hand holding', 'floor lighting', 'nearby furniture', 'shadows']","['Background', 'Orientation']",Which feature best indicates the identity of the object being held?,"['A. The hand holding it', 'B. The floor lighting', ""C. The object's wheels"", 'D. Nearby furniture']",C,000356.png,choice,s356
9,"['drawstring', 'elastic waistband', 'short length', 'loose fit']","['crumpled', 'fabric texture', 'on carpet', 'folded']","['Texture and Noise', 'Background']",Which feature best indicates the identity of the crumpled fabric on the carpet?,"['A. The drawstring', 'B. The carpet', 'C. The fabric texture', 'D. The crumpled appearance']",A,001728.png,choice,s1728
10,"['handle', 'spout', 'cylindrical body']","['horizontal', 'patterned carpet', 'nearby foot']","['Background', 'Orientation']",Which feature best indicates the identity of the object lying horizontally on the patterned carpet?,"['A. The nearby foot', 'B. The horizontal position', ""C. The object's spout"", 'D. The patterned carpet']",C,000130.png,choice,s130
11,"['wooden frame', 'sliding mechanism', 'storage space']","['colorful fabric', 'comb', 'plastic container', 'toiletries']","['Co-occurring Objects', 'Perspective and Angle']",Which feature best indicates the identity of the object that contains colorful fabric and toiletries?,"['A. The colorful fabric', 'B. The wooden frame', 'C. The plastic container', 'D. The comb']",B,000122.png,choice,s122
12,"['protective covering', 'rectangular shape', 'fits cellphone']","['lamp', 'lace doily', 'nightstand', 'wires']","['Background', 'Co-occurring Objects']",Which feature best indicates the identity of the object lying on the lace doily?,"['A. The lamp', 'B. The protective covering', 'C. The nightstand', 'D. The lace doily']",B,000383.png,choice,s383
13,"['rectangular shape', 'small size', 'stacked', 'decorative design']","['on laptop', 'wooden desk', 'flat surface', 'laptop logo', 'paper clip']","['Background', 'Co-occurring Objects']",Which feature best indicates the identity of the objects stacked on the laptop?,"['A. The wooden desk', 'B. The paper clip', ""C. The objects' decorative design"", 'D. The laptop logo']",C,000895.png,choice,s895
14,"['flexible body', 'dispensing cap', 'tube shape', 'handheld size', 'label']","['cluttered background', 'similar containers', 'handheld', 'blue color', 'on a table']","['Background', 'Co-occurring Objects']",Which feature best indicates the identity of the blue object being held?,"['A. The similar containers nearby', ""B. The object's flexible body"", 'C. The cluttered background', 'D. The blue color']",B,000952.png,choice,s952
15,"['slender legs', 'curved horns', 'brown coat', 'grazing posture']","['open plain', 'background animal', 'bending down', 'grass']","['Background', 'Orientation']",Which feature best indicates the identity of the object bending down in the open plain?,"['A. Open plain', 'B. Background animal', 'C. Grass', 'D. Slender legs']",D,002069.png,choice,s2069
16,"['plug type', 'two prongs', 'cable structure']","['hand holding', 'carpet background', 'label on cable']","['Background', 'Co-occurring Objects']",Which feature best indicates the identity of the object held in the hand on the carpet?,"['A. The label on the cable', 'B. The hand holding it', 'C. The carpet background', ""D. The object's plug type""]",D,000108.png,choice,s108
17,"['facial features', 'thick fur', 'eyes', 'nose']","['upside down', 'fur texture', 'monochrome', 'drawing style']","['Orientation', 'Texture and Noise']",Which feature best indicates the identity of the object that is upside down in the image?,"['A. The monochrome color', 'B. The drawing style', ""C. The object's eyes and nose"", 'D. The fur texture']",C,002298.png,choice,s2298
18,"['circular shape', 'metallic structure', 'small size']","['bottles', 'containers', 'bathroom shelf', 'labels', 'creams']","['Co-occurring Objects', 'Background']",Which feature best indicates the identity of the small metallic object on the bathroom shelf?,"['A. The labels', 'B. The circular shape', 'C. The bottles', 'D. The cream containers']",B,000814.png,choice,s814
19,"['landscape', 'natural formation', 'rocky terrain', 'flowing water']","['motion blur', 'flowing water', 'abstract shapes', 'color blend']","['Background', 'Perspective and Angle']",Which feature best indicates the identity of the object with flowing water and motion blur?,"['A. Flowing water', 'B. Color blend', 'C. Rocky terrain', 'D. Abstract shapes']",C,002232.png,choice,s2232
20,"['large size', 'soft texture', 'warmth', 'folded', 'patterned']","['couch', 'folded appearance', 'pillow nearby', 'wall art', 'indoor setting']","['Co-occurring Objects', 'Background']",Which feature best indicates the identity of the object that is folded on the couch?,"[""A. The object's soft texture"", 'B. The pillow nearby', 'C. The wall art', 'D. The couch']",A,001718.png,choice,s1718
21,"['transparent container', 'cylindrical shape', 'liquid content']","['kitchen sink', 'held in hand', 'blurry image']","['Background', 'Orientation']",Which feature best indicates the identity of the object being held near the kitchen sink?,"['A. The kitchen sink', 'B. The blurry image', ""C. The object's transparent container"", 'D. The hand holding it']",C,000902.png,choice,s902
22,"['circular shape', 'spokes', 'rim', 'hub']","['bicycle frame', 'seat', 'pedal', 'kickstand']","['Co-occurring Objects', 'Perspective and Angle']",Which feature best indicates the identity of the object that is part of a larger structure and has spokes?,"['A. Circular shape with spokes', 'B. Pedal', 'C. Bicycle frame', 'D. Seat']",A,001839.png,choice,s1839
23,"['plastic material', 'flexible', 'rectangular', 'thin']","['black color', 'elongated shape', 'held position', 'indoor setting']","['Colorization', 'Orientation']",Which feature best indicates the identity of the black object being held?,"['A. The elongated shape', 'B. Its plastic material', 'C. The black color', 'D. The indoor setting']",B,001139.png,choice,s1139
24,"['rectangular shape', 'solid structure', 'patterned surface']","['bathroom counter', 'mirror', 'light switches', 'sink']","['Background', 'Co-occurring Objects']",Which feature best indicates the identity of the object on the bathroom counter?,"['A. The mirror', 'B. The sink', 'C. The light switches', ""D. The object's patterned surface""]",D,000026.png,choice,s26
25,"['open top', 'cylindrical shape', 'plastic material']","['tipped over', 'minimalistic room', 'curtains', 'carpet']","['Background', 'Orientation']",Which feature best indicates the identity of the object that is tipped over in the room?,"['A. The carpet', 'B. The curtains', ""C. The object's open top"", 'D. The minimalistic room']",C,000653.png,choice,s653
26,"['fabric', 'sleeves', 'collar', 'checkered pattern']","['kitchen counter', 'microwave', 'clothes hanger', 'jars']","['Background', 'Co-occurring Objects']",Which feature best indicates the identity of the object hanging in the kitchen?,"['A. The fabric and sleeves', 'B. The kitchen counter', 'C. The clothes hanger', 'D. The microwave']",A,001731.png,choice,s1731
27,"['base', 'lampshade', 'cord', 'light bulb']","['elongated shape', 'horizontal orientation', 'cluttered desk', 'computer accessories', 'bottle']","['Orientation', 'Co-occurring Objects']",Which feature best indicates the identity of the elongated object lying horizontally on the cluttered desk?,"['A. The bottle', 'B. The computer accessories', 'C. The cluttered desk', ""D. The object's base""]",D,001393.png,choice,s1393
28,"['cylindrical', 'wooden', 'long handle']","['nearby food items', 'kitchen counter', 'hand holding it']","['Background', 'Shape']",Which feature best indicates the identity of the object being held on the counter?,"['A. The kitchen counter', 'B. The nearby food items', ""C. The object's wooden cylindrical shape"", 'D. The hand holding it']",C,001138.png,choice,s1138
29,"['metallic body', 'rectangular shape', 'hinged lid', 'spout']","['coffee beans image', 'hand holding', 'tilted orientation', 'background tiles', 'shadow']","['Background', 'Orientation']",Which feature best indicates the identity of the object that is tilted and being held?,"['A. Hand holding', 'B. Coffee beans image', 'C. Background tiles', 'D. Hinged lid']",D,000636.png,choice,s636
30,"['button layout', 'brand logo', 'infrared emitter']","['cylindrical shape', 'black color', 'single button']","['Shape', 'Colorization']",Which feature best indicates the identity of the cylindrical black object with a single button on it?,"['A. The button layout', 'B. The black color', 'C. The cylindrical shape', 'D. The texture of the surface']",A,000881.png,choice,s881
31,"['soleplate', 'handle', 'cord']","['nearby fabrics', 'cord position', 'floor tiles', 'patterns']","['Background', 'Co-occurring Objects']",Which feature best indicates the identity of the object near the fabrics?,"['A. The cord position', 'B. Floor tiles', ""C. The object's soleplate"", 'D. The nearby fabrics']",C,001378.png,choice,s1378
32,"['two-pronged plug', 'insulated wire', 'handheld', 'right-angle connector']","['white color', 'hand holding', 'background cabinet']","['Relative Size', 'Shape']",Which feature best indicates the identity of the object that is handheld and has a right-angle connector?,"['A. The white color', ""B. The object's two-pronged plug"", 'C. The background cabinet', 'D. The hand holding']",B,000418.png,choice,s418
33,"['adhesive surface', 'ring-like shape', 'circular form']","['reflective surface', 'yellow object nearby', 'dark background', 'angled position']","['Background', 'Perspective and Angle']",Which feature best indicates the identity of the object that is reflective and circular?,"['A. The yellow object nearby', 'B. The reflective surface', 'C. The dark background', 'D. The adhesive surface']",D,000379.png,choice,s379
34,"['checkerboard pattern', 'vertical numbers', 'letters']","['upright position', 'nearby phone', 'computer', 'bedframe', 'glass']","['Background', 'Orientation']",Which feature best indicates the identity of the object that is upright against the bed?,"['A. The nearby phone', 'B. The bedframe', 'C. The checkerboard pattern', 'D. The glass']",C,001556.png,choice,s1556
35,"['serrated blade', 'long handle', 'sharp edge', 'cutting tool']","['wooden surface', 'small size', 'sharp point', 'metallic look']","['Background', 'Relative Size']",Which feature best indicates the identity of the object placed on the wooden surface?,"['A. Its serrated blade', 'B. Its small size', 'C. Its sharp point', 'D. The wooden surface']",A,000396.png,choice,s396
36,"['closed', 'rectangular', 'spine', 'flat', 'compact']","['near door', 'on carpet', 'purple color', 'wires nearby']","['Background', 'Orientation']",Which feature best indicates the identity of the purple object near the door?,"['A. The door frame', 'B. The nearby wires', 'C. Its rectangular shape', 'D. The carpet']",C,001470.png,choice,s1470
37,"['keys', 'layout', 'black color', 'red accents']","['laptop screen', 'touchpad', 'brush', 'wooden desk', 'lighting glare']","['Co-occurring Objects', 'Background']",Which feature best indicates the identity of the object with the black keys and red accents?,"['A. The laptop screen', 'B. The touchpad', 'C. The brush', 'D. The black keys']",D,001408.png,choice,s1408
38,"['spring-loaded', 'claw shape', 'plastic material', 'teeth']","['towel', 'soap dispenser', 'nail clippers', 'sink']","['Co-occurring Objects', 'Background']",Which feature best indicates the identity of the object near the towel and soap dispenser?,"['A. The towel', 'B. The soap dispenser', 'C. The sink', ""D. The object's claw shape""]",D,001083.png,choice,s1083
39,"['transparent jar', 'white contents', 'metal lid']","['kitchen counter', 'tipped over', 'near colorful jar', 'granite surface']","['Background', 'Orientation']",Which feature best indicates the identity of the transparent object tipped over near the colorful jar?,"[""A. The object's contents"", 'B. The colorful jar', 'C. The kitchen counter', 'D. The granite surface']",A,000177.png,choice,s177
40,"['soft fabric', 'absorbent', 'used for drying']","['folded', 'in closet', 'near other clothes', 'multiple items', 'dim lighting']","['Background', 'Co-occurring Objects']",Which feature best indicates the identity of the folded item in the closet?,"['A. The closet setting', 'B. The presence of other clothes', ""C. The item's soft fabric"", 'D. Multiple stacked items']",C,001881.png,choice,s1881
41,"['long handle', 'scooping part', 'metallic', 'water container']","['rain', 'red objects', 'concrete background', 'horizontal layout']","['Background', 'Orientation']",Which feature best indicates the identity of the object with a long handle lying horizontally?,"['A. The red objects', 'B. The long handle', 'C. The rain', 'D. The concrete background']",B,002196.png,choice,s2196
42,"['blade', 'handle', 'straight shape', 'small size']","['fabric background', 'patterned texture', 'purple color', 'blurry edges']","['Background', 'Texture and Noise']",Which feature best indicates the identity of the object on the patterned fabric?,"['A. The purple color', ""B. The object's blade"", 'C. The patterned fabric', ""D. The fabric's texture""]",B,000511.png,choice,s511
43,"['round shape', 'open top', 'bowl depth']","['laptop', 'documents', 'ruler', 'pencil', 'feet']","['Co-occurring Objects', 'Background']",Which feature best indicates the identity of the object near the documents and laptop?,"['A. The documents', 'B. The laptop', 'C. The pencil', 'D. The round shape']",D,001550.png,choice,s1550
44,"['small size', 'round compartments', 'white color']","['pill organizer', 'nightstand', 'photograph frame', 'pen']","['Background', 'Co-occurring Objects']","Which feature best indicates the identity of the small, white object on the table?","['A. The pen', 'B. The pill organizer', ""C. The object's round compartments"", 'D. The photograph frame']",C,000322.png,choice,s322
45,"['small size', 'distinct fur', 'upright posture']","['reflective surface', 'textured floor', 'background objects']","['Background', 'Texture and Noise']",Which feature best indicates the identity of the object with distinct fur?,"[""A. The object's upright posture"", 'B. The background objects', 'C. The reflective surface', 'D. The textured floor']",A,002261.png,choice,s2261
46,"['adjustable jaws', 'locking mechanism', 'metal body']","['metallic texture', 'handle structure', 'green background']","['Texture and Noise', 'Shape']",Which feature best indicates the identity of the metallic tool visible in the image?,"['A. The green background', 'B. Its metallic texture', 'C. Its adjustable jaws', 'D. Its handle structure']",C,001200.png,choice,s1200
47,"['soft surface', 'rectangular shape', 'on the bed', 'fabric cover']","['cluttered room', 'lamp', 'bed sheets', 'blanket', 'open drawer']","['Background', 'Co-occurring Objects']",Which feature best indicates the identity of the soft object on the bed?,"['A. The lamp', 'B. The open drawer', 'C. The bed sheets', 'D. The rectangular shape']",D,001481.png,choice,s1481
48,"['lens', 'recording button', 'viewfinder', 'grip', 'microphone']","['case-like shape', 'handheld', 'black color', 'near keyboard', 'indoor setting']","['Shape', 'Co-occurring Objects']",What feature best indicates the identity of the object that is handheld and black in color?,"[""A. The object's lens"", 'B. The case-like shape', 'C. The nearby keyboard', 'D. The indoor setting']",A,000787.png,choice,s787
49,"['rectangular shape', 'handles', 'zippers', 'solid structure']","['stool', 'checkered floor', 'overhead view', 'obscured parts']","['Background', 'Orientation']",Which feature best indicates the identity of the object that is on the checkered floor?,"['A. The stool', ""B. The object's zippers"", 'C. The overhead view', 'D. The checkered floor']",B,000284.png,choice,s284
50,"['handle', 'rectangular shape', 'latches', 'solid structure']","['mattress', 'cables', 'label', 'background floor']","['Background', 'Orientation']",Which feature best indicates the identity of the object near the mattress?,"['A. The cables', 'B. The label on it', 'C. The mattress', ""D. The object's handle""]",D,000187.png,choice,s187
51,"['cylindrical shape', 'open top', 'transparent material']","['nearby box', 'kitchen mitt', 'towel', 'tipped over', 'kitchen counter']","['Background', 'Orientation']",Which feature best indicates the identity of the item that is tipped over on the kitchen counter?,"['A. The cylindrical shape', 'B. The towel', 'C. The nearby box', 'D. The kitchen mitt']",A,000933.png,choice,s933
52,"['lock body', 'shackle', 'metallic finish']","['hand holding', 'small size', 'striped clothes']","['Co-occurring Objects', 'Relative Size']",Which feature best indicates the identity of the small metallic object being held?,"['A. Its small size', 'B. Its lock body', 'C. The striped clothes', 'D. The hand holding it']",B,001185.png,choice,s1185
53,"['flat surface', 'raised edges', 'rectangular', 'serving purpose']","['round shape', 'plain surface', 'white color', 'single item']","['Shape', 'Colorization']","Which feature best indicates the identity of the round, white object in the image?","[""A. The object's white color"", ""B. The object's plain surface"", ""C. The object's raised edges"", ""D. The object's round shape""]",C,000326.png,choice,s326
54,"['clear liquid', 'minty', 'oral hygiene']","['plastic bottle', 'blue label', 'flip-top cap', 'wooden floor']","['Background', 'Orientation']",Which feature best indicates the identity of the product with the blue label and flip-top cap?,"['A. Flip-top cap', 'B. Blue label', 'C. Wooden floor', 'D. Minty liquid']",D,000953.png,choice,s953
55,"['cylindrical shape', 'distinct texture', 'small size']","['nearby bottle', 'kitchen setting', 'texture', 'hand holding']","['Co-occurring Objects', 'Texture and Noise']",Which feature best indicates the identity of the object that is being held in the hand?,"['A. The nearby bottle', ""B. The object's cylindrical shape"", 'C. The kitchen setting', 'D. The hand holding it']",B,000413.png,choice,s413
56,"['nozzle', 'body', 'air flow', 'handheld', 'cord']","['outdoors', 'person holding', 'backpack', 'tubing', 'cap']","['Background', 'Orientation']",Which feature best indicates the identity of the object that the person is holding and using?,"['A. The cap', 'B. The backpack', 'C. The nozzle', 'D. The tubing']",C,002365.png,choice,s2365
57,"['distinctive plumage', 'small size', 'pointed beak', 'short tail']","['similar bird shapes', 'similar bird sizes', 'monochrome illustration', 'group of birds']","['Co-occurring Objects', 'Colorization']",Which feature best indicates the identity of the small bird in the group?,"['A. The group of birds', ""B. The bird's small size"", 'C. The similar bird shapes', 'D. The monochrome illustration']",B,002371.png,choice,s2371
58,"['smooth surface', 'rectangular shape', 'compact size']","['kitchen countertop', 'nearby kitchen items', 'black color', 'rectangular shape']","['Background', 'Relative Size']",Which feature best indicates the identity of the object that is on the kitchen countertop?,"[""A. The object's black color"", 'B. The smooth surface', 'C. The nearby kitchen items', 'D. The kitchen countertop']",B,001857.png,choice,s1857
59,"['metal construction', 'stapling mechanism', 'compact shape']","['foam block', 'photo frame', 'mouse', 'shirt', 'wooden desk']","['Background', 'Orientation']",Which feature best indicates the identity of the object that is placed on the foam block?,"['A. The photo frame', 'B. The foam block', 'C. The wooden desk', ""D. The object's stapling mechanism""]",D,001494.png,choice,s1494
60,"['ear cups', 'headband', 'over-ear design', 'wireless', 'PlayStation logo']","['lying flat', 'wooden floor', 'empty background', 'shadow']","['Background', 'Orientation']",Which feature best indicates the identity of the object lying flat on the wooden floor?,"['A. Empty background', 'B. PlayStation logo', 'C. Shadow', 'D. Wooden floor']",B,000666.png,choice,s666
61,"['container shape', 'lid', 'handheld size']","['dog paws', 'patterned carpet', 'hand holding']","['Background', 'Relative Size']",Which feature best indicates the identity of the handheld object near the dog paws?,"['A. Hand holding', ""B. The container's lid"", 'C. Dog paws', 'D. Patterned carpet']",B,001516.png,choice,s1516
62,"['sockets', 'rectangular shape', 'electrical plugs']","['bathroom sink', 'soap tube', 'tiles', 'drain']","['Background', 'Co-occurring Objects']",Which feature best indicates the identity of the object located on the bathroom sink?,"['A. The soap tube', 'B. The drain', ""C. The object's sockets"", 'D. The bathroom tiles']",C,001455.png,choice,s1455
63,"['lightweight', 'soft texture', 'absorbent', 'white color']","['cylindrical shape', 'on bed', 'patterned bed sheet', 'pillows']","['Background', 'Shape']",Which feature best indicates the identity of the object placed on the bed?,"['A. The patterned bed sheet', 'B. The cylindrical shape', ""C. The object's soft texture"", 'D. The colorful pillows']",C,000858.png,choice,s858
64,"['black color', 'flexible shape', 'on the floor']","['kitchen setting', 'refrigerator', 'water dispenser', 'kitchen counter']","['Background', 'Co-occurring Objects']",Which feature best indicates the identity of the object in the kitchen setting?,"['A. The water dispenser', 'B. The refrigerator', 'C. The kitchen counter', 'D. The black, flexible shape']",D,001093.png,choice,s1093
65,"['prongs', 'cord', 'plug end']","['toilet', 'vase', 'flowers', 'bathroom setting']","['Background', 'Co-occurring Objects']",Which feature best indicates the identity of the object held near the toilet?,"[""A. The object's prongs"", 'B. The vase with flowers', 'C. The bathroom setting', 'D. The toilet']",A,000292.png,choice,s292
66,"['flat surface', 'handles', 'metallic', 'rectangular shape']","['horizontal orientation', 'nearby step stool', 'kitchen counter', 'kitchen items']","['Background', 'Orientation']",Which feature best indicates the identity of the object found on the kitchen counter?,"['A. The step stool', ""B. The object's handles"", 'C. The kitchen items', 'D. The kitchen counter']",B,000700.png,choice,s700
67,"['handle', 'round shape', 'flat base']","['mosaic design', 'human face', 'colorful patterns', 'artistic appearance']","['Texture and Noise', 'Co-occurring Objects']",Which feature best indicates the identity of the object with a mosaic design and a handle?,"['A. The handle', 'B. The colorful patterns', 'C. The artistic appearance', 'D. The human face design']",A,002187.png,choice,s2187
68,"['thin', 'straight', 'single stick']","['wooden table', 'near pencil', 'blue object', 'furry item']","['Background', 'Co-occurring Objects']",Which feature best indicates the identity of the object lying on the table?,"[""A. The object's thin and straight structure"", 'B. The nearby pencil', 'C. The furry item', 'D. The blue object']",A,001002.png,choice,s1002
69,"['lens', 'strap', 'camera body']","['on a table', 'near magazines', 'near a bag', 'next to sofa']","['Background', 'Orientation']",Which feature best indicates the identity of the object that is on the table?,"['A. The magazines', ""B. The object's lens"", 'C. The bag', 'D. The sofa']",B,000669.png,choice,s669
70,"['round shape', 'solid surface', 'white color', 'grouped together', 'natural texture']","['books', 'plant', 'dark background']","['Co-occurring Objects', 'Background']",Which feature best indicates the identity of the object placed among the books?,"['A. The dark background', 'B. The books', 'C. The plant', ""D. The object's natural texture""]",D,001893.png,choice,s1893
71,"['cylindrical roll', 'tape dispenser', 'adhesive material']","['small size', 'textured background', 'cylindrical shape']","['Background', 'Shape']",Which feature best indicates the identity of the small cylindrical object on the textured background?,"['A. The textured background', 'B. The small size', 'C. The adhesive material', 'D. The cylindrical shape']",C,001554.png,choice,s1554
72,"['tubular shape', 'elastic waistband', 'tight fit', 'stretchable fabric', 'long length']","['laid out flat', 'patterned appearance', 'on a couch', 'near books', 'near a pen']","['Background', 'Orientation']",Which feature best indicates the identity of the patterned object laid out flat on the couch?,"['A. The object’s tubular shape', 'B. The pen on the table', 'C. The couch', 'D. The nearby books']",A,001105.png,choice,s1105
73,"['cylindrical shape', 'metallic surface', 'handle', 'lid']","['background vegetation', 'metallic texture', 'red berries', 'outdoor setting']","['Background', 'Texture and Noise']",Which feature best indicates the identity of the metallic object with a handle?,"['A. The outdoor setting', 'B. The red berries', 'C. The background vegetation', ""D. The object's handle""]",D,002281.png,choice,s2281
74,"['handle', 'blade', 'elongated shape']","['bed', 'blanket', 'indoor setting', 'lighting']","['Background', 'Orientation']",Which feature best indicates the identity of the object placed on the bed?,"['A. The bed', ""B. The object's blade"", 'C. The blanket', 'D. Indoor setting']",B,000899.png,choice,s899
75,"['branding', 'cap design', 'transparent bottle']","['nearby bottles', 'electrical outlet', 'wall pattern', 'desk surface']","['Co-occurring Objects', 'Background']",Which feature best indicates the identity of the object near the electrical outlet?,"[""A. The object's branding"", 'B. The wall pattern', 'C. The electrical outlet', 'D. The desk surface']",A,001328.png,choice,s1328
76,"['bottom-wear', 'length', 'loose fit']","['dark pattern', 'hanging', 'low lighting']","['Background', 'Lighting and Shadows']",Which feature best indicates the identity of the object hanging with dark patterns?,"['A. The hanging position', 'B. The dark pattern', 'C. Low lighting', ""D. The object's bottom-wear nature""]",D,000229.png,choice,s229
77,"['slender shape', 'cylindrical', 'pointed end']","['red color', 'held by hand', 'plain background']","['Colorization', 'Background']",Which feature best indicates the identity of the object that is red and held by hand?,"['A. The red color', 'B. The plain background', 'C. The hand holding it', ""D. The object's slender shape""]",D,000938.png,choice,s938
78,"['denim fabric', 'pockets', 'belt loops', 'seams', 'zipper']","['on bed', 'near pillow', 'leafy bedspread', 'horizontal position', 'dim lighting']","['Background', 'Orientation']",Which feature best indicates the identity of the object lying horizontally on the bed?,"[""A. The object's denim fabric"", 'B. The leafy bedspread', 'C. The bed sheet', 'D. The pillow beside it']",A,000131.png,choice,s131
79,"['bowl', 'long handle', 'metallic', 'concave', 'single piece']","['oven mitts', 'frying pan', 'spatula', 'messy stove', 'lighting']","['Co-occurring Objects', 'Background']",Which feature best indicates the identity of the object placed horizontally on the stove?,"['A. The messy stove', ""B. The object's long handle"", 'C. The frying pan', 'D. The oven mitts']",B,001292.png,choice,s1292
80,"['specific label', 'dispensing mechanism', 'cylindrical shape']","['granite countertop', 'cylindrical shape', 'small size', 'near comb', 'overhead view']","['Background', 'Shape']",Which feature best indicates the identity of the object on the granite countertop?,"['A. The granite countertop', 'B. The specific label', ""C. The object's cylindrical shape"", 'D. The nearby comb']",B,001643.png,choice,s1643
81,"['thin', 'long', 'tapered', 'single stick']","['bathroom setting', 'shower curtain', 'laundry basket', 'hand holding object']","['Background', 'Orientation']",Which feature best indicates the identity of the object being held in the bathroom?,"['A. The laundry basket', 'B. The shower curtain', 'C. The hand', ""D. The object's tapered shape""]",D,001096.png,choice,s1096
82,"['sturdy build', 'small size', 'legs', 'flat top']","['cloth on top', 'between two beds', 'low lighting', 'tile floor']","['Co-occurring Objects', 'Lighting and Shadows']",Which feature best indicates the identity of the object placed between two beds?,"['A. The tile floor', 'B. The cloth on top', ""C. The object's sturdy build"", 'D. The low lighting']",C,000271.png,choice,s271
83,"['cylindrical shape', 'container', 'lid']","['handheld', 'color contrast', 'shadow', 'background wall']","['Colorization', 'Orientation']",Which feature best indicates the identity of the handheld object with a contrasting lid?,"['A. The background wall', ""B. The object's cylindrical shape"", 'C. The shadow on the wall', 'D. The hand holding it']",B,000864.png,choice,s864
84,"['plug', 'insulated wire', 'standardized connector']","['shoes', 'wooden floor', 'shadow', 'short length']","['Background', 'Orientation']",Which feature best indicates the identity of the cable present on the floor?,"['A. The wooden floor', 'B. The shadow', 'C. The plug', 'D. The shoes']",C,001288.png,choice,s1288
85,"['fabric', 'shape', 'hemline']","['bathroom', 'hand', 'toilet', 'rug']","['Background', 'Orientation']",Which feature best indicates the identity of the object being held near the bathroom items?,"['A. The bathroom', ""B. The object's fabric"", 'C. The rug', 'D. The toilet']",B,000870.png,choice,s870
86,"['body shape', 'snout', 'legs', 'dark fur']","['motion blur', 'green background', 'forest setting']","['Background', 'Texture and Noise']",Which feature best indicates the identity of the animal in the blurred forest setting?,"['A. The green background', 'B. The motion blur', 'C. The forest setting', ""D. The animal's body shape""]",D,002044.png,choice,s2044
87,"['medical supplies', 'first aid items', 'plastic container', 'organized', 'portable']","['transparent container', 'miscellaneous items', 'on tiled floor', 'hand holding', 'white lid']","['Background', 'Shape']",Which feature best indicates the identity of the transparent container on the tiled floor?,"['A. The presence of medical supplies', 'B. The miscellaneous items inside', 'C. The hand holding it', 'D. The white lid']",A,001620.png,choice,s1620
88,"['oval shape', 'white color', 'fragile', 'smooth surface']","['yellow container', 'compartments', 'marble floor', 'shadows']","['Background', 'Shape']",Which feature best indicates the identity of the objects inside the yellow container?,"['A. The marble floor', 'B. The compartments', 'C. The oval shape and white color', 'D. The yellow container']",C,001879.png,choice,s1879
89,"['blade', 'handle', 'straight edge']","['striped fabric', 'flat shape', 'small size', 'dark color']","['Background', 'Shape']",Which feature best indicates the identity of the object on the striped fabric?,"['A. Its flat shape', 'B. The striped fabric', 'C. Its small size', 'D. Its blade']",D,000585.png,choice,s585
90,"['glass material', 'ribbed texture', 'translucent', 'filled with salt']","['hand holding', 'dim lighting', 'red surface', 'angled orientation']","['Background', 'Orientation']",Which feature best indicates the identity of the object being held at an angle?,"['A. The dim lighting', ""B. The object's ribbed texture"", 'C. The hand holding it', 'D. The red surface']",B,001084.png,choice,s1084
91,"['face covering', 'decorative', 'straps', 'worn on face']","['crowd', 'costumes', 'props', 'outdoor setting', 'activity']","['Background', 'Co-occurring Objects']",Which feature best indicates the identity of the object worn on the face?,"['A. The costumes', 'B. The straps', 'C. The crowd', 'D. The props']",B,002394.png,choice,s2394
92,"['card shape', 'printed design', 'standard size']","['plastic case', 'tabletop', 'blue printed label', 'nearby objects']","['Background', 'Co-occurring Objects']",Which feature best indicates the identity of the object inside the plastic case on the table?,"['A. The blue printed label', 'B. The nearby objects', 'C. The card shape', 'D. The plastic case']",C,001010.png,choice,s1010
93,"['legs', 'skin texture', 'body shape']","['blurred', 'underwater-like', 'distorted', 'lighting effects']","['Texture and Noise', 'Orientation']",Which feature best indicates the identity of the object in the blurred underwater-like image?,"['A. The underwater-like distortion', 'B. The blurry water-like setting', 'C. The distorted lighting effects', ""D. The object's legs""]",D,002299.png,choice,s2299
94,"['coiled form', 'scaly pattern', 'head shape']","['coiled shape', 'line drawing', 'simplified details']","['Co-occurring Objects', 'Perspective and Angle']",Which feature best indicates the identity of the coiled object in the drawing?,"[""A. The object's coiled shape"", 'B. The simplified details', 'C. The scaly pattern', 'D. The line drawing style']",C,002207.png,choice,s2207
95,"['bristles', 'long handle', 'color', 'solid structure']","['nearby drain', 'bathroom tiles', 'water stains', 'corner position']","['Background', 'Orientation']",Which feature best indicates the identity of the object near the bathroom drain?,"[""A. The object's bristles"", 'B. The corner position', 'C. The bathroom tiles', 'D. The water stains']",A,001076.png,choice,s1076
96,"['flat', 'rectangular', 'thin', 'closed', 'cover image']","['cover image', 'floor', 'shadow', 'tile lines']","['Background', 'Orientation']",Which feature best indicates the identity of the flat rectangular object with a cover image?,"['A. The floor', 'B. The tile lines', 'C. The cover image', ""D. The object's thin structure""]",D,001754.png,choice,s1754
97,"['cylindrical shape', 'wooden material', 'handles', 'rolling mechanism']","['vertical position', 'rug', 'wall', 'tile floor']","['Background', 'Orientation']",Which feature best indicates the identity of the object that is standing vertically against the wall?,"['A. The wall', 'B. The rug', ""C. The object's cylindrical shape"", 'D. The tile floor']",C,001635.png,choice,s1635
98,"['dates', 'monthly layout', 'pictures', 'grid']","['printed text', 'color images', 'flat orientation', 'single sheet', 'white background']","['Orientation', 'Background']",Which feature best indicates the identity of the object that has printed text and images?,"['A. The single sheet', ""B. The object's flat orientation"", 'C. The printed text and pictures', 'D. The white background']",C,001482.png,choice,s1482
99,"['compact size', 'zipper', 'solid structure']","['lying on couch', 'fabric texture', 'nearby pillow']","['Background', 'Orientation']",Which feature best indicates the identity of the object lying on the couch?,"['A. The couch', ""B. The object's zipper"", 'C. The nearby pillow', 'D. The fabric texture']",B,000898.png,choice,s898
100,"['rectangular shape', 'zipper', 'handles', 'compact size']","['stove', 'metal knobs', 'background tiles', 'horizontal orientation']","['Background', 'Orientation']",Which feature best indicates the identity of the object placed on the stove?,"['A. The stove', 'B. The background tiles', 'C. The metal knobs', ""D. The object's handles""]",D,000566.png,choice,s566
101,"['puppy face', 'brown fur', 'green collar', 'ears']","['colorful toy', 'blurred motion', 'green floor', 'background objects']","['Background', 'Texture and Noise']",Which feature best indicates the identity of the object holding the colorful toy?,"['A. The background objects', 'B. The colorful toy', 'C. The green floor', ""D. The object's brown fur""]",D,002087.png,choice,s2087
102,"['cables', 'deck', 'towers', 'suspended structure']","['blurred background', 'elongated shapes', 'horizontal lines', 'vertical lines']","['Background', 'Perspective and Angle']",Which feature best indicates the identity of the object with suspended horizontal and vertical lines?,"['A. The motion blur', 'B. The blurred background', 'C. The elongated shapes', ""D. The object's cables""]",D,002021.png,choice,s2021
103,"['flat surface', 'rectangular shape', 'tabletop item', 'decorative purpose']","['printed text', 'colorful sections', 'rectangular shape', 'dark background', 'wooden border']","['Colorization', 'Co-occurring Objects']",Which feature best indicates the identity of the flat rectangular item on the table?,"['A. The printed text', 'B. The tabletop item', 'C. The colorful sections', 'D. The dark background']",B,000372.png,choice,s372
104,"['glove shape', 'insulating material', 'pair of items', 'finger sections']","['sink', 'soap bars', 'tile pattern', 'wet context']","['Background', 'Co-occurring Objects']",Which feature best indicates the identity of the objects placed near the soap bars?,"['A. The tile pattern', 'B. The glove shape', 'C. The sink', 'D. The soap bars']",B,000192.png,choice,s192
105,"['rolled-up fabric', 'cushioned', 'rectangular shape']","['couch', 'pill bottle', 'lamp', 'side table']","['Co-occurring Objects', 'Background']",Which feature best indicates the identity of the rolled-up object on the couch?,"['A. The rolled-up fabric', 'B. The side table', 'C. The lamp', 'D. The pill bottle']",A,000449.png,choice,s449
106,"['sleeveless', 'straps', 'simple design']","['on the floor', 'near messy items', 'adjacent to bed', 'poor lighting']","['Background', 'Orientation']",Which feature best indicates the identity of the object lying on the floor near the bed?,"['A. The surrounding messy items', 'B. Poor lighting', 'C. The adjacent bed', ""D. The object's straps""]",D,000626.png,choice,s626
107,"['rectangular shape', 'dual handles', 'fabric material']","['hanging on hanger', 'wire shelf', 'steamer', 'closet']","['Background', 'Co-occurring Objects']",Which feature best indicates the identity of the object hanging on the hanger?,"['A. The fabric material', 'B. The wire shelf', 'C. The closet', 'D. The steamer']",A,000655.png,choice,s655
108,"['multiple sockets', 'power cord', 'electrical device', 'rectangular shape']","['glass table', 'other wires', 'electronic device', 'concrete floor']","['Co-occurring Objects', 'Background']",Which feature best indicates the identity of the object placed on the glass table?,"['A. The multiple sockets', 'B. The other wires', 'C. The concrete floor', 'D. The glass table']",A,001729.png,choice,s1729
109,"['blade-like structure', 'handle', 'elongated shape']","['smooth surface', 'dark background', 'sheen']","['Background', 'Shape']",Which feature best indicates the identity of the object with a handle and an elongated shape?,"['A. Smooth surface', 'B. Dark background', 'C. Blade-like structure', 'D. Sheen']",C,000260.png,choice,s260
110,"['time display', 'buttons', 'compact size']","['speaker grille', 'black casing', 'rectangular shape', 'wooden surface']","['Co-occurring Objects', 'Shape']",Which feature best indicates the identity of the object with a black casing and speaker grille?,"['A. Time display', 'B. Speaker grille', 'C. Wooden surface', 'D. Black casing']",A,001576.png,choice,s1576
111,"['height', 'material', 'laces', 'sole', 'ankle support']","['plastic bin', 'wooden floor', 'white fabric', 'shadow']","['Background', 'Orientation']",Which feature best indicates the identity of the object near the plastic bin?,"[""A. The object's height"", 'B. The wooden floor', 'C. The white fabric', 'D. The plastic bin']",A,001563.png,choice,s1563
112,"['game pieces', 'game board', 'instruction manual', 'packaging']","['bowl', 'paper', 'wooden table', 'clutter']","['Background', 'Co-occurring Objects']",Which feature best indicates the identity of the object amidst the clutter on the table?,"['A. The game pieces', 'B. The bowl', 'C. The paper', 'D. The wooden table']",A,001917.png,choice,s1917
113,"['tentacles', 'sessile', 'marine invertebrate']","['underwater', 'fish nearby', 'algae', 'rocky seabed', 'colorful appearance']","['Background', 'Co-occurring Objects']",Which feature best indicates the identity of the object with tentacles in the underwater scene?,"[""A. The object's tentacles"", 'B. The rocky seabed', 'C. The fish nearby', 'D. The algae']",A,002167.png,choice,s2167
114,"['rectangular shape', 'paper material', 'folded', 'white color']","['soap dispenser', 'bathroom counter', 'near sink', 'other toiletries']","['Background', 'Co-occurring Objects']",Which feature best indicates the identity of the object on the bathroom counter?,"['A. The bathroom counter', ""B. The object's rectangular shape"", 'C. Other toiletries', 'D. The soap dispenser']",B,001029.png,choice,s1029
115,"['handle', 'blade', 'metal', 'flat']","['glass case', 'lying flat', 'display setting', 'shadow']","['Background', 'Orientation']",Which feature best indicates the identity of the object that is lying flat in the display case?,"['A. The glass case', ""B. The object's handle"", 'C. The flat appearance', 'D. The shadow']",B,002266.png,choice,s2266
116,"['adjustable jaw', 'handle', 'metallic', 'handheld']","['held by hand', 'plain background', 'metal components', 'small size']","['Co-occurring Objects', 'Background']",Which feature best indicates the identity of the object held in the hand?,"['A. Its adjustable jaw', 'B. The plain background', 'C. Its small size', 'D. The metal components']",A,000047.png,choice,s47
117,"['rectangular shape', 'screen', 'buttons', 'held in hand']","['blanket', ""object's size"", ""object's shape"", 'orientation', 'hand']","['Background', 'Orientation']",What feature best indicates the identity of the object held in hand?,"[""A. The object's size"", 'B. The screen', 'C. The blanket', ""D. The object's shape""]",B,000469.png,choice,s469
118,"['small size', 'short fur', 'specific ears', 'facial features']","['large dog', 'human hands', 'grassy background', 'shirt', 'outdoor setting']","['Co-occurring Objects', 'Background']",What is the main feature of the small animal in the human's hand?,"['A. The grassy background', 'B. The large dog nearby', 'C. The small size and specific ears', ""D. The human's shirt""]",C,002199.png,choice,s2199
119,"['flat', 'thin', 'rectangular', 'open side', 'paper material']","['clothes hanger', 'pillows', 'floor', 'wires', 'wall']","['Co-occurring Objects', 'Background']",Which feature best indicates the identity of the object standing upright against the wall?,"['A. The object’s flat structure', 'B. The pillows', 'C. The wires', 'D. The clothes hanger']",A,001092.png,choice,s1092
120,"['body pattern', 'head shape', 'small size']","['leafy background', 'color pattern', 'motion blur']","['Background', 'Colorization']",Which feature best indicates the identity of the object with the leafy background?,"[""A. The object's head shape"", 'B. The motion blur', 'C. The leafy background', 'D. The color pattern']",A,002372.png,choice,s2372
121,"['layered structure', 'cap surface', 'fungal texture']","[""text 'Maitake'"", 'shape resembling fish', 'detailed line drawing']","['Background', 'Texture and Noise']",Which feature best indicates the identity of the object with the layered structure and fungal texture?,"[""A. The object's cap surface"", 'B. The shape resembling a fish', ""C. The text 'Maitake'"", 'D. The detailed line drawing']",A,002399.png,choice,s2399
122,"['cylindrical shape', 'transparent material', 'decorative design']","['tipped over', 'nearby cutting board', 'on the floor', 'black object', 'kitchen tile']","['Background', 'Orientation']",Which feature best indicates the identity of the object that is tipped over on the floor?,"['A. The decorative design', 'B. The kitchen tile', 'C. The black object', 'D. The cutting board']",A,001202.png,choice,s1202
123,"['protective structure', 'visor', 'smooth surface']","['round shape', 'dark background', 'reflective surface']","['Shape', 'Lighting and Shadows']",Which feature best indicates the identity of the object with a round shape and a dark background?,"['A. A desk lamp', 'B. A standing lamp', 'C. A webcam', 'D. A protective structure']",D,001780.png,choice,s1780
124,"['plastic material', 'flexible shape', 'thin structure', 'crumpled appearance']","['colorful pattern', 'on the floor', 'nearby chair', 'crumpled']","['Background', 'Shape']",Which feature best indicates the identity of the colorful object near the chair?,"['A. Its plastic material', 'B. Its position on the floor', 'C. Its colorful pattern', 'D. The nearby chair']",A,000647.png,choice,s647
125,"['grinding mechanism', 'lid', 'compact body', 'metallic finish']","['kitchen counter', 'nearby kettle', 'stainless steel stove', 'tile backsplash']","['Background', 'Shape']",Which feature best indicates the identity of the object on the kitchen counter?,"['A. The nearby kettle', 'B. Tile backsplash', ""C. The object's grinding mechanism"", 'D. The stainless steel stove']",C,001858.png,choice,s1858
126,"['formal design', 'specific shape', 'laces', 'closed toe', 'heel']","['background clutter', 'held in hand', 'near couch', 'household items', 'shadows']","['Background', 'Orientation']",Which feature best indicates the identity of the object being held in the hand?,"['A. The background clutter', 'B. The couch', ""C. The object's laces"", 'D. The household items']",C,000013.png,choice,s13
127,"['rectangular shape', 'soft padding', 'low height']","['colorful toys', 'step stool', 'bathroom setting', 'pillow-like appearance']","['Background', 'Co-occurring Objects']",Which feature best indicates the identity of the object near the colorful toys?,"[""A. The object's rectangular shape"", 'B. The step stool', 'C. The pillow-like appearance', 'D. The bathroom setting']",A,001078.png,choice,s1078
128,"['large size', 'distinctive coat', 'erect ears']","['blurry image', 'green background', 'mottled coat', 'motion blur']","['Background', 'Colorization']",Which feature best indicates the identity of the object with a mottled coat and erect ears?,"['A. The green background', 'B. The motion blur', ""C. The object's large size"", 'D. The blurriness']",C,002050.png,choice,s2050
129,"['short length', 'elastic waistband', 'blue color', 'fabric material']","['toilet seat', 'bathroom tiles', 'watering can', 'bathroom setting']","['Background', 'Co-occurring Objects']",Which feature best indicates the identity of the blue fabric item placed on the toilet seat?,"['A. The elastic waistband', 'B. The toilet seat', 'C. The bathroom tiles', 'D. The watering can']",A,000731.png,choice,s731
130,"['slender legs', 'curved horns', 'body shape', 'tail', 'ears']","['grass', 'trees', 'upright stance', 'open field']","['Background', 'Orientation']",Which feature best indicates the identity of the animals standing in the open field?,"['A. The grass', 'B. The trees', 'C. The upright stance', 'D. The curved horns']",D,002079.png,choice,s2079
131,"['printed image', 'small size', 'rectangular shape']","['patterned surface', 'flat shape', 'rectangular object', 'colorful background']","['Background', 'Shape']",Which feature best identifies the object on the patterned surface?,"['A. The printed image', 'B. The patterned surface', 'C. The flat shape', 'D. The colorful background']",A,000435.png,choice,s435
132,"['flat edge', 'collection area', 'handle', 'rectangular shape']","['red color', 'tiled floor', 'angled position', 'shadow']","['Background', 'Orientation']",Which feature best indicates the identity of the red object on the tiled floor?,"['A. The shadow', 'B. The red color', 'C. The flat edge', 'D. The tiled floor']",C,001222.png,choice,s1222
133,"['long legs', 'long beak', 'feathers', 'wading stance']","['black-and-white', 'simple lines', 'no color', 'sketch']","['Colorization', 'Texture and Noise']",Which feature best indicates the identity of the object with long legs and a beak?,"['A. The simple lines', 'B. The no color', 'C. The black-and-white sketch', ""D. The object's long beak""]",D,002269.png,choice,s2269
134,"['elongated shape', 'zipper', 'padding', 'head opening']","['vertical orientation', 'minimalist design', 'linear pattern', 'text at bottom']","['Orientation', 'Background']",Which feature best indicates the identity of the vertically oriented object with a zipper?,"['A. Padding', 'B. Linear pattern', 'C. Text at bottom', 'D. Minimalist design']",A,002381.png,choice,s2381
135,"['crust', 'filling', 'shape']","['background', 'socks', 'horizontal orientation', 'lines', 'shading']","['Background', 'Co-occurring Objects']",Which feature best indicates the identity of the object that has a crust and filling?,"['A. The horizontal lines', 'B. The socks', ""C. The object's shape"", 'D. The background']",C,002293.png,choice,s2293
136,"['cylindrical shape', 'natural texture', 'markings']","['hand holding', 'table', 'monitor']","['Co-occurring Objects', 'Background']",Which feature best indicates the identity of the object being held?,"['A. The hand holding it', ""B. The object's cylindrical shape"", 'C. The table', 'D. The monitor']",B,001531.png,choice,s1531
137,"['grip', 'jaws', 'metallic structure']","['household decor', 'photoframe', 'toy shelf', 'indoor lighting']","['Background', 'Orientation']",Which feature best indicates the identity of the object being held?,"['A. The toy shelf', ""B. The object's jaws"", 'C. The household decor', 'D. The photoframe']",B,000661.png,choice,s661
138,"['steaming liquid', 'round pot', 'two handles']","['lined paper', 'spoon nearby', 'garlic clove']","['Background', 'Co-occurring Objects']",Which feature best indicates the identity of the object on lined paper with a spoon nearby?,"['A. The garlic clove', 'B. The steaming liquid', 'C. The spoon', 'D. The lined paper']",B,002209.png,choice,s2209
139,"['multiple tubes', 'arranged in rows', 'musical instrument', 'uneven lengths']","['metallic texture', 'text inscription', 'stone background', 'shiny surface']","['Background', 'Texture and Noise']",Which feature best indicates the identity of the object with tubes arranged in rows?,"['A. The text inscription', 'B. The stone background', ""C. The object's uneven lengths"", 'D. The metallic texture']",C,002172.png,choice,s2172
140,"['image', 'paper material', 'rectangular shape']","['lying on floor', 'near cabinets', 'kitchen setting', 'horizontal orientation']","['Background', 'Orientation']",Which feature best indicates the identity of the object that is lying on the floor near the kitchen cabinets?,"[""A. The object's image"", 'B. The cabinets', 'C. The horizontal orientation', 'D. The kitchen setting']",A,000002.png,choice,s2
141,"['fabric', 'sleeves', 'waist area', 'dress shape']","['lying flat', 'star patterns', 'near slippers', 'wooden floor']","['Background', 'Orientation']",Which feature best indicates the identity of the object that is lying flat on the floor with star patterns?,"['A. The nearby slippers', ""B. The object's waist area"", ""C. The object's star patterns"", 'D. The wooden floor']",B,001327.png,choice,s1327
142,"['elastic band', 'transparent', 'circular shape']","['hand positioning', 'circular appearance', 'slightly textured', 'hand grasping']","['Co-occurring Objects', 'Orientation']",Which feature best indicates the identity of the object being held by hands?,"['A. The hand positioning', ""B. The object's transparent material"", 'C. Small text on the object', 'D. The circular shape']",B,002001.png,choice,s2001
143,"['rectangular shape', 'transparent lid', 'storage container']","['various small items', 'pill-like items', 'bandage-like items', 'colorful packaging']","['Background', 'Co-occurring Objects']",Which feature best indicates the identity of the object containing various small items?,"['A. Pill-like items', 'B. Colorful packaging', 'C. The transparent lid', 'D. Bandage-like items']",C,000079.png,choice,s79
144,"['sleeves', 'body', 'neckline']","['lying on floor', 'nearby TV', 'furniture', 'tiles']","['Background', 'Orientation']",Which feature best indicates the identity of the object lying on the floor in the living room?,"['A. The furniture', 'B. The tiles', 'C. The nearby TV', ""D. The object's sleeves""]",D,000458.png,choice,s458
145,"['open top', 'handle', 'round shape', 'solid structure']","['label design', 'text', 'hung on wall', 'background colors']","['Background', 'Co-occurring Objects']",Which feature best indicates the identity of the object hung on the wall?,"['A. The label design', ""B. The object's handle"", 'C. The text', 'D. Background colors']",B,001486.png,choice,s1486
146,"['container shape', 'label design', 'lid', 'material']","['yellow color', 'on the floor', 'circular lid', 'plain background']","['Colorization', 'Background']",Which feature best indicates the identity of the yellow object on the floor?,"['A. The plain background', ""B. The container's shape"", 'C. The yellow color', 'D. The circular lid']",B,001259.png,choice,s1259
147,"['retractable metal tape', 'measurement markings', 'clip', 'compact size']","['compact shape', 'similar size', 'black and orange color', 'handheld', 'nearby scissors']","['Shape', 'Co-occurring Objects']",Which feature best indicates the identity of the compact black and orange object being held?,"[""A. The object's compact shape"", 'B. The retractable metal tape', 'C. Nearby scissors', ""D. The object's color""]",B,000980.png,choice,s980
148,"['plastic body', 'squeeze cap', 'distinct shape']","['lying on floor', 'nearby blanket', 'electric cord', 'brick background']","['Background', 'Orientation']",Which feature best indicates the identity of the object lying on the floor?,"['A. The brick background', 'B. The nearby blanket', ""C. The object's distinct shape"", 'D. The electric cord']",C,000237.png,choice,s237
149,"['dispensing mechanism', 'fragrance', 'cylindrical shape']","['cylindrical shape', 'bathroom items', 'packaging', 'white color', 'tiles']","['Co-occurring Objects', 'Shape']",Which feature best indicates the identity of the cylindrical object near the box?,"['A. The dispensing mechanism', 'B. The cylindrical shape', 'C. The bathroom tiles', 'D. The white color']",A,000986.png,choice,s986
150,"['snout', 'ears', 'fur', 'head shape']","['textured drawing', 'monochrome', 'abstract']","['Texture and Noise', 'Background']",Which feature best indicates the identity of the object in the drawing with a textured background?,"['A. The abstract texture', ""B. The object's snout"", 'C. The background patterns', 'D. The monochrome color']",B,002355.png,choice,s2355
151,"['green packaging', 'brand label', 'cleaning indication']","['sink', 'bar shape', 'water droplets', 'circular tiles']","['Background', 'Shape']",Which feature best indicates the identity of the object on the sink?,"['A. The brand label', 'B. Water droplets', 'C. The sink', 'D. The bar shape']",A,000350.png,choice,s350
152,"['soft fabric', 'rectangular shape', 'on couch']","['cluttered background', 'coffee table', 'clothes hamper', 'decorative items']","['Background', 'Co-occurring Objects']",Which feature best indicates the identity of the object placed on the couch?,"[""A. The object's soft fabric"", 'B. The coffee table', 'C. Decorative items', 'D. The cluttered background']",A,001990.png,choice,s1990
153,"['carton', 'green color', 'cow image']","['various containers', 'cluttered countertop', 'red can', 'blue bowl']","['Co-occurring Objects', 'Background']",Which feature best indicates the identity of the green object on the cluttered countertop?,"['A. The blue bowl', 'B. The green color and cow image', 'C. The coffee maker', 'D. The red can']",B,000283.png,choice,s283
154,"['cylindrical shape', 'handle', 'metal material']","['flowers', 'outdoor setting', 'texture', 'lighting']","['Background', 'Texture and Noise']",Which feature best indicates the identity of the object with a handle and metal material?,"['A. Cylindrical shape', 'B. Flowers', 'C. Outdoor setting', 'D. Texture']",A,002181.png,choice,s2181
155,"['lamp base', 'lamp shade', 'power cord', 'switch', 'small size']","['tipped over', 'nearby cup', 'window', 'tablecloth']","['Background', 'Orientation']",Which feature best indicates the identity of the object that is tipped over next to the cup?,"[""A. The object's lamp base"", 'B. The cup', 'C. Tablecloth', 'D. The window']",A,000515.png,choice,s515
156,"['cylindrical shape', 'handle', 'open top', 'plastic material']","['near drain', 'paint spots', 'dirty floor', 'outdoor setting']","['Background', 'Co-occurring Objects']",Which feature best indicates the identity of the object near the drain?,"['A. The paint spots', 'B. The outdoor setting', 'C. The cylindrical shape', 'D. The dirty floor']",C,000525.png,choice,s525
157,"['thin', 'fabric', 'flexible']","['elongated', 'on ground', 'near cable']","['Background', 'Shape']",Which feature best indicates the identity of the object lying on the ground?,"['A. The nearby cable', 'B. The ground surface', 'C. The elongated shape', ""D. The object's fabric material""]",D,001946.png,choice,s1946
158,"['metallic body', 'typical shape', 'bottle neck']","['yellow cap', 'red surface', 'background tiles']","['Colorization', 'Background']",Which feature best indicates the identity of the object with a yellow cap on the red surface?,"['A. Red surface', 'B. Metallic body', 'C. Yellow cap', 'D. Background tiles']",B,000676.png,choice,s676
159,"['circular', 'textured wood', 'small size', 'central placement']","['circular shape', 'contrast on fabric', 'shadow pattern', 'single object']","['Shape', 'Background']",Which feature best indicates the identity of the circular object on the fabric?,"['A. The fabric pattern', ""B. The object's textured wood"", 'C. The shadow pattern', ""D. The object's shadow""]",B,001085.png,choice,s1085
160,"['blade', 'shavings container', 'small size', 'plastic body']","['blurred image', 'heart shape', 'star shape', 'colorful', 'cylindrical']","['Texture and Noise', 'Shape']",Which feature best indicates the identity of the colorful blurred objects?,"['A. The cylindrical shape', 'B. The blade', 'C. The heart shape', 'D. The star shape']",B,002161.png,choice,s2161
161,"['cylindrical shape', 'metallic material', 'open top']","['kitchen setting', 'near appliances', 'lying down', 'power cord', 'dark surface']","['Background', 'Co-occurring Objects']",Which feature best indicates the identity of the object lying down on the dark surface?,"['A. The kitchen setting', 'B. The power cord', ""C. The object's cylindrical shape"", 'D. The nearby appliances']",C,001733.png,choice,s1733
162,"['white plastic material', 'crumpled', 'sink']","['sink', 'water faucet', 'soap bottle']","['Background', 'Texture and Noise']",Which feature best indicates the identity of the object in the sink that is crumpled?,"['A. The white plastic material', 'B. The sink', 'C. The water faucet', 'D. The soap bottle']",A,000867.png,choice,s867
163,"['rocky structure', 'protrusion', 'into sea', 'cliff face', 'elevated land']","['snowfall', 'visual noise', 'snowflakes', 'white particles', 'blurred background']","['Background', 'Orientation']",Which feature best indicates the identity of the object with a rocky structure protruding into the sea?,"['A. The snowflakes', 'B. The snowfall', ""C. The object's cliff face"", 'D. The white particles']",C,002208.png,choice,s2208
164,"['slender shape', 'abrasive surface', 'metal handle']","['near sink', 'bathroom items', 'marble countertop', 'soap dispenser', 'toothbrush']","['Background', 'Co-occurring Objects']",Which feature best indicates the identity of the object placed on the marble countertop?,"['A. The toothbrush', ""B. The object's metal handle"", 'C. The soap dispenser', 'D. The sink']",B,000823.png,choice,s823
165,"['spout', 'handle', 'lid', 'circular body', 'metallic finish']","['on stove', 'kitchen towel', 'kitchen setting', 'near trash bin']","['Background', 'Orientation']",Which feature best indicates the identity of the object that is on the stove?,"['A. The stove', ""B. The object's spout and handle"", 'C. The kitchen towel', 'D. The trash bin']",B,001276.png,choice,s1276
166,"['playful design', 'miniature size', 'plastic material', 'child-focused']","['figurine-like', 'on keyboard', 'small size', 'detailed appearance']","['Co-occurring Objects', 'Shape']",Which feature best indicates the identity of the object placed on the keyboard?,"[""A. The object's playful design"", 'B. The detailed appearance', ""C. The object's small size"", 'D. The keyboard']",A,001634.png,choice,s1634
167,"['rectangular shape', 'handle', 'solid structure']","['straps', 'shadows', 'angled position', 'soft surface']","['Orientation', 'Lighting and Shadows']",Which feature best indicates the identity of the object with straps and shadows on a soft surface?,"['A. The straps', ""B. The object's rectangular shape"", 'C. The shadows', 'D. The soft surface']",B,001529.png,choice,s1529
168,"['athletic design', 'laces', 'rubber sole', 'lightweight', 'mesh upper']","['near other shoes', 'tile floor', 'patterned carpet', 'dim lighting', 'clothing nearby']","['Background', 'Co-occurring Objects']",Which feature best indicates the identity of the object near the patterned carpet?,"['A. The nearby clothing', 'B. The patterned carpet', ""C. The object's laces"", 'D. Tile floor']",C,001794.png,choice,s1794
169,"['elongated body', 'scales', 'head pattern']","['blurry background', 'elongated shape', 'blurry effect']","['Background', 'Texture and Noise']",Which feature best indicates the identity of the object with a blurry background?,"['A. A fish tank', 'B. The blurry background', ""C. The object's scales"", 'D. The elongated shape']",C,002119.png,choice,s2119
170,"['perforated structure', 'cylindrical shape', 'open top']","['broom', 'poor lighting', 'angled view', 'dirty floor', 'nearby clutter']","['Background', 'Lighting and Shadows']",Which feature best indicates the identity of the object near the broom?,"['A. Nearby clutter', ""B. The object's perforated structure"", 'C. The dirty floor', 'D. The broom']",B,001849.png,choice,s1849
171,"['ear cups', 'headband', 'cable', 'over ear']","['handheld', 'rug', 'barcode tag', 'foot']","['Background', 'Orientation']",Which feature best indicates the identity of the object that is handheld near the rug?,"[""A. The object's ear cups"", 'B. The rug', 'C. The foot', 'D. The barcode tag']",A,000495.png,choice,s495
172,"['glass jar', 'grape label', 'screw cap']","['near smoke detector', 'laid horizontally', 'kitchen counter', 'hand holding']","['Co-occurring Objects', 'Orientation']",Which feature best indicates the identity of the object held horizontally on the counter?,"['A. The grape label', 'B. Hand holding', 'C. Kitchen counter', 'D. Smoke detector']",A,001015.png,choice,s1015
173,"['button layout', 'infrared emitter', 'rectangular shape']","['vertical position', 'handheld', 'potatoes', 'wooden surface']","['Orientation', 'Co-occurring Objects']",Which feature best indicates the identity of the object held vertically next to the potatoes?,"[""A. The object's button layout"", 'B. The nearby potatoes', 'C. The handheld position', 'D. The wooden surface']",A,000920.png,choice,s920
174,"['detailed design', 'solid material', 'base', 'ornate features', 'specific pose']","['unusual shape', 'hand holding', 'keyboard', 'shadow', 'wooden surface']","['Orientation', 'Background']",Which feature best indicates the identity of the object being held in the hand?,"['A. The wooden surface', 'B. The shadow', ""C. The object's specific pose"", 'D. The keyboard']",C,000262.png,choice,s262
175,"['flat surface', 'rectangular shape', 'no sharp edge']","['held in hand', 'rectangular shape', 'bright lighting', 'shadow']","['Orientation', 'Lighting and Shadows']",Which feature best indicates the identity of the object held in the hand?,"['A. The way it is held', 'B. The shadow', 'C. The flat surface', 'D. The bright lighting']",C,001384.png,choice,s1384
176,"['compact size', 'under the TV', 'rectangular shape', 'black color']","['prominent TV screen', 'coffee table', 'potted plant', 'mirrored wall', 'carpeted floor']","['Background', 'Co-occurring Objects']",Which feature best indicates the identity of the object under the TV?,"['A. The coffee table', 'B. The potted plant', ""C. The object's compact size"", 'D. The prominent TV screen']",C,000086.png,choice,s86
177,"['flat surface', 'raised edges', 'decorative design']","['on toilet seat', 'bathroom setting', 'tiles floor', 'toilet tank']","['Background', 'Orientation']",Which feature best indicates the identity of the object placed on the toilet seat?,"['A. The toilet tank', 'B. The toilet seat', 'C. The bathroom tiles', ""D. The object's flat surface""]",D,000942.png,choice,s942
178,"['handle', 'spout', 'glass material']","['snowfall effect', 'person', 'tablecloth', 'white sheet', 'blue background']","['Background', 'Texture and Noise']",Which feature best indicates the identity of the object held by the person in the image?,"['A. White sheet', 'B. Blue background', 'C. Snowfall effect', ""D. The object's handle""]",D,002378.png,choice,s2378
179,"['open top', 'cylindrical shape', 'mesh pattern']","['bright color', 'plastic material', 'small size', 'near corner', 'shadow']","['Colorization', 'Relative Size']","Which feature best indicates the identity of the small, bright-colored object near the corner?","['A. The plastic material', ""B. The object's bright color"", ""C. The object's open top"", ""D. The object's small size""]",C,000029.png,choice,s29
180,"['cylindrical shape', 'open top', 'solid structure']","['tipped over', 'concrete floor', 'dark lighting', 'near wall']","['Background', 'Orientation']",Which feature best indicates the identity of the object that is tipped over on the floor?,"['A. Dark lighting', 'B. The concrete floor', 'C. Near wall', ""D. The object's cylindrical shape""]",D,000290.png,choice,s290
181,"['fabric', 'folded', 'soft', 'rectangular']","['patterned rug', 'washing machine', 'kitchen cabinets', 'nearby objects']","['Background', 'Orientation']",Which feature best indicates the identity of the object that is folded on the patterned rug?,"['A. The patterned rug', 'B. The washing machine', ""C. The object's fabric"", 'D. Kitchen cabinets']",C,000241.png,choice,s241
182,"['white liquid', 'milk label', 'plastic bottle']","['bottle shape', 'kitchen setting', 'blue cap', 'marble countertop', 'hand holding']","['Shape', 'Background']",Which feature best indicates the identity of the object that has a blue cap and is on the marble countertop?,"['A. The kitchen setting', 'B. The marble countertop', 'C. The blue cap', 'D. The white liquid inside']",D,000937.png,choice,s937
183,"['cutting mechanism', 'handle', 'power cord', 'grip']","['near coffee maker', 'kitchen stove', 'black color', 'hand holding']","['Background', 'Orientation']",Which feature best indicates the identity of the object being held near the coffee maker?,"['A. The hand holding', 'B. The kitchen stove', 'C. The black color', ""D. The object's cutting mechanism""]",D,000276.png,choice,s276
184,"['flat surface', 'metal legs', 'padding']","['low position', 'kitchen floor', 'rectangular shape', 'near appliances']","['Background', 'Orientation']",Which feature best indicates the identity of the object that is low on the kitchen floor?,"[""A. The object's padding"", 'B. The kitchen floor', 'C. The nearby appliances', 'D. The rectangular shape']",A,000128.png,choice,s128
185,"['detached display', 'large screen', 'no keyboard', 'stand', 'cables']","['keyboard', 'angled screen', 'charger plug', 'desk surface', 'shadow']","['Co-occurring Objects', 'Orientation']",Which feature best indicates the identity of the object with the large screen on the desk?,"[""A. The object's large screen"", 'B. The charger plug', 'C. The angled screen', 'D. The keyboard']",A,001353.png,choice,s1353
186,"['seeds', 'unique shape', 'rough texture']","['background text', 'inverted image', 'black and white']","['Background', 'Orientation']",Which feature best indicates the identity of the object with seeds and unique shape?,"['A. The black and white color', 'B. The background text', ""C. The object's seeds"", 'D. The inverted image']",C,002219.png,choice,s2219
187,"['slender body', 'long legs', 'distinct horns']","['outdoor setting', 'brown color', 'standing position', 'grassy field']","['Background', 'Co-occurring Objects']",Which feature best indicates the identity of the animal standing in the grassy field?,"[""A. The animal's distinct horns"", 'B. The brown color', 'C. The outdoor setting', 'D. The grassy field']",A,002105.png,choice,s2105
188,"['rectangular box', 'cereal branding', 'product name']","['sideways orientation', 'carpet background', 'near furniture']","['Background', 'Orientation']",Which feature best identifies the object lying on its side in the image?,"['A. The carpet', ""B. The object's branding"", 'C. Nearby furniture', 'D. The room lighting']",B,000974.png,choice,s974
189,"['large size', 'deep bowl', 'metal material']","['upside down', 'reflective surface', 'wooden floor', 'bright lighting']","['Orientation', 'Lighting and Shadows']",Which feature best indicates the identity of the object with a reflective surface on the wooden floor?,"['A. Bright lighting', 'B. The wooden floor', ""C. The object's large size"", 'D. The reflective surface']",C,001140.png,choice,s1140
190,"['thin material', 'square shape', 'folded', 'single layer']","['lying person', 'floral pattern', 'bed setting', 'red color']","['Background', 'Colorization']",Which feature best indicates the identity of the red object on the bed?,"['A. The red color', 'B. The lying person', ""C. The object's thin material"", 'D. The colorful floral pattern']",C,001988.png,choice,s1988
191,"['hexagonal shape', 'central hole', 'metallic', 'small size', 'threaded interior']","['close-up view', 'hand-held', 'metallic texture', 'background blur']","['Perspective and Angle', 'Texture and Noise']",Which feature best indicates the identity of the object held between fingers?,"['A. The background blur', ""B. The object's hexagonal shape"", 'C. The metallic texture', 'D. The hand holding it']",B,000877.png,choice,s877
192,"['plaid pattern', 'drawstring', 'short length']","['clothes hamper', 'dustpan', 'cluttered floor']","['Background', 'Co-occurring Objects']",Which feature best indicates the identity of the plaid object on the floor?,"['A. The cluttered floor', 'B. The clothes hamper', 'C. The dustpan', ""D. The object's drawstring""]",D,000541.png,choice,s541
193,"['blade', 'handle', 'pointed tip']","['cluttered background', 'hand holding', 'dim lighting', 'near socks']","['Background', 'Shape']",Which feature best indicates the identity of the object held in the hand?,"['A. The nearby socks', 'B. The hand holding it', ""C. The object's pointed tip"", 'D. The cluttered background']",C,001936.png,choice,s1936
194,"['cylindrical shape', 'pedal', 'lid', 'metal body']","['bathtub', 'hand', 'tile floor', 'blue faucet cover']","['Background', 'Co-occurring Objects']",Which feature best indicates the identity of the object being held near the bathtub?,"[""A. The object's cylindrical shape"", 'B. The blue faucet cover', 'C. The tile floor', 'D. The bathtub']",A,000995.png,choice,s995
195,"['sleeves', 'fabric type', 'button-down design']","['crumpled', 'wooden floor', 'shadow', 'nearby feet']","['Background', 'Orientation']",Which feature best indicates the identity of the crumpled object on the floor?,"['A. Wooden floor', 'B. Shadow', ""C. The object's sleeves"", 'D. Nearby feet']",C,001937.png,choice,s1937
196,"['soft', 'rectangular shape', 'patterned fabric']","['nearby clothes', 'on container', 'patterned floor', 'shadow']","['Background', 'Orientation']",Which feature best indicates the identity of the object placed on the container?,"['A. The shadow', 'B. The patterned floor', ""C. The object's patterned fabric"", 'D. The nearby clothes']",C,001667.png,choice,s1667
197,"['fabric', 'shape', 'folded']","['bathroom items', 'black color', 'sink', 'soap dispenser']","['Background', 'Colorization']",Which feature best indicates the identity of the object near the sink?,"['A. The soap dispenser', 'B. The black color', ""C. The object's fabric"", 'D. The toothbrush']",C,000779.png,choice,s779
198,"['label', 'shape', 'bottle cap']","['microwave', 'kitchen counter', 'near sink', 'tipped over']","['Background', 'Orientation']",Which feature best indicates the identity of the object that is placed near the microwave?,"['A. The sink', 'B. The microwave', 'C. The kitchen counter', ""D. The object's label""]",D,000386.png,choice,s386
199,"['flat surface', 'raised edges', 'rectangular shape']","['bed', 'striped blanket', 'metallic texture', 'dim lighting']","['Background', 'Texture and Noise']",Which feature best indicates the identity of the metallic object on the bed?,"[""A. The object's raised edges"", 'B. The striped blanket', 'C. The bed', 'D. Dim lighting']",A,000397.png,choice,s397
200,"['small size', 'sealed packet', 'flat shape', 'paper material']","['toilet', 'toilet paper roll', 'hand holding object', 'bathroom setting', 'horizontal orientation']","['Background', 'Orientation']",Which feature best indicates the identity of the object being held horizontally in the bathroom?,"['A. The toilet', 'B. The object’s small size', 'C. The hand holding the object', 'D. The toilet paper roll']",B,001765.png,choice,s1765
201,"['horizontal seat', 'four legs', 'solid structure']","['tipped over', 'nearby towels', 'laundry rack', 'wooden floor']","['Background', 'Orientation']",Which feature best indicates the identity of the object that is tipped over near the towels?,"[""A. The object's solid structure"", 'B. The wooden floor', 'C. The laundry rack', 'D. Nearby towels']",A,001451.png,choice,s1451
202,"['athletic design', 'laces', 'sole', 'ventilation holes', 'supportive structure']","['nearby cat', 'indoor setting', 'carpet floor', 'blurred background']","['Background', 'Co-occurring Objects']",Which feature best indicates the identity of the object next to the cat?,"[""A. The object's laces"", 'B. The carpet floor', 'C. The blurred background', 'D. The nearby cat']",A,001734.png,choice,s1734
203,"['flat surface', 'rectangular shape', 'smooth texture', 'green color']","['pink chair', 'blue box', 'carpet', 'striped clothing']","['Background', 'Co-occurring Objects']",Which feature best indicates the identity of the green object partially visible near the pink chair?,"['A. The carpet', 'B. The pink chair', 'C. The blue box', ""D. The object's flat surface""]",D,001683.png,choice,s1683
204,"['small size', 'handle', 'grinding mechanism', 'metal top', 'wooden base']","['on bed', 'near pillows', 'blankets', 'bed frame', 'bedroom setting']","['Background', 'Co-occurring Objects']",Which feature best indicates the identity of the object that is on the bed?,"[""A. The object's handle"", 'B. The bed frame', 'C. The blankets', 'D. The pillows']",A,001912.png,choice,s1912
205,"['shallow depth', 'decorative pattern', 'curved shape']","['hand holding', 'dark countertop', 'near lamp', 'background decor']","['Background', 'Orientation']",Which feature best indicates the identity of the object being held over the countertop?,"['A. The background decor', ""B. The object's curved shape"", 'C. The hand holding it', 'D. The dark countertop']",B,000221.png,choice,s221
206,"['USB connector', 'cable length', 'white color']","['bathroom sink', 'soap dispenser', 'spoon', 'hand holding']","['Background', 'Co-occurring Objects']",Which feature best indicates the identity of the object being held near the sink?,"[""A. The object's USB connector"", 'B. The spoon', 'C. The soap dispenser', 'D. The bathroom sink']",A,000403.png,choice,s403
207,"['fabric texture', 'large size', 'rectangular shape']","['colorful pattern', 'handheld', 'nearby blankets', 'sofa', 'window']","['Background', 'Co-occurring Objects']",Which feature best indicates the identity of the colorful item being held?,"['A. The fabric texture', 'B. The colorful pattern', 'C. The nearby blankets', 'D. The sofa']",A,000248.png,choice,s248
208,"['stapling mechanism', 'handle', 'metal body', 'blue color']","['kitchen setting', 'water bottle', 'glass', 'table surface', 'lighting']","['Background', 'Co-occurring Objects']",Which feature best indicates the identity of the object on the table?,"['A. The water bottle', ""B. The object's metal body"", 'C. The table surface', 'D. The glass']",B,001649.png,choice,s1649
209,"['blade', 'handle', 'metallic body']","['shape', 'metallic appearance', 'background color', 'lighting']","['Shape', 'Lighting and Shadows']",Which feature best indicates the identity of the metallic object on the table?,"['A. Background color', 'B. Shape', 'C. Blade', 'D. Metallic appearance']",C,001389.png,choice,s1389
210,"['chuck', 'handle', 'battery', 'trigger']","['carpet', 'horizontal', 'no drill bit', 'dark colors']","['Background', 'Orientation']",Which feature best indicates the identity of the object lying horizontally on the carpet?,"['A. The carpet', 'B. The dark colors', ""C. The object's handle"", 'D. The absence of a drill bit']",C,000447.png,choice,s447
211,"['open structure', 'rectangular shape', 'drawers hold items']","['items inside', 'wooden floor', 'cable nearby', 'rectangular shape']","['Background', 'Co-occurring Objects']",Which feature best indicates the identity of the object that contains various everyday items on the wooden floor?,"['A. The nearby cable', 'B. The wooden floor', 'C. The items inside', 'D. The open structure']",D,001018.png,choice,s1018
212,"['tall structure', 'footwear', 'black color']","['nearby leg', 'polka-dot shorts', 'carpet']","['Co-occurring Objects', 'Colorization']",Which feature best indicates the identity of the object next to the leg on the carpet?,"['A. The carpet', 'B. The polka-dot shorts', ""C. The object's tall structure"", 'D. The nearby leg']",C,000784.png,choice,s784
213,"['crust', 'pie shape', 'filled center']","['nearby socks', 'horizontal orientation', 'background lines', 'rectangular appearance']","['Background', 'Orientation']",Which feature best indicates the identity of the object with a crusty exterior in the image?,"['A. The rectangular appearance', 'B. The nearby socks', 'C. The background lines', ""D. The object's crust""]",D,002202.png,choice,s2202
214,"['soft fabric', 'decorative pattern', 'foldable', 'rectangular shape']","['crumpled shape', 'wooden floor', 'near door', 'geometric pattern']","['Background', 'Shape']",Which feature best indicates the identity of the crumpled object on the floor?,"['A. The nearby door', 'B. The wooden floor', 'C. The geometric pattern', 'D. The soft fabric']",D,001837.png,choice,s1837
215,"['zipper', 'handle', 'compact design']","['bed', 'pillow', 'hand holding it', 'blanket', 'lighting']","['Background', 'Relative Size']",Which feature best indicates the identity of the object being held in the hand?,"['A. The pillow', 'B. The bed', 'C. The zipper', 'D. The lighting']",C,000574.png,choice,s574
216,"['scaly skin', 'curved body', 'triangular head']","['sandy background', 'bright lighting', 'branches']","['Background', 'Lighting and Shadows']",Which feature best indicates the identity of the object on the sandy background?,"['A. The bright lighting', ""B. The object's scaly skin"", 'C. The sandy texture', 'D. The branches']",B,002390.png,choice,s2390
217,"['portafilter handle', 'water reservoir', 'power cord', 'black body']","['bathroom tiles', 'shower drain', 'red slippers', 'tilted position']","['Background', 'Orientation']",Which feature best indicates the identity of the object that is placed near the shower drain?,"['A. Bathroom tiles', 'B. Shower drain', 'C. Red slippers', 'D. The portafilter handle']",D,000751.png,choice,s751
218,"['coiled shape', 'scales pattern', 'slender body', 'head distinct']","['blurred background', 'texture', 'coiled shape', 'lighting effect']","['Background', 'Texture and Noise']",Which feature best indicates the identity of the object that is coiled and blurred in the image?,"['A. The lighting effect', ""B. The object's coiled shape"", 'C. The texture pattern', 'D. The background blur']",B,002210.png,choice,s2210
219,"['metallic', 'spring mechanism', 'small size']","['laptop', 'wooden table', 'clutter', 'open table area']","['Co-occurring Objects', 'Background']",Which feature best indicates the identity of the object on the wooden table?,"['A. The wooden table', 'B. The clutter', 'C. The small size', 'D. The laptop']",C,001894.png,choice,s1894
220,"['cylindrical shape', 'distinctive cap', 'small size']","['on chair', 'plastic chair', 'granite floor', 'background wall']","['Background', 'Co-occurring Objects']",Which feature best indicates the identity of the object placed on the chair?,"[""A. The object's distinctive cap"", 'B. The granite floor', 'C. The chair', 'D. The background wall']",A,001023.png,choice,s1023
221,"['handle', 'spout', 'cylindrical shape']","['lid', 'container shape', 'carpeted floor']","['Shape', 'Background']",Which feature best indicates the identity of the object on the carpeted floor?,"['A. The carpeted floor', 'B. The container shape', ""C. The object's handle"", 'D. The lid']",C,000308.png,choice,s308
222,"['elastic material', 'small size', 'circular shape']","['wooden background', 'single object', 'center of image']","['Background', 'Shape']",Which feature best indicates the identity of the circular object on the wooden surface?,"['A. The wooden surface', 'B. Its central position', 'C. Its single presence', 'D. Its elastic material']",D,001815.png,choice,s1815
223,"['round shape', 'flat top', 'plastic material', 'small size']","['green color', 'lying on floor', 'cylindrical shape', 'absence of bottle', 'smooth surface']","['Shape', 'Background']","Which feature best indicates the identity of the green, round object lying on the floor?","['A. Its small size', 'B. The cylindrical shape', 'C. The green color', 'D. The smooth surface']",A,000401.png,choice,s401
224,"['miniature airplane', 'bright color', 'wings', 'tail', 'small size']","['small size', 'on the floor', 'nearby box', 'bubble wrap', 'shiny surface']","['Background', 'Relative Size']",Which feature best indicates the identity of the small object on the floor?,"['A. The small size', 'B. The nearby box', ""C. The object's wings"", 'D. The bubble wrap']",C,000207.png,choice,s207
225,"['rectangular shape', 'cover art', 'plastic case']","['microwave', 'kitchen setting', 'owl decoration', 'wooden cabinets', 'hand holding']","['Background', 'Orientation']",Which feature best indicates the identity of the object being held near the microwave?,"['A. The owl decoration', ""B. The object's cover art"", 'C. The wooden cabinets', 'D. The microwave']",B,000060.png,choice,s60
226,"['dates', 'layout', 'spiral binding', 'rectangular shape']","['floor', 'shoes', 'box', 'nearby objects']","['Background', 'Shape']",Which feature best indicates the identity of the object lying on the floor?,"['A. The floor tiles', 'B. The shoes', 'C. The spiral binding', 'D. The box']",C,000382.png,choice,s382
227,"['cylindrical shape', 'lid', 'compact size']","['kitchen background', 'on the table', 'near other containers', 'tilted']","['Background', 'Orientation']",Which feature best indicates the identity of the object tilted on the table?,"['A. The kitchen background', 'B. The floral tablecloth', 'C. The nearby containers', ""D. The object's compact size""]",D,000968.png,choice,s968
228,"['flat surface', 'raised edge', 'handle', 'rectangular shape']","['hand holding', 'blue color', 'near carpet', 'indoor setting']","['Background', 'Orientation']",Which feature best indicates the identity of the blue object being held near the carpet?,"['A. The indoor setting', ""B. The object's flat surface"", 'C. The hand holding it', 'D. The blue color']",B,000681.png,choice,s681
229,"['blade', 'handle', 'sharp edge']","['yellow jug', 'cleaning supplies', 'cluttered background', 'water filter']","['Background', 'Co-occurring Objects']",Which feature best indicates the identity of the object on the cluttered countertop?,"['A. The cleaning supplies', 'B. The yellow jug', 'C. The water filter', ""D. The object's blade""]",D,001664.png,choice,s1664
230,"['handle', 'cylindrical shape', 'solid structure', 'blue color']","['near salt shaker', 'on tablecloth', 'remote controls', 'near other containers']","['Co-occurring Objects', 'Background']",Which feature best indicates the identity of the object being held near the salt shaker?,"['A. The remote controls', 'B. The salt shaker', 'C. The tablecloth', ""D. The object's handle""]",D,001989.png,choice,s1989
231,"['elastic waistband', 'short length', 'leg holes', 'panda print', 'drawstring']","['blanket nearby', 'dim lighting', 'curtain', 'folded appearance']","['Co-occurring Objects', 'Lighting and Shadows']",Which feature best indicates the identity of the object with panda print on the chair?,"['A. The nearby blanket', 'B. The dim lighting', 'C. The elastic waistband', 'D. The curtain']",C,001971.png,choice,s1971
232,"['woven structure', 'handle', 'round shape']","['pillow', 'bed sheet', 'clutter', 'bed setting', 'remote control']","['Background', 'Co-occurring Objects']",Which feature best indicates the identity of the object surrounded by clutter on the bed?,"['A. The remote control', 'B. The bed sheet', 'C. The pillow', ""D. The object's woven structure""]",D,000875.png,choice,s875
233,"['glove shape', 'insulating material', 'fits hand', 'thermal protection']","['lamp', 'bottle', 'wooden table', 'other objects']","['Co-occurring Objects', 'Background']",Which feature best indicates the identity of the green object on the wooden table?,"['A. The bottle', 'B. The lamp', 'C. The glove shape', 'D. The wooden table']",C,001642.png,choice,s1642
234,"['mesh surface', 'handles', 'bowl shape']","['under bed', 'carpet floor', 'camera lens', 'bed sheet', 'black socks']","['Background', 'Co-occurring Objects']",Which feature best indicates the identity of the object under the bed?,"['A. The carpet floor', 'B. The bed sheet', ""C. The object's mesh surface"", 'D. The camera lens']",C,000240.png,choice,s240
235,"['woven structure', 'handle', 'open top']","['red countertop', 'paper towels', 'kitchen appliances', 'dishwasher']","['Background', 'Co-occurring Objects']",Which feature best indicates the identity of the object on the red countertop?,"['A. The red countertop', 'B. The woven structure', 'C. The dishwasher', 'D. The paper towels']",B,000674.png,choice,s674
236,"['rectangular shape', 'floor placement', 'rug texture']","['colorful pattern', 'horizontal stripes', 'multicolored']","['Colorization', 'Texture and Noise']",Which feature best indicates the identity of the object with the colorful pattern on the floor?,"['A. The multicolored design', 'B. The horizontal stripes', 'C. The colorful pattern', ""D. The object's placement on the floor""]",D,001552.png,choice,s1552
237,"['cylindrical shape', 'wooden material', 'long length']","['bathroom tiles', 'angled position', 'soap holder', 'bathtub']","['Background', 'Orientation']",Which feature best indicates the identity of the object that is positioned at an angle in the bathroom?,"['A. The soap holder', 'B. The bathtub', 'C. The bathroom tiles', ""D. The object's cylindrical shape""]",D,000008.png,choice,s8
238,"['lens', 'buttons', 'viewfinder', 'rectangular body']","['near sink', 'toothbrush', 'bathroom tiles', 'water tap']","['Background', 'Orientation']",Which feature best indicates the identity of the object that is placed near the sink?,"['A. The water tap', 'B. The bathroom tiles', ""C. The object's lens"", 'D. The toothbrush']",C,001599.png,choice,s1599
239,"['adjustable jaw', 'long handles', 'metallic', 'grip']","['floral pattern', 'horizontal position', 'bedding']","['Background', 'Shape']",Which feature best indicates the identity of the object lying horizontally on the bed?,"[""A. The object's adjustable jaw"", 'B. The bedding', 'C. The floral pattern', ""D. The object's color""]",A,001086.png,choice,s1086
240,"['round', 'metallic', 'small']","['plastic wrap', 'floral background', 'shiny surface', 'large object nearby', 'glossy texture']","['Background', 'Texture and Noise']","Which feature best indicates the identity of the small, round object with a shiny surface?","['A. The plastic wrap', 'B. The floral background', ""C. The object's metallic nature"", 'D. The large object nearby']",C,001863.png,choice,s1863
241,"['open toe', 'strap', 'heel']","['bed', 'laptop', 'blanket', 'indoor setting']","['Background', 'Co-occurring Objects']",Which feature best indicates the identity of the object on the bed?,"[""A. The object's strap"", 'B. The blanket', 'C. The laptop', 'D. The bed']",A,001168.png,choice,s1168
242,"['cylindrical shape', 'metallic surface', 'lid', 'insulated']","['computer mouse', 'notebook', 'desk', 'wires']","['Background', 'Co-occurring Objects']",Which feature best indicates the identity of the cylindrical object on the desk?,"['A. Wires', 'B. The notebook', 'C. The computer mouse', ""D. The object's metallic surface""]",D,001732.png,choice,s1732
243,"['folding tool', 'metal parts', 'multiple functions']","['black handle', 'small size', 'handheld', 'gray background', 'single visible part']","['Shape', 'Colorization']",Which feature best indicates the identity of the object that is handheld with a black handle?,"['A. The metal parts', 'B. The black handle', 'C. The gray background', 'D. The small size']",A,001993.png,choice,s1993
244,"['hook shape', 'thin frame', 'yellow color']","['cloth', 'flat surface', 'bed', 'woolen texture']","['Background', 'Co-occurring Objects']",Which feature best indicates the identity of the yellow object on the flat surface?,"['A. The woolen texture', 'B. The bed', 'C. The cloth around it', 'D. The hook shape']",D,000634.png,choice,s634
245,"['staple compartment', 'pressing mechanism', 'compact shape']","['small size', 'metallic parts', 'single color', 'tabletop background']","['Shape', 'Colorization']",Which feature best indicates the identity of the small object on the table?,"['A. The metallic parts', 'B. The staple compartment', 'C. The tabletop', 'D. The single color']",B,000777.png,choice,s777
246,"['clasp mechanism', 'small size', 'decorative design']","['striped bed sheet', 'small size', 'shadow']","['Background', 'Relative Size']",Which feature best indicates the identity of the object on the striped bed sheet?,"[""A. The object's clasp mechanism"", 'B. The small size', 'C. The striped bed sheet', 'D. The shadow of the object']",A,001215.png,choice,s1215
247,"['flat base', 'scoop', 'short handle', 'angled head']","['red color', 'handle', 'carpet', 'shadow', 'plastic material']","['Colorization', 'Shape']",Which feature best indicates the identity of the red object with a handle?,"['A. The shadow', 'B. The carpet', 'C. The flat base', 'D. The red color']",C,000891.png,choice,s891
248,"['round shape', 'large size', 'shiny surface']","['near sink', 'toiletries', 'seashells', 'bathroom mirror']","['Background', 'Context']",Which feature best indicates the identity of the object held in the bathroom?,"['A. The seashells', 'B. The bathroom mirror', ""C. The object's round shape"", 'D. The sink']",C,000239.png,choice,s239
249,"['rectangular shape', 'metal material', 'slight lip']","['on a bed', 'near a pillow', 'patterned bedspread', 'wooden furniture']","['Background', 'Orientation']",Which feature best indicates the identity of the object placed on the bed?,"['A. The pillow nearby', 'B. The wooden furniture', ""C. The object's metal material"", 'D. The patterned bedspread']",C,000249.png,choice,s249
250,"['felt tip', 'ink reservoir', 'plastic body', 'removable cap']","['elongated shape', 'blue color', 'held by hand', 'textured background']","['Shape', 'Colorization']",Which feature best indicates the identity of the blue object held in the hand?,"['A. The textured background', 'B. The elongated shape', 'C. The blue color', 'D. The felt tip']",D,001284.png,choice,s1284
251,"['fabric', 'sleeves', 'neckline', 'shirt shape']","['crumpled', 'bathroom sink', 'bathroom floor', 'mirror']","['Background', 'Orientation']",Which feature best indicates the identity of the object located on the bathroom sink?,"['A. The mirror', 'B. The bathroom sink', ""C. The object's fabric and sleeves"", 'D. The bathroom floor tiles']",C,000234.png,choice,s234
252,"['artistic shape', 'detailed features', 'standing position']","['laptop', 'plastic container', 'cloth surface', 'shadows']","['Co-occurring Objects', 'Background']",Which feature best indicates the identity of the object standing on the laptop?,"['A. The laptop', 'B. The plastic container', ""C. The object's detailed features"", 'D. The cloth surface']",C,000205.png,choice,s205
253,"['pump mechanism', 'dispensing nozzle', 'label', 'liquid soap']","['bathroom mat', 'tile floor', 'generic bottle shape', 'label']","['Background', 'Shape']",Which feature best indicates the identity of the object on the tile floor?,"['A. The generic bottle shape', 'B. The tile floor', 'C. The bathroom mat', 'D. The pump mechanism']",D,001952.png,choice,s1952
254,"['facial features', 'fur texture', 'paws', 'ears', 'eyes']","['fur position', 'pattern resemblance', 'drawing style']","['Texture and Noise', 'Co-occurring Objects']",Which feature best indicates the identity of the object with detailed fur texture and distinct facial features?,"['A. Sea lion', 'B. Entertainment center', 'C. A dog breed with distinctive fur', 'D. Electric locomotive']",C,002059.png,choice,s2059
255,"['cylindrical shape', 'pull-tab', 'metallic finish', 'small size']","['green container', 'yellow lighting', 'wooden surface', 'vertical position']","['Background', 'Lighting and Shadows']",Which feature best indicates the identity of the object on the green container?,"['A. The green container', ""B. The object's small size"", 'C. The wooden surface', 'D. The yellow lighting']",B,000644.png,choice,s644
256,"['cylindrical shape', 'label', 'vent holes']","['handheld', 'carpet', 'green color', 'pet image']","['Background', 'Co-occurring Objects']",Which feature best indicates the identity of the object being held on the carpet?,"[""A. The object's label"", 'B. The pet image', 'C. The hand holding it', 'D. The carpet']",A,000232.png,choice,s232
257,"['fibrous texture', 'looped shape', 'soft material']","[""cat's face"", 'yellow eyes', 'lighting', 'close-up view', 'whiskers']","['Co-occurring Objects', 'Perspective and Angle']",Which feature is misleading in identifying the object around the cat's neck?,"['A. The whiskers', ""B. The object's fibrous texture"", 'C. The close-up view', ""D. The cat's yellow eyes""]",B,002080.png,choice,s2080
258,"['rectangular shape', 'printed text', 'denomination', 'serial number', 'symbol']","['hand holding', 'patterned carpet', 'shadow', 'lighting']","['Background', 'Orientation']",Which feature best indicates the identity of the paper object being held with a hand?,"['A. The shadow', 'B. The hand holding it', 'C. The patterned carpet', 'D. The printed denomination']",D,000328.png,choice,s328
259,"['distinct shape', 'detailed design', 'small size']","['near sink', 'soap dispenser', 'bathroom tiles', 'water tap', 'hand']","['Background', 'Co-occurring Objects']",Which feature best indicates the identity of the object near the sink?,"['A. The bathroom tiles', 'B. The soap dispenser', 'C. The water tap', ""D. The object's distinct shape""]",D,000761.png,choice,s761
260,"['round shape', 'small size', 'fastener', 'central holes']","['patterned fabric', 'clothing item', 'fabric texture', 'vertical orientation']","['Co-occurring Objects', 'Orientation']",Which feature best indicates the identity of the object that is part of the patterned fabric?,"[""A. The object's round shape"", 'B. The fabric pattern', 'C. The vertical orientation', 'D. The fabric texture']",A,000280.png,choice,s280
261,"['round shape', 'metal plug', 'rubber seal']","['laundry basket', 'red towel', 'bathroom floor', 'instruction paper']","['Co-occurring Objects', 'Background']",Which feature best indicates the identity of the object near the laundry basket?,"['A. The red towel', 'B. The laundry basket', 'C. The instruction paper', 'D. The round shape']",D,000278.png,choice,s278
262,"['cylindrical shape', 'ridged top', 'cork material']","['near faucet', 'on sink edge', 'bathroom setting', 'metallic background']","['Background', 'Co-occurring Objects']",What feature best indicates the identity of the object placed on the sink edge?,"[""A. The object's ridged top"", 'B. The metallic background', 'C. The faucet', 'D. The bathroom setting']",A,000963.png,choice,s963
263,"['small', 'metallic', 'bent shape', 'teeth-like']","['countertop', 'stove', 'kitchen', 'dark lighting']","['Background', 'Lighting and Shadows']",Which feature best indicates the identity of the small metallic object on the countertop?,"['A. The stove', ""B. The object's bent shape"", 'C. The dark lighting', 'D. The kitchen setting']",B,001653.png,choice,s1653
264,"['laces', 'polished surface', 'formal shape']","['green bucket', 'blue bucket', 'white floor tiles', 'bottles', 'laundry appliances']","['Background', 'Co-occurring Objects']",Which feature best indicates the identity of the black object near the green bucket?,"['A. The white floor tiles', 'B. The laundry appliances', 'C. The green bucket', ""D. The object's laces""]",D,000491.png,choice,s491
265,"['rectangular shape', 'cover', 'spine', 'flat surface']","['tilted', 'colorful background', 'cartoon characters', 'toy']","['Background', 'Orientation']",Which feature best indicates the identity of the tilted object with cartoon characters on it?,"[""A. The object's flat surface"", 'B. The toy on the table', 'C. The colorful background', 'D. The cartoon characters']",A,001008.png,choice,s1008
266,"['round shape', 'crumbly texture', 'flat surface']","['orange bottle', 'glass jar', 'kitchen utensils', 'microwave']","['Co-occurring Objects', 'Colorization']",Which feature best indicates the identity of the object near the orange bottle?,"[""A. The object's crumbly texture"", 'B. The kitchen utensils', 'C. The orange bottle', 'D. The glass jar']",A,000162.png,choice,s162
267,"['conical shape', 'lamp frame', 'open top', 'open bottom']","['kitchen floor', 'nearby mat', 'cabinets', 'stove']","['Background', 'Orientation']",Which feature best indicates the identity of the object on the kitchen floor?,"['A. The cabinets', 'B. The kitchen mat', ""C. The object's conical shape"", 'D. The stove']",C,000335.png,choice,s335
268,"['rectangular shape', 'multiple compartments', 'orange color']","['coffee mug', 'utensils', 'sink', 'plate', 'cup']","['Co-occurring Objects', 'Background']",Which feature best indicates the identity of the object with multiple compartments next to the sink?,"['A. Coffee mug', 'B. Plate', 'C. Utensils', 'D. Rectangular shape']",D,001717.png,choice,s1717
269,"['thin', 'long', 'flexible', 'single strip']","['bed', 'blanket', 'watch', 'pillow', 'hand']","['Background', 'Co-occurring Objects']",Which feature best indicates the identity of the object being held in the hand over the bed?,"[""A. The object's thinness"", 'B. The watch', 'C. The blanket', 'D. The bed']",A,001295.png,choice,s1295
270,"['deep bowl', 'long handle', 'black surface']","['nearby foot', 'tiled floor', 'angle', 'shadow']","['Background', 'Perspective and Angle']",Which feature best indicates the identity of the object near the foot on the floor?,"['A. The shadow', 'B. The tiled floor', 'C. The nearby foot', ""D. The object's deep bowl""]",D,001068.png,choice,s1068
271,"['pages', 'cover', 'binding']","['diaper box', 'laundry basket', 'carpet', 'upright orientation']","['Background', 'Orientation']",Which feature best indicates the identity of the object that is placed upright beside the laundry basket?,"[""A. The object's pages"", 'B. The diaper box', 'C. The carpet', 'D. The laundry basket']",A,000836.png,choice,s836
272,"['concave head', 'handle', 'small size']","['hand grip', 'kitchen tiles', 'footwear', 'perspective']","['Background', 'Perspective and Angle']",Which feature best indicates the identity of the object being held in the hand?,"['A. The kitchen tiles', 'B. The footwear', 'C. The hand grip', ""D. The object's small size""]",D,001286.png,choice,s1286
273,"['flat edge', 'handle', 'open scoop']","['red color', 'bathroom', 'toilet', 'tile floor', 'hand held']","['Colorization', 'Co-occurring Objects']",Which feature best indicates the identity of the red object held in the hand?,"['A. The bathroom', 'B. The tile floor', 'C. The red color', ""D. The object's flat edge""]",D,000977.png,choice,s977
274,"['seat', 'backrest', 'armrests', 'plastic structure']","['clothes', 'pliers', 'glasses', 'spray bottle', 'windowsill']","['Co-occurring Objects', 'Background']",Which feature best indicates the identity of the object that has clothes and tools placed on it?,"[""A. The object's armrests"", 'B. The clothes', 'C. The spray bottle', 'D. The windowsill']",A,001087.png,choice,s1087
275,"['denim fabric', 'pant legs', 'pockets']","['hanging', 'bathroom', 'drying', 'other clothes', 'orange bucket']","['Background', 'Orientation']",Which feature best indicates the identity of the object hanging in the bathroom?,"['A. The drying context', 'B. The orange bucket', 'C. The bathroom environment', ""D. The object's pant legs""]",D,001621.png,choice,s1621
276,"['soft', 'rectangular shape', 'large size']","['bathroom', 'on counter', 'soap', 'tissue box', 'mirror']","['Background', 'Orientation']",Which feature best indicates the identity of the object on the counter in the bathroom?,"[""A. The object's large size"", 'B. The mirror', 'C. The soap', 'D. The tissue box']",A,000536.png,choice,s536
277,"['lens', 'USB cable', 'clipping mount']","['hand holding', 'shadow on wall', 'desk items', 'mounting arm']","['Co-occurring Objects', 'Background']",Which feature best indicates the identity of the object being held?,"['A. The hand holding it', 'B. The shadow on the wall', 'C. The desk items', 'D. The lens']",D,001228.png,choice,s1228
278,"['jar', 'fruit label', 'red content']","['leather couch', 'armrest', 'booklet', 'square shape']","['Background', 'Shape']",Which feature best indicates the identity of the object that is placed on the armrest?,"['A. The leather couch', 'B. The booklet', ""C. The object's fruit label"", 'D. The square shape']",C,001872.png,choice,s1872
279,"['landform', 'elevation', 'coastal setting']","['blurred perspective', 'water', 'distant shapes']","['Background', 'Perspective and Angle']",Which feature best indicates the identity of the object at the blurred distance?,"['A. The water', 'B. The distant shapes', 'C. The aquatic setting', 'D. The landform']",D,002130.png,choice,s2130
280,"['clasp', 'small size', 'metallic', 'circular shape']","['circular shape', 'metallic', 'single item', 'black background']","['Shape', 'Background']",Which feature best indicates the identity of the metallic object on the black background?,"['A. The absence of context', ""B. The object's clasp"", 'C. The black background', ""D. The object's circular shape""]",B,000297.png,choice,s297
281,"['small package', 'snack size', 'individual pieces']","['red box', 'text on box', 'near sink', 'rectangular shape', 'plug cord']","['Background', 'Colorization']",Which feature best indicates the identity of the object in the red box near the sink?,"['A. The snack size pieces', 'B. The plug cord', 'C. The rectangular shape', 'D. The text on the box']",A,000038.png,choice,s38
282,"['tight fit', 'stretchable fabric', 'long length']","['marble floor', 'folded shape', 'nearby colorful object']","['Background', 'Shape']",Which feature best indicates the identity of the object folded on the marble floor?,"['A. The marble floor', 'B. The nearby colorful object', 'C. The folded shape', ""D. The object's long length""]",D,001877.png,choice,s1877
283,"['slender', 'abrasive surface', 'small size', 'handle', 'pointed tip']","['metallic part', 'handle', 'hand holding', 'wooden floor', 'nearby magazine']","['Shape', 'Background']",Which feature best indicates the identity of the object being held in the hand?,"['A. The handle', 'B. The wooden floor', ""C. The object's abrasive surface"", 'D. The metallic part']",C,000409.png,choice,s409
284,"['flat surface', 'four legs', 'low height', 'rectangular shape']","['tipped over', 'tools', 'clothing', 'bright light']","['Background', 'Orientation']",Which feature best indicates the identity of the object that is tipped over in the cluttered room?,"['A. The tools', 'B. The clothing', ""C. The object's flat surface"", 'D. The bright light']",C,000300.png,choice,s300
285,"['sleeves', 'neck hole', 'fabric', 'logo', 'stripes']","['folded', 'hand holding', 'wooden floor', 'nearby furniture']","['Orientation', 'Background']",Which feature best indicates the identity of the object that is being held in the hand?,"['A. The wooden floor', 'B. The nearby furniture', 'C. The hand holding', ""D. The object's sleeves""]",D,000873.png,choice,s873
286,"['small size', 'distinctive fur', 'on a leash']","['motion blur', 'human figure', 'urban setting']","['Background', 'Orientation']",Which feature best indicates the identity of the small blurry object next to the human?,"['A. The motion blur', ""B. The human's clothing"", 'C. The urban setting', ""D. The object's small size""]",D,002072.png,choice,s2072
287,"['flat surface', 'circular shape', 'handle on top', 'metallic texture']","['text', 'inverted image', 'illustrative style', 'black and white']","['Background', 'Orientation']",Which feature best indicates the identity of the object with a handle on top?,"['A. The illustrative style', 'B. The inverted image', ""C. The object's flat surface"", 'D. The text']",C,002160.png,choice,s2160
288,"['metallic', 'small', 'pointed ends', 'held by hand']","['glue container', 'deodorant', 'shampoo bottle', 'cream jar', 'bathroom setting']","['Co-occurring Objects', 'Background']",Which feature best indicates the identity of the small metallic object held by hand?,"['A. The deodorant', 'B. The glue container', 'C. The shampoo bottle', 'D. The pointed ends']",D,000542.png,choice,s542
289,"['step shape', 'plastic material', 'small size']","['clothes on bed', 'cluttered room', 'horizontal orientation', 'carpet floor', 'bed nearby']","['Background', 'Orientation']",Which feature best indicates the identity of the small object near the bed?,"['A. The clothes on the bed', ""B. The object's step shape"", 'C. The carpet floor', 'D. The bed nearby']",B,001429.png,choice,s1429
290,"['dial', 'number mechanism', 'locking mechanism']","['zipper', 'handle', 'luggage shape', 'purple color', 'floor']","['Co-occurring Objects', 'Shape']",Which feature best indicates the identity of the object attached to the purple case?,"['A. The purple color', 'B. The dial', 'C. The zipper', 'D. The handle']",B,000281.png,choice,s281
291,"['bristles', 'long handle', 'cleaning tool']","['green lamp', 'sunflower tablecloth', 'paper towel', 'pack of cigarettes', 'pencil']","['Co-occurring Objects', 'Orientation']",Which feature best indicates the identity of the object being held?,"['A. The sunflower tablecloth', 'B. The paper towel', ""C. The object's bristles"", 'D. The green lamp']",C,001000.png,choice,s1000
292,"['elastic loop', 'small size', 'circular shape']","['held by hand', 'background text', 'shadows']","['Co-occurring Objects', 'Shape']",Which feature best indicates the identity of the small circular object held by the hand?,"['A. Background text', 'B. Shadows cast', 'C. Hand holding it', 'D. Its elastic loop']",D,001513.png,choice,s1513
293,"['collar', 'buttons', 'long sleeves']","['flattened', 'drying rack', 'near laundry', 'poster', 'trash bin']","['Background', 'Orientation']",Which feature best indicates the identity of the flattened object on the drying rack?,"['A. The drying rack', ""B. The object's collar and buttons"", 'C. The trash bin', 'D. The poster on the wall']",B,001167.png,choice,s1167
294,"['threads', 'needles', 'buttons', 'safety pins', 'container']","['bathtub', 'tiles', 'bathroom setting']","['Background', 'Co-occurring Objects']",Which feature best indicates the identity of the object placed on the bathtub?,"['A. The tiles', 'B. The threads and needles', 'C. The bathroom setting', 'D. The bathtub']",B,000646.png,choice,s646
295,"['bird shape', 'beak', 'feathers']","['motion blur', 'red color', 'green leaves', 'sky background']","['Background', 'Texture and Noise']",Which feature best indicates the identity of the object with motion blur among the green leaves and sky background?,"['A. Green leaves', 'B. Bird shape', 'C. Sky background', 'D. Red color']",B,002231.png,choice,s2231
296,"['compartments', 'labels', 'plastic material']","['kitchen counter', 'near coffee mug', 'near paper towel', 'held by hand', 'near sink']","['Background', 'Co-occurring Objects']",Which feature best indicates the identity of the object near the coffee mug?,"['A. The coffee mug', ""B. The object's compartments"", 'C. The paper towel', 'D. The kitchen counter']",B,001239.png,choice,s1239
297,"['large size', 'plastic material', 'flexible', 'durable']","['folded', 'garage door', 'concrete floor', 'shadow']","['Background', 'Shape']",Which feature best indicates the identity of the object that is folded in the garage?,"['A. The concrete floor', 'B. The shadow', ""C. The object's plastic material"", 'D. The garage door']",C,000032.png,choice,s32
298,"['waterproof material', 'long length', 'hood', 'sleeves']","['draped on chair', 'indoor setting', 'nearby furniture', 'shadows']","['Background', 'Orientation']",Which feature best indicates the identity of the object that is draped on the chair?,"['A. The indoor setting', ""B. The object's long length"", 'C. The nearby furniture', 'D. Shadows']",B,001226.png,choice,s1226
299,"['flat', 'rectangular', 'thin', 'paper material']","['red stool', 'multicolored cloth', 'electronic device', 'corded object', 'flower pattern']","['Background', 'Co-occurring Objects']",Which feature best indicates the identity of the object on the red stool?,"['A. The red stool', 'B. The multicolored cloth', ""C. The object's flat shape"", 'D. The flower pattern']",C,000424.png,choice,s424
300,"['bristles', 'handle', 'flat surface']","['drying rack', 'toilet', 'soap dispenser', 'sink']","['Background', 'Co-occurring Objects']",Which feature best indicates the identity of the object on the sink?,"['A. The toilet', 'B. The bristles', 'C. The drying rack', 'D. The soap dispenser']",B,000550.png,choice,s550
301,"['circular structure', 'handle', 'flat surface']","['upside-down', 'text', 'circular shape', 'illustration', 'decorative style']","['Orientation', 'Background']",Which feature best indicates the identity of the upside-down object with text?,"['A. The text', 'B. Illustration style', 'C. Circular shape', 'D. The handle']",D,002361.png,choice,s2361
302,"['indentations for eggs', 'rectangular shape', 'holds eggs', 'egg compartments']","['textured background', 'hand holding object', 'lace pattern', 'dark setting']","['Background', 'Perspective and Angle']",Which feature best indicates the identity of the object that is being held over a lace pattern?,"['A. The dark setting', 'B. The hand holding it', 'C. The lace pattern', ""D. The object's indentations for eggs""]",D,000472.png,choice,s472
303,"['rectangular shape', 'printed image', 'flat structure']","['pill bottles', 'bathroom items', 'granite countertop', 'mirror']","['Co-occurring Objects', 'Background']",Which feature best indicates the identity of the object being held in the hand?,"['A. Pill bottles', 'B. Bathroom items', 'C. Granite countertop', 'D. Printed image']",D,000438.png,choice,s438
304,"['handle', 'tip', 'cylindrical', 'wooden']","['textured surface', 'elongated shape', 'carpet', 'circular object']","['Background', 'Shape']",Which feature best indicates the identity of the object with an elongated shape on a textured surface?,"['A. The carpet', 'B. The textured surface', ""C. The object's handle"", 'D. The circular object']",C,002370.png,choice,s2370
305,"['contents', 'label', 'fruit imagery']","['bottle shape', 'couch', 'dark lighting', 'background']","['Shape', 'Background']",Which feature best indicates the identity of the object on the couch?,"['A. The couch', 'B. Dark lighting', ""C. The object's label"", 'D. The bottle shape']",C,001115.png,choice,s1115
306,"['table surface', 'supporting legs', 'solid structure']","['bath mat', 'towels', 'bathroom tiles', 'toilet', 'bathtub']","['Background', 'Co-occurring Objects']",Which feature best indicates the identity of the object placed in the bathroom?,"[""A. The object's table surface"", 'B. The towels', 'C. The bathtub', 'D. The bath mat']",A,001154.png,choice,s1154
307,"['ergonomic shape', 'click buttons', 'handheld size']","['carpet background', 'hand holding', 'black color']","['Background', 'Shape']",Which feature best indicates the identity of the object being held on the carpet?,"['A. The carpet background', ""B. The object's black color"", ""C. The object's ergonomic shape"", 'D. The hand holding the object']",C,000862.png,choice,s862
308,"['metal base', 'cord', 'handle']","['corded', 'lying flat', 'shadow', 'wooden surface']","['Orientation', 'Background']",Which feature best indicates the identity of the object that is lying flat on the wooden surface?,"[""A. The object's metal base"", 'B. The cord', 'C. The shadow', 'D. Wooden surface']",A,001404.png,choice,s1404
309,"['structured shape', 'specific design', 'zipper', 'handle', 'flat base']","['bag-like appearance', 'straps', 'fabric material', 'colorful design', 'resting on a seat']","['Background', 'Co-occurring Objects']",Which feature best indicates the identity of the object with a colorful design resting on a seat?,"['A. Straps', 'B. Nearby seat cover', 'C. Fabric material', 'D. Structured shape']",D,000833.png,choice,s833
310,"['digital display', 'slender probe', 'plastic body', 'pointed tip']","['kitchen setting', 'elongated form', 'metallic tip', 'held by hand', 'blue color']","['Background', 'Shape']",Which feature best indicates the identity of the object held in the hand?,"[""A. The object's elongated form"", 'B. The kitchen setting', 'C. The digital display', 'D. The metallic tip']",C,001081.png,choice,s1081
311,"['compact body', 'pointy ears', 'short muzzle', 'sturdy legs']","['illustrated style', 'on a mat', 'shadows', 'abstract lines']","['Background', 'Orientation']",Which feature best indicates the identity of the object illustrated on the mat?,"[""A. The object's pointy ears"", 'B. The shadows', 'C. The abstract lines', 'D. The mat']",A,002070.png,choice,s2070
312,"['slender body', 'green color', 'scales', 'elongated shape']","['blurry image', 'aquatic-like appearance', 'distorted shape', 'dark background']","['Background', 'Perspective and Angle']",Which feature best indicates the identity of the object with an elongated shape in the blurry image?,"['A. The dark background', 'B. The distorted shape', ""C. The object's green color"", 'D. The aquatic-like appearance']",C,002257.png,choice,s2257
313,"['cylindrical shape', 'open top', 'plastic material']","['nearby clothes', 'box', 'bed', 'curtain']","['Co-occurring Objects', 'Background']",Which feature best indicates the identity of the object near the bed?,"['A. The box', 'B. The nearby clothes', ""C. The object's cylindrical shape"", 'D. The curtain']",C,001028.png,choice,s1028
314,"['rugged design', 'laces', 'thick sole']","['indoor bathroom', 'carpet', 'toilet', 'tiles']","['Background', 'Co-occurring Objects']",Which feature best indicates the identity of the object that is being held above the carpet?,"[""A. The object's rugged design"", 'B. The toilet', 'C. The indoor tiles', 'D. The carpet']",A,000208.png,choice,s208
315,"['flat round blade', 'long handle', 'metallic surface']","['sack', 'ground texture', 'sideways orientation', 'feet', 'stone slab']","['Background', 'Orientation']",Which feature best indicates the identity of the object lying sideways on the stone slab?,"[""A. The object's flat round blade"", 'B. The feet', 'C. The sack', 'D. The ground texture']",A,000378.png,choice,s378
316,"['wet fur', 'natural environment', 'dog-like appearance']","['leash', 'water reflections', 'body shape']","['Co-occurring Objects', 'Background']",Which feature best indicates the identity of the object in the natural environment near the water?,"['A. Water reflections', 'B. Wet fur', 'C. Leash', 'D. Body shape']",B,002197.png,choice,s2197
317,"['shape', 'straps', 'sleeveless', 'single piece']","['yellow hanger', 'hanging', 'door', 'wall']","['Background', 'Orientation']",Which feature best indicates the identity of the object hanging on the door?,"['A. The door', 'B. The wall', 'C. The yellow hanger', ""D. The object's shape and straps""]",D,001133.png,choice,s1133
318,"['labeling', 'cap', 'plastic material', 'tubular shape']","['lying down', 'wooden floor']","['Orientation', 'Background']",Which feature best indicates the identity of the object lying down on the wooden floor?,"['A. The wooden floor', ""B. The object's position"", ""C. The object's cap"", ""D. The object's surroundings""]",C,000180.png,choice,s180
319,"['handle', 'folded canopy', 'metal ribs']","['horizontal placement', 'blue plastic stool', 'nearby red object', 'shadow']","['Background', 'Orientation']",Which feature best indicates the identity of the object that is horizontally placed near the blue plastic stool?,"[""A. The object's handle"", 'B. The nearby red object', 'C. The shadow on the floor', 'D. The blue plastic stool']",A,000014.png,choice,s14
320,"['compact size', 'sturdy structure', 'handle', 'zipper', 'black color']","['round item inside', 'white background', 'purple lid', 'bag-like shape', 'handle']","['Co-occurring Objects', 'Shape']",Which feature best indicates the identity of the object with a handle and a round item inside?,"['A. The purple lid', 'B. The compact size and sturdy structure', 'C. The white background', 'D. The bag-like shape']",B,001366.png,choice,s1366
321,"['rectangular shape', 'soft texture', 'cushioning']","['complex pattern', 'floor placement', 'nearby foot', 'wrinkle']","['Background', 'Texture and Noise']",Which feature best indicates the identity of the object that is on the floor with a complex pattern?,"['A. The floor placement', 'B. The nearby foot', ""C. The object's rectangular shape"", 'D. The wrinkle']",C,000535.png,choice,s535
322,"['flat', 'round shape', 'solid structure']","['hand holding', 'bathroom setting', 'sink', 'fingernails']","['Background', 'Co-occurring Objects']",Which feature best indicates the identity of the object that is being held near the sink?,"['A. The hand holding it', 'B. The sink', ""C. The object's flat, round shape"", 'D. The bathroom setting']",C,001072.png,choice,s1072
323,"['delicate wings', 'segmented body', 'thin legs', 'large eyes']","['linear body', 'wing patterns', 'position in center', 'thin and long body']","['Orientation', 'Shape']",Which feature best indicates the identity of the object with a linear and segmented body in the center?,"['A. Delicate wings', 'B. Fluffy fur', 'C. Boxer stance', 'D. Wedding suit']",A,002262.png,choice,s2262
324,"['rectangular shape', 'visible text', 'paper pages']","['paint can', 'tools', 'on bed', 'lighting']","['Co-occurring Objects', 'Background']",Which feature best indicates the identity of the object partially covering the paint can?,"[""A. The object's visible text"", 'B. The tools', 'C. The paint can', 'D. The bed']",A,001809.png,choice,s1809
325,"['small size', 'dual compartments', 'lid', 'rounded shape', 'flat base']","['cylindrical shape', 'dual compartments', 'plastic material', 'on a table', 'shadow']","['Shape', 'Background']",Which feature best indicates the identity of the object with dual compartments on the table?,"['A. The shadow', 'B. The cylindrical shape', 'C. Its small size', 'D. The plastic material']",C,001751.png,choice,s1751
326,"['thin pages', 'printed content', 'soft cover', 'flat']","['wooden floor', 'flat orientation', 'visible toes', 'shiny texture']","['Background', 'Orientation']",Which feature best indicates the identity of the object lying flat on the floor?,"[""A. The object's thin pages"", 'B. Visible toes', 'C. The shiny texture', 'D. The wooden floor']",A,000039.png,choice,s39
327,"['stick shape', 'held by hand', 'used for drumming']","['blurry background', 'bright colors', 'other instruments']","['Background', 'Co-occurring Objects']",Which feature best indicates the identity of the object being used to hit the drums?,"['A. The colorful background', 'B. The presence of other instruments', 'C. The stick shape', 'D. The bright colors']",C,002255.png,choice,s2255
328,"['small bird', 'dark body', 'white underparts', 'distinctive beak']","['perched on wire', 'hazy background', 'blurred image', 'overcast sky']","['Background', 'Perspective and Angle']",Which feature best indicates the identity of the object perched on the wire?,"[""A. The object's small bird structure"", 'B. The wiring', 'C. The overcast sky', 'D. The hazy background']",A,002178.png,choice,s2178
329,"['curved shape', 'emery surface', 'small size']","['patterned bed sheet', 'fabric textures', 'floral design', 'colorful patterns']","['Background', 'Texture and Noise']",Which feature best indicates the identity of the object that is on the bed sheet?,"['A. The floral design', 'B. The fabric textures', ""C. The object's curved shape"", 'D. The colorful patterns']",C,000610.png,choice,s610
330,"['large screen', 'rectangular shape', 'border frame']","['nearby items', 'dark reflection', 'pink bag', 'stacked books', 'angled view']","['Background', 'Lighting and Shadows']",Which feature best indicates the identity of the object with a dark reflection on its screen?,"[""A. The object's large screen"", 'B. The angled view', 'C. The pink bag', 'D. The stacked books']",A,000147.png,choice,s147
331,"['unique shape', 'detailed design', 'solid structure']","['vertical orientation', 'flat surface', 'circular mark']","['Background', 'Orientation']",Which feature best indicates the identity of the object standing vertically on the flat surface?,"[""A. The object's unique shape"", 'B. The flat surface', 'C. The circular mark', 'D. The background context']",A,001512.png,choice,s1512
332,"['elastic waistband', 'nylon fabric', 'short length']","['orange color', 'wooden floor', 'folded']","['Background', 'Orientation']",Which feature best indicates the identity of the object that is folded on the floor?,"['A. The unusual arrangement', ""B. The object's elastic waistband"", 'C. The orange color', 'D. The wooden floor']",B,000606.png,choice,s606
333,"['handle', 'spout', 'curved body']","['near sink', 'near soap bottles', 'tipped over']","['Background', 'Orientation']",Which feature best indicates the identity of the object that is tipped over near the sink?,"['A. The sink', 'B. The countertop', ""C. The object's handle"", 'D. The soap bottles']",C,001760.png,choice,s1760
334,"['soap texture', 'soap dish', 'oval shape', 'solid state']","['hair brush', 'marble surface', 'polka dot fabric', 'oval shape', 'pink container']","['Co-occurring Objects', 'Shape']",Which feature best indicates the identity of the object in the pink container?,"['A. The polka dot fabric', 'B. The oval shape', 'C. The marble surface', 'D. The hair brush']",B,000522.png,choice,s522
335,"['adjustable jaws', 'handle', 'solid metal', 'tool']","['nearby containers', 'dark background', 'cloth', 'tabletop']","['Background', 'Co-occurring Objects']",Which feature best indicates the identity of the object on the dark tabletop?,"[""A. The object's adjustable jaws"", 'B. The nearby containers', 'C. The cloth', 'D. The dark background']",A,000171.png,choice,s171
336,"['compartment structure', 'rectangular shape', 'small size']","['nearby blanket', 'soft surface', 'home setting', 'feet visible']","['Background', 'Co-occurring Objects']",Which feature best indicates the identity of the object on the couch?,"['A. The nearby blanket', ""B. The object's compartment structure"", 'C. The soft surface', 'D. The feet visible']",B,001262.png,choice,s1262
337,"['blade', 'handle', 'ergonomic design']","['purple color', 'near papers', 'near black object', 'on dirty surface']","['Colorization', 'Co-occurring Objects']",Which feature best indicates the identity of the purple object near papers?,"['A. The dirty surface', 'B. The purple color', 'C. The blade', 'D. The black object']",C,001493.png,choice,s1493
338,"['round base', 'long handle', 'flat bottom']","['bath mat', 'bathtub', 'curtain', 'bathroom setting']","['Background', 'Orientation']",Which feature best indicates the identity of the object that is lying on the bathroom floor?,"['A. The bathtub', ""B. The object's round base"", 'C. The bath mat', 'D. The bathroom curtain']",B,000163.png,choice,s163
339,"['flat surface', 'small size', 'transparent', 'octagonal shape', 'held by hand']","['octagonal shape', 'lighting', 'hand-held', 'floor tiles', 'shiny surface']","['Shape', 'Lighting and Shadows']",Which feature best indicates the identity of the object being held over the floor?,"[""A. The object's flat surface"", 'B. The lighting', 'C. The floor tiles', 'D. The octagonal shape']",A,001465.png,choice,s1465
340,"['handle', 'cylindrical shape', 'open top']","['nightstand', 'alarm clock', 'boxed item', 'remote control', 'coffee cup']","['Co-occurring Objects', 'Background']",Which feature best indicates the identity of the object near the alarm clock and remote control?,"['A. The boxed item', ""B. The object's handle"", 'C. The alarm clock', 'D. The nightstand']",B,000860.png,choice,s860
341,"['multiple pockets', 'zipper closure', 'compact size', 'handles', 'solid structure']","['compact size', 'zippers', 'room setting', 'nearby towel', 'lighting']","['Background', 'Shape']","Which feature best indicates the identity of the object being held, considering it is compact and has zippers?","['A. The lighting', 'B. The room setting', 'C. The zippers', 'D. The nearby towel']",C,001022.png,choice,s1022
342,"['long handle', 'large blade', 'solid structure', 'wooden handle', 'metal blade']","['upright orientation', 'nearby towel', 'bathroom setting', 'sink', 'cabinet']","['Background', 'Orientation']",Which feature best indicates the identity of the object that is upright in the bathroom?,"['A. The nearby towel', 'B. The cabinet', 'C. The bathroom sink', ""D. The object's long handle""]",D,000421.png,choice,s421
343,"['cap', 'label', 'liquid inside', 'transparent bottle']","['hand holding bottle', 'orange color', 'rectangular shape', 'indoor lighting', 'wooden floor']","['Co-occurring Objects', 'Colorization']",Which feature best indicates the identity of the object being held by the person?,"['A. The wooden floor', 'B. The rectangular shape', 'C. The orange color', 'D. The cap']",D,001448.png,choice,s1448
344,"['loaf shape', 'sliced parts', 'solid texture']","['mushroom shapes', 'textured surface', 'unusual orientation', 'vegetable on top']","['Co-occurring Objects', 'Orientation']",Which feature best indicates the identity of the object with a textured surface and sliced parts?,"['A. The mushrooms', 'B. The unusual orientation', 'C. The vegetable on top', ""D. The object's loaf shape""]",D,002170.png,choice,s2170
345,"['product label', 'handle', 'nozzle', 'bottle shape']","['sideways position', 'wooden backdrop', 'patterned floor']","['Orientation', 'Background']",Which feature best indicates the identity of the container that is sideways on the floor?,"['A. The product label', 'B. The wooden backdrop', 'C. The handle', 'D. The patterned floor']",A,000633.png,choice,s633
346,"['sharp edge', 'metal material', 'flat shape']","['nearby glasses', 'pointing hand', 'kitchen counter', 'horizontal position']","['Background', 'Orientation']",Which feature best indicates the identity of the object on the kitchen counter?,"[""A. The object's sharp edge"", 'B. The nearby glasses', 'C. The kitchen counter', 'D. The pointing hand']",A,000969.png,choice,s969
347,"['chuck', 'battery', 'ergonomic design']","['compact size', 'black and red color', 'shape']","['Relative Size', 'Colorization']",Which feature best indicates the identity of the object with a compact size and black and red color?,"[""A. The object's shape"", ""B. The object's chuck"", 'C. The floor pattern', ""D. The object's color""]",B,000665.png,choice,s665
348,"['cylindrical shape', 'metallic material', 'label indicating paint']","['generic container shape', 'similar size to household items', 'position on the floor']","['Shape', 'Relative Size']",Which feature best indicates the identity of the cylindrical object on the floor?,"['A. The color of the floor', 'B. The glossy label', 'C. The metallic material', ""D. The object's size""]",B,000725.png,choice,s725
349,"['small', 'rectangular', 'packaging', 'Dove label']","['colorful pattern', 'checkerboard', 'background', 'rectangle shape']","['Background', 'Shape']",What feature might lead the model to misclassify the object on the checkerboard background?,"['A. The small size', 'B. The rectangular shape', 'C. The background pattern', 'D. The Dove label']",C,001688.png,choice,s1688
350,"['rectangular shape', 'cardboard material', 'folded edges', 'solid structure']","['dim lighting', 'lying flat', 'near green wall', 'shadow']","['Background', 'Orientation']",Which feature best indicates the identity of the object lying flat near the green wall?,"['A. The shadow', 'B. The dim lighting', 'C. The green wall', ""D. The object's folded edges""]",D,000101.png,choice,s101
351,"['cover page', 'text', 'images']","['cushion', 'electrical cord', 'floor', 'desk']","['Background', 'Co-occurring Objects']",Which feature best indicates the identity of the object placed on the cushion?,"['A. The electrical cord', 'B. The cushion', 'C. The desk', ""D. The object's cover page""]",D,000734.png,choice,s734
352,"['checkered pattern', 'flat surface', 'square shape']","['toilet', 'shampoo bottle', 'bathroom', 'clothing', 'tiled floor']","['Background', 'Co-occurring Objects']",Which feature best indicates the identity of the object with a checkered pattern in the bathroom?,"['A. The shampoo bottle', 'B. The checkered pattern', 'C. The toilet', 'D. The tiled floor']",B,001360.png,choice,s1360
353,"['rectangular shape', 'holes on top', 'yellow label']","['similar containers', 'marble countertop', 'kitchen setting']","['Co-occurring Objects', 'Background']",Which feature best indicates the identity of the object that is rectangular with a yellow label?,"['A. Holes on top', 'B. Similar containers', 'C. Marble countertop', 'D. Kitchen setting']",A,001602.png,choice,s1602
354,"['camera lens', 'stand', 'mount', 'spherical body']","['cord', 'orange surface', 'nearby objects']","['Co-occurring Objects', 'Background']",Which feature best indicates the identity of the object with a cord on the orange surface?,"['A. The cord', ""B. The object's camera lens"", 'C. Nearby objects', 'D. The orange surface']",B,001906.png,choice,s1906
355,"['seating surface', 'backrest', 'legs', 'solid structure']","['tipped over', 'bath towel', 'bathroom', 'curtain']","['Background', 'Orientation']",Which feature best indicates the identity of the object that is tipped over near the bath towel?,"['A. The bathroom curtain', ""B. The object's legs"", 'C. The bathroom setting', 'D. The bath towel']",B,000843.png,choice,s843
356,"['hound shape', 'tracking posture', 'hound markings', 'ears', 'tail']","['tree', 'climbing', 'multiple animals', 'bark texture', 'ground vegetation']","['Background', 'Co-occurring Objects']",Which feature best indicates the identity of the animals climbing the tree?,"['A. The bark texture', ""B. The animals' hound shape"", 'C. The tree', 'D. Ground vegetation']",B,002166.png,choice,s2166
357,"['spacious interior', 'handle', 'fabric material']","['drawstrings', 'wrinkled fabric', 'gray floor']","['Co-occurring Objects', 'Texture and Noise']",Which feature best indicates the identity of the object being held in the hand?,"['A. The wrinkled fabric', 'B. The drawstrings', 'C. The gray floor', ""D. The object's spacious interior""]",D,001371.png,choice,s1371
358,"['texture', 'food context', 'dairy product']","['round shape', 'light color', 'on dark surface']","['Shape', 'Colorization']","Which feature best indicates the identity of the round, light-colored object on the dark surface?","[""A. The object's texture"", ""B. The object's round shape"", 'C. The dark surface', ""D. The object's color""]",A,001769.png,choice,s1769
359,"['game box', 'grid pattern', 'warning label']","['kitchen counter', 'coffee press', 'toaster', 'honey jar']","['Background', 'Co-occurring Objects']",Which feature best indicates the identity of the rectangular object on the kitchen counter?,"['A. The toaster', 'B. The honey jar', 'C. The coffee press', 'D. The grid pattern']",D,001505.png,choice,s1505
360,"['metallic', 'flat', 'small size']","['green can', 'dark setting', 'wooden surface']","['Co-occurring Objects', 'Lighting and Shadows']",Which feature best indicates the identity of the object next to the green can?,"['A. The green can', 'B. The wooden surface', 'C. The dark setting', 'D. The small metallic object']",D,001660.png,choice,s1660
361,"['printed text', 'paper material', 'rectangular shape', 'pages', 'thin']","['near sink', 'held in hand', 'bathroom items', 'cleaning products', 'mirrored surface']","['Background', 'Orientation']",Which feature best indicates the identity of the object being held near the sink?,"[""A. The object's printed text"", 'B. The cleaning products', 'C. The sink stopper', 'D. The mirrored surface']",A,000508.png,choice,s508
362,"['seat', 'backrest', 'four legs']","['standing lamp', 'window', 'shadow', 'carpet']","['Co-occurring Objects', 'Orientation']",Which feature best indicates the identity of the object near the window?,"['A. The shadow', 'B. The carpet', 'C. The standing lamp', ""D. The object's backrest""]",D,000546.png,choice,s546
363,"['muscular build', 'short tail', 'upright ears', 'four legs', 'distinct snout']","['simple lines', 'lack of detail', 'abstract shape', 'minimal shading', 'outline only']","['Texture and Noise', 'Orientation']",Which feature best indicates the identity of the outlined object with minimal detail?,"['A. Simple lines', 'B. Lack of detail', 'C. Abstract shape', 'D. Upright ears']",D,002346.png,choice,s2346
364,"['gripping tips', 'handle', 'metal structure']","['held in hand', 'patterned background', 'shadow']","['Background', 'Orientation']",Which feature best indicates the identity of the object that is held in hand with a patterned background?,"['A. The background pattern', 'B. The hand holding it', 'C. The shadow', 'D. The gripping tips']",D,001612.png,choice,s1612
365,"['flat', 'soft', 'thin paper', 'rectangular', 'patterned']","['near soap dispenser', 'bathroom sink', 'near hand towel', 'bathroom mirror']","['Background', 'Co-occurring Objects']",Which feature best indicates the identity of the object near the soap dispenser on the sink?,"['A. The soap dispenser', ""B. The object's thin paper structure"", 'C. The bathroom mirror', 'D. The bathroom sink']",B,001436.png,choice,s1436
366,"['long fur', 'small size', 'facial features', 'bow on head']","['black-and-white style', 'simplistic drawing', 'shape of bow', 'large ears']","['Texture and Noise', 'Co-occurring Objects']",Which feature best indicates the identity of the object with a bow on its head?,"['A. The recognizable facial features', 'B. The large ears', 'C. The shape of the bow', 'D. The black-and-white style']",A,002194.png,choice,s2194
367,"['fabric texture', 'hanging position', 'cleaning use']","['glasses', 'cleaning supplies', 'lighting', 'kitchen sink', 'countertop']","['Background', 'Lighting and Shadows']",Which feature best indicates the identity of the object hanging near the kitchen sink?,"['A. The fabric texture', 'B. The countertop', 'C. The lighting', 'D. The glasses']",A,000783.png,choice,s783
368,"['multiple sockets', 'power switch', 'rectangular shape']","['coiled cable', 'other electronics', 'wooden surface', 'black and red objects']","['Co-occurring Objects', 'Background']",Which feature best indicates the identity of the object with a coiled cable on the wooden surface?,"['A. Other electronics', 'B. Black and red objects', 'C. Wooden surface', 'D. Multiple sockets']",D,001786.png,choice,s1786
369,"['large size', 'distinct shape', 'thick fur']","['black color', 'grass', 'lighting']","['Background', 'Texture and Noise']",Which feature best indicates the identity of the object lying on the grass?,"['A. The black color', 'B. The grass', 'C. The lighting', 'D. The large size']",D,002256.png,choice,s2256
370,"['nozzle', 'flexible body', 'small size', 'lightweight', 'plastic material']","['cylindrical shape', 'colorful background', 'lying flat', 'patterned cloth', 'small object']","['Background', 'Shape']",Which feature best indicates the identity of the small object lying flat on the patterned cloth?,"['A. The colorful background', 'B. The patterned cloth', ""C. The object's cylindrical shape"", ""D. The object's nozzle""]",D,001758.png,choice,s1758
371,"['near water', 'boat storage', 'wooden structure', 'roof', 'support beams']","['wooden planks', 'bridge-like structure', 'hazy atmosphere', 'posts', 'water']","['Background', 'Perspective and Angle']",Which feature best indicates the identity of the structure near the water?,"['A. Wooden planks', 'B. Boat storage', 'C. Hazy atmosphere', 'D. Bridge-like structure']",B,002137.png,choice,s2137
372,"['door', 'control panel', 'handle', 'window']","['tilted orientation', 'nearby food packages', 'power outlet', 'orange wall']","['Background', 'Orientation']",Which feature best indicates the identity of the object that is tilted and near food packages?,"['A. Nearby food packages', 'B. The orange wall', ""C. The object's control panel"", 'D. Power outlet']",C,000455.png,choice,s455
373,"['open top', 'handle', 'cylindrical shape']","['blue color', 'plain floor', 'hand holding']","['Background', 'Colorization']",What feature helps identify the object held in the hand?,"['A. The plain floor', ""B. The object's handle"", 'C. The hand holding', 'D. The blue color']",B,000408.png,choice,s408
374,"['seating surface', 'metal legs', 'crossbar support', 'small size']","['bedroom setting', 'patterned rug', 'position near bed', 'small size', 'metal legs']","['Background', 'Orientation']",Which feature best indicates the identity of the object near the bed with metal legs?,"['A. The patterned rug', 'B. The bedroom setting', 'C. The bed', ""D. The object's seating surface""]",D,001672.png,choice,s1672
375,"['circular shape', 'flat surface', 'raised edge']","['bed covers', 'hand holding', 'pillow', 'checkered pattern']","['Background', 'Orientation']",Which feature best indicates the identity of the object being held over the bed covers?,"['A. The pillow', 'B. The bed covers', 'C. The checkered pattern', ""D. The object's circular shape""]",D,001880.png,choice,s1880
376,"['curved beak', 'long beak', 'beak ridges', 'avian feature']","['elongated shape', 'linear texture', 'detailed lines']","['Texture and Noise', 'Orientation']",Which feature best indicates the identity of the object with an elongated structure?,"['A. The elongated shape', ""B. The object's beak ridges"", 'C. The detailed lines', 'D. The linear texture']",B,002222.png,choice,s2222
377,"['adhesive material', 'flatness', 'circular shape']","['circular shape', 'plain background', 'shadow']","['Background', 'Shape']",Which feature best indicates the identity of the circular object on the plain background?,"[""A. The object's adhesive material"", 'B. The circular shape', 'C. The plain background', 'D. The shadow']",A,000716.png,choice,s716
378,"['shredded', 'mozzarella', 'provolone', 'nutritional facts']","['plastic bag', 'black countertop', 'kitchen setting', 'label']","['Background', 'Packaging']",Which feature best indicates the identity of the object on the black countertop?,"['A. The black countertop', ""B. The object's nutritional facts"", 'C. The plastic bag', 'D. The kitchen setting']",B,000625.png,choice,s625
379,"['L-shaped design', 'sturdy base', 'decorative element']","['handle-like structure', 'decorative elephant', 'table surface', 'cat tree', 'fireplace']","['Shape', 'Co-occurring Objects']",Which feature best indicates the identity of the object with a decorative elephant?,"['A. The table surface', 'B. The handle-like structure', 'C. The cat tree', 'D. The L-shaped design']",D,001680.png,choice,s1680
380,"['soft material', 'typical shape', 'belt loops']","['folded state', 'patterned blanket', 'horizontal orientation', 'nearby cables']","['Background', 'Orientation']",Which feature best indicates the identity of the folded object on the blanket?,"['A. The horizontal orientation', 'B. The patterned blanket', 'C. The nearby cables', ""D. The object's soft material""]",D,001628.png,choice,s1628
381,"['cushion-like structure', 'softness', 'rectangular shape']","['floor tiles', 'holding by hand', 'near table leg']","['Background', 'Shape']",Which feature best indicates the identity of the object being held near the table leg?,"['A. Its cushion-like structure', 'B. Holding by hand', 'C. The floor tiles', 'D. The table leg']",A,001784.png,choice,s1784
382,"['buttons', 'rectangular shape', 'handheld', 'black color']","['blur', 'carpet', 'hand-held']","['Background', 'Texture and Noise']",Which feature best indicates the identity of the handheld object on the carpet?,"['A. The hand holding it', ""B. The object's buttons"", 'C. The carpet', 'D. The blur']",B,000466.png,choice,s466
383,"['green spiky skin', 'white interior', 'seeds']","['blurring effect', 'spoon', 'plate design', 'yellow background']","['Background', 'Texture and Noise']",Which feature best indicates the identity of the object on the plate despite the blurring effect?,"['A. The spoon', 'B. The plate design', ""C. The object's green spiky skin"", 'D. The yellow background']",C,002278.png,choice,s2278
384,"['clasp', 'needle', 'metal loop']","['long shape', 'metallic', 'thin structure']","['Shape', 'Colorization']",Which feature best indicates the identity of the metallic object held between fingers?,"['A. The thin structure', 'B. The metallic material', 'C. The long shape', 'D. The clasp and needle']",D,000048.png,choice,s48
385,"['adjustable head', 'metallic body', 'handle', 'grip']","['hand', 'couch', 'positioned vertically', 'soft background']","['Background', 'Orientation']",Which feature best indicates the identity of the object being held by a hand on a couch?,"['A. The hand', ""B. The object's adjustable head"", 'C. The couch', 'D. The soft background']",B,001351.png,choice,s1351
386,"['hollow core', 'paper remnants', 'cylindrical shape']","['nearby sink', 'granite countertop', 'cylindrical shape', 'water droplets']","['Co-occurring Objects', 'Shape']",Which feature best indicates the identity of the cylindrical object near the sink?,"['A. The hollow core', 'B. The granite countertop', 'C. The nearby sink', 'D. Water droplets']",A,000395.png,choice,s395
387,"['fabric', 'covers bed', 'soft texture']","['folded', 'nearby container', 'colorful patterns', 'bed setting']","['Co-occurring Objects', 'Colorization']",Which feature best indicates the identity of the object with colorful patterns on the bed?,"['A. The bed setting', 'B. The container', 'C. The fabric', 'D. The pillows']",C,000816.png,choice,s816
388,"['flat surface', 'slots', 'handle']","['reflective surface', 'rounded shape', 'metallic appearance', 'background papers']","['Shape', 'Background']",Which feature best indicates the identity of the object with a reflective surface?,"['A. Its handle and slots', 'B. Its rounded shape', 'C. Its reflective surface', 'D. The background papers']",A,000672.png,choice,s672
389,"['small size', 'decorative design', 'metallic']","['blue surface', 'textured background', 'circular patterns']","['Background', 'Relative Size']",Which feature best indicates the identity of the small decorative object on the blue surface?,"[""A. The object's metallic material"", 'B. The blue surface', 'C. The circular patterns', 'D. The textured background']",A,000570.png,choice,s570
390,"['small size', 'attachment mechanism', 'delicate design']","['fabric surface', 'intricate design', 'flat position', 'near edge', 'background']","['Background', 'Shape']",Which feature best indicates the identity of the object on the fabric surface?,"['A. The small size', 'B. The flat position', 'C. The background', 'D. The intricate design']",A,001770.png,choice,s1770
391,"['multiple tools', 'compact', 'foldable', 'metal parts', 'wooden handle']","['countertop', 'metallic parts', 'lighting', 'hand holding']","['Background', 'Shape']",Which feature best indicates the identity of the object held in hand on the countertop?,"['A. The countertop', 'B. The lighting', 'C. The metallic parts', 'D. The multiple tools']",D,000142.png,choice,s142
392,"['sleeves', 'buttons', 'collar', 'fabric', 'white color']","['draped over sink', 'toothbrushes', 'soap dispensers', 'bathroom', 'mirror']","['Background', 'Orientation']",Which feature best indicates the identity of the object that is draped over the sink?,"['A. The bathroom mirror', ""B. The object's sleeves"", 'C. The toothbrushes', 'D. The soap dispensers']",B,001980.png,choice,s1980
393,"['transparent body', 'lid', 'cylindrical shape']","['bathroom sink', 'water faucet', 'nearby soap', 'white tiles', 'drain']","['Background', 'Co-occurring Objects']",Which feature best indicates the identity of the object placed next to the water faucet?,"['A. The bathroom sink', ""B. The object's transparent body"", 'C. The water faucet', 'D. White tiles']",B,001583.png,choice,s1583
394,"['fur', 'ears', 'tail', 'nose', 'paws']","['monochrome coloring', 'posture', 'outline', 'shading']","['Colorization', 'Orientation']",Which feature best indicates the identity of the object with monochrome coloring and a distinct posture?,"['A. Book-shaped outline', 'B. Monochrome shading', 'C. Distinct fur pattern', 'D. Bow tie shape']",C,002308.png,choice,s2308
395,"['cushioning', 'shape', 'size', 'material']","['folded state', 'printed design', 'fabric texture', 'background']","['Texture and Noise', 'Background']",Which feature best indicates the identity of the object that is folded with a printed design?,"['A. Printed design', 'B. Folded state', 'C. Cushioning', 'D. Fabric texture']",C,000719.png,choice,s719
396,"['serrated blade', 'long handle', 'metal blade']","['toothbrush', 'hair product', 'bathroom counter', 'electrical outlet']","['Co-occurring Objects', 'Background']",Which feature best indicates the identity of the object placed next to the toothbrush on the counter?,"['A. The hair product', ""B. The object's serrated blade"", 'C. The toothbrush', 'D. The electrical outlet']",B,001313.png,choice,s1313
397,"['stapler mechanism', 'pressing handle', 'staple slot']","['small size', 'blue color', 'metallic parts']","['Colorization', 'Relative Size']",Which feature best indicates the identity of the small blue object with metallic parts?,"['A. The blue color', 'B. The metallic parts', 'C. The small size', 'D. The staple slot']",D,001043.png,choice,s1043
398,"['flat surface', 'raised edges', 'rectangular shape']","['bathroom setting', 'plumbing pipes', 'mat', 'orientation']","['Background', 'Orientation']",Which feature best indicates the identity of the object placed on the mat?,"['A. The mat', 'B. The plumbing pipes', 'C. The bathroom setting', ""D. The object's raised edges""]",D,000818.png,choice,s818
399,"['screen', 'display content', 'flat surface']","['keyboard', 'laptop body', 'bed', 'blanket', 'background objects']","['Co-occurring Objects', 'Background']",Which feature best indicates the identity of the object displaying a website?,"['A. The laptop body', ""B. The object's flat surface"", 'C. The bed', 'D. The keyboard']",B,001391.png,choice,s1391
